{
"__comment": "Designed by Roddan with BDcraft Cubik PRO 0.93 Beta - http://bdcraft.net",
"textures": {
    "particle": "blocks/Big_Buck",
    "texture": "blocks/Big_Buck"
},
"elements": [ 
{
    "from": [ 5, 1, 7 ],
    "to": [ 11, 1.5, 10.5 ],
    "faces": {
        "down":  { "uv": [ 5, 14.5, 11, 15 ], "texture": "#texture" },
        "up":    { "uv": [ 5, 14.5, 11, 15 ], "texture": "#texture" },
        "north": { "uv": [ 5, 14.5, 11, 15 ], "texture": "#texture" },
        "south": { "uv": [ 5, 14.5, 11, 15 ], "texture": "#texture" },
        "west":  { "uv": [ 7, 14.5, 10.5, 15 ], "texture": "#texture" },
        "east":  { "uv": [ 5.5, 14.5, 9, 15 ], "texture": "#texture" }
    }
},
{
    "from": [ 6.5, 1.5, 7.5 ],
    "to": [ 9.5, 2.5, 11 ],
    "faces": {
        "down":  { "uv": [ 6, 14.5, 6.5, 14 ], "texture": "#texture" },
        "up":    { "uv": [ 6, 14, 6.5, 14.5 ], "texture": "#texture" },
        "north": { "uv": [ 6, 14, 6.5, 14.5 ], "texture": "#texture" },
        "south": { "uv": [ 6, 14.5, 6.5, 14 ], "texture": "#texture" },
        "west":  { "uv": [ 6, 14, 6.5, 14.5 ], "texture": "#texture" },
        "east":  { "uv": [ 6.5, 14, 6, 14.5 ], "texture": "#texture" }
    }
},
{
    "from": [ 3.5, 2, 7 ],
    "to": [ 12.5, 6.5, 10 ],
    "faces": {
        "up":    { "uv": [ 3.5, 7, 12.5, 10 ], "texture": "#texture" },
        "north": { "uv": [ 3.5, 9.5, 12.5, 14 ], "texture": "#texture" },
        "south": { "uv": [ 3.5, 9.5, 12.5, 14 ], "texture": "#texture" },
        "west":  { "uv": [ 1.5, 9.5, 4.5, 14 ], "texture": "#texture" },
        "east":  { "uv": [ 11.5, 9.5, 14.5, 14 ], "texture": "#texture" }
    }
},
{
    "from": [ 6, 2.5, 10 ],
    "to": [ 10, 6.5, 11 ],
    "faces": {
        "down":  { "uv": [ 10, 13.5, 6, 13 ], "texture": "#texture" },
        "up":    { "uv": [ 6, 10, 10, 10.5 ], "texture": "#texture" },
        "south": { "uv": [ 6, 9.5, 10, 13.5 ], "texture": "#texture" },
        "west":  { "uv": [ 10, 9.5, 11, 13.5 ], "texture": "#texture" },
        "east":  { "uv": [ 5, 9.5, 6, 13.5 ], "texture": "#texture" }
    }
},
{
    "from": [ 4.5, 2, 10 ],
    "to": [ 11.5, 6.5, 10.5 ],
    "faces": {
        "south": { "uv": [ 4.5, 9.5, 11.5, 14 ], "texture": "#texture" },
        "west":  { "uv": [ 10, 9.5, 10.5, 14 ], "texture": "#texture" },
        "east":  { "uv": [ 5.5, 9.5, 6, 14 ], "texture": "#texture" }
    }
},
{
    "from": [ 2, 1.5, 7 ],
    "to": [ 14, 2, 10 ],
    "faces": {
        "down":  { "uv": [ 2, 14, 14, 14.5 ], "texture": "#texture" },
        "up":    { "uv": [ 2, 14, 14, 14.5 ], "texture": "#texture" },
        "north": { "uv": [ 2, 14, 14, 14.5 ], "texture": "#texture" },
        "south": { "uv": [ 2, 14, 14, 14.5 ], "texture": "#texture" },
        "west":  { "uv": [ 7, 14, 10, 14.5 ], "texture": "#texture" },
        "east":  { "uv": [ 6, 14, 9, 14.5 ], "texture": "#texture" }
    }
},
{
    "from": [ 4, 1.5, 10 ],
    "to": [ 12, 2, 10.5 ],
    "faces": {
        "down":  { "uv": [ 4, 14, 12, 14.5 ], "texture": "#texture" },
        "up":    { "uv": [ 4, 14, 12, 14.5 ], "texture": "#texture" },
        "south": { "uv": [ 4, 14, 12, 14.5 ], "texture": "#texture" },
        "west":  { "uv": [ 10, 14, 10.5, 14.5 ], "texture": "#texture" },
        "east":  { "uv": [ 5.5, 14, 6, 14.5 ], "texture": "#texture" }
    }
},
{
    "from": [ 1.5, 2, 7 ],
    "to": [ 14.5, 6.5, 9 ],
    "faces": {
        "up":    { "uv": [ 1.5, 9.5, 14.5, 10 ], "texture": "#texture" },
        "north": { "uv": [ 1.5, 9.5, 14.5, 14 ], "texture": "#texture" },
        "south": { "uv": [ 1.5, 9.5, 14.5, 14 ], "texture": "#texture" },
        "west":  { "uv": [ 1.5, 9.5, 2, 14 ], "texture": "#texture" },
        "east":  { "uv": [ 1.5, 9.5, 2, 14 ], "texture": "#texture" }
    }
},
{
    "from": [ 3.5, 2, 10 ],
    "to": [ 4.5, 4, 10.5 ],
    "faces": {
        "down":  { "uv": [ 3.5, 12.5, 4.5, 13 ], "texture": "#texture" },
        "up":    { "uv": [ 3.5, 12, 4.5, 12.5 ], "texture": "#texture" },
        "south": { "uv": [ 3.5, 12, 4.5, 14 ], "texture": "#texture" },
        "west":  { "uv": [ 3.5, 12, 4, 14 ], "texture": "#texture" }
    }
},
{
    "from": [ 11.5, 2, 10 ],
    "to": [ 12.5, 4, 10.5 ],
    "faces": {
        "down":  { "uv": [ 11.5, 13.5, 12.5, 14 ], "texture": "#texture" },
        "up":    { "uv": [ 11.5, 12, 12.5, 12.5 ], "texture": "#texture" },
        "south": { "uv": [ 11.5, 12, 12.5, 14 ], "texture": "#texture" },
        "east":  { "uv": [ 11.5, 12, 12, 14 ], "texture": "#texture" }
    }
},
{
    "from": [ 12.5, 2, 9 ],
    "to": [ 14, 5, 10 ],
    "faces": {
        "up":    { "uv": [ 12.5, 11, 14, 11.5 ], "texture": "#texture" },
        "south": { "uv": [ 12.5, 11, 14, 14 ], "texture": "#texture" },
        "east":  { "uv": [ 13.5, 11, 14, 14 ], "texture": "#texture" }
    }
},
{
    "from": [ 2, 2, 9 ],
    "to": [ 3.5, 5, 10 ],
    "faces": {
        "up":    { "uv": [ 2, 10.5, 3.5, 11 ], "texture": "#texture" },
        "south": { "uv": [ 2, 11, 3.5, 14 ], "texture": "#texture" },
        "west":  { "uv": [ 2, 11, 2.5, 14 ], "texture": "#texture" }
    }
},
{
    "from": [ 2, 1, 7 ],
    "to": [ 14, 1.5, 9.5 ],
    "faces": {
        "down":  { "uv": [ 2, 14.5, 14, 15 ], "texture": "#texture" },
        "north": { "uv": [ 2, 14.5, 14, 15 ], "texture": "#texture" },
        "south": { "uv": [ 2, 14.5, 14, 15 ], "texture": "#texture" },
        "west":  { "uv": [ 7, 14.5, 9.5, 15 ], "texture": "#texture" },
        "east":  { "uv": [ 6.5, 14.5, 9, 15 ], "texture": "#texture" }
    }
},
{
    "from": [ 3.5, 1, 9.5 ],
    "to": [ 12.5, 1.5, 10 ],
    "faces": {
        "down":  { "uv": [ 4.5, 14.5, 13.5, 15 ], "texture": "#texture" },
        "south": { "uv": [ 3.5, 14.5, 12.5, 15 ], "texture": "#texture" },
        "west":  { "uv": [ 9.5, 14.5, 10, 15 ], "texture": "#texture" },
        "east":  { "uv": [ 6, 14.5, 6.5, 15 ], "texture": "#texture" }
    }
},
{
    "from": [ 1.5, 1.5, 7 ],
    "to": [ 14.5, 2, 9 ],
    "faces": {
        "down":  { "uv": [ 1.5, 14, 14.5, 14.5 ], "texture": "#texture" },
        "north": { "uv": [ 1.5, 14, 14.5, 14.5 ], "texture": "#texture" },
        "south": { "uv": [ 1.5, 14, 14.5, 14.5 ], "texture": "#texture" },
        "west":  { "uv": [ 7, 14, 9, 14.5 ], "texture": "#texture" },
        "east":  { "uv": [ 7, 14, 9, 14.5 ], "texture": "#texture" }
    }
},
{
    "from": [ 2, 5, 9.5 ],
    "to": [ 3, 6, 10 ],
    "faces": {
        "up":    { "uv": [ 2, 9.5, 3, 10 ], "texture": "#texture" },
        "south": { "uv": [ 2, 10, 3, 11 ], "texture": "#texture" },
        "west":  { "uv": [ 5, 10, 5.5, 11 ], "texture": "#texture" },
        "east":  { "uv": [ 13, 10, 13.5, 11 ], "texture": "#texture" }
    }
},
{
    "from": [ 13, 5, 9.5 ],
    "to": [ 14, 6, 10 ],
    "faces": {
        "up":    { "uv": [ 13, 9.5, 14, 10 ], "texture": "#texture" },
        "south": { "uv": [ 13, 10, 14, 11 ], "texture": "#texture" },
        "west":  { "uv": [ 9.5, 10, 10, 11 ], "texture": "#texture" },
        "east":  { "uv": [ 6.5, 10, 7, 11 ], "texture": "#texture" }
    }
},
{
    "from": [ 12.5, 5, 9 ],
    "to": [ 14, 7, 9.5 ],
    "faces": {
        "up":    { "uv": [ 12.5, 9, 14, 9.5 ], "texture": "#texture" },
        "north": { "uv": [ 12.5, 9, 14, 11 ], "texture": "#texture" },
        "south": { "uv": [ 12.5, 9, 14, 11 ], "texture": "#texture" },
        "west":  { "uv": [ 12.5, 9, 13, 11 ], "texture": "#texture" },
        "east":  { "uv": [ 13.5, 9, 14, 11 ], "texture": "#texture" }
    }
},
{
    "from": [ 2, 5, 9 ],
    "to": [ 3.5, 7, 9.5 ],
    "faces": {
        "up":    { "uv": [ 2, 9, 3.5, 9.5 ], "texture": "#texture" },
        "north": { "uv": [ 2, 9, 3.5, 11 ], "texture": "#texture" },
        "south": { "uv": [ 2, 9, 3.5, 11 ], "texture": "#texture" },
        "west":  { "uv": [ 2, 9, 2.5, 11 ], "texture": "#texture" },
        "east":  { "uv": [ 3, 9, 3.5, 11 ], "texture": "#texture" }
    }
},
{
    "from": [ 7, 3, 11 ],
    "to": [ 9, 4, 12.5 ],
    "faces": {
        "down":  { "uv": [ 7, 12.5, 9, 13 ], "texture": "#texture" },
        "up":    { "uv": [ 7, 12, 9, 12.5 ], "texture": "#texture" },
        "south": { "uv": [ 7, 12, 9, 13 ], "texture": "#texture" },
        "west":  { "uv": [ 7, 12, 7.5, 13 ], "texture": "#texture" },
        "east":  { "uv": [ 8.5, 12, 9, 13 ], "texture": "#texture" }
    }
},
{
    "from": [ 7.5, 2.5, 11 ],
    "to": [ 8.5, 3, 12.5 ],
    "faces": {
        "down":  { "uv": [ 8.5, 12.5, 7.5, 12 ], "texture": "#texture" },
        "south": { "uv": [ 7.5, 13, 8.5, 13.5 ], "texture": "#texture" },
        "west":  { "uv": [ 7.5, 13, 8, 13.5 ], "texture": "#texture" },
        "east":  { "uv": [ 8, 13, 8.5, 13.5 ], "texture": "#texture" }
    }
},
{
    "from": [ 7, 4, 11 ],
    "to": [ 9, 4.5, 12 ],
    "faces": {
        "up":    { "uv": [ 7, 11.5, 9, 12 ], "texture": "#texture" },
        "south": { "uv": [ 7, 11.5, 9, 12 ], "texture": "#texture" },
        "west":  { "uv": [ 7, 11.5, 7.5, 12 ], "texture": "#texture" },
        "east":  { "uv": [ 8.5, 11.5, 9, 12 ], "texture": "#texture" }
    }
},
{
    "from": [ 7.5, 3.5, 11 ],
    "to": [ 8.5, 5, 11.5 ],
    "faces": {
        "down":  { "uv": [ 8.5, 12.5, 7.5, 12 ], "texture": "#texture" },
        "south": { "uv": [ 7.5, 11, 8.5, 12.5 ], "texture": "#texture" },
        "west":  { "uv": [ 7.5, 11, 8, 12.5 ], "texture": "#texture" },
        "east":  { "uv": [ 8, 11, 8.5, 12.5 ], "texture": "#texture" }
    }
},
{
    "from": [ 7, 5, 10.5 ],
    "to": [ 9, 5.5, 11.5 ],
    "faces": {
        "down":  { "uv": [ 7, 10.5, 9, 11 ], "texture": "#texture" },
        "up":    { "uv": [ 7, 10.5, 9, 11 ], "texture": "#texture" },
        "south": { "uv": [ 7, 10.5, 9, 11 ], "texture": "#texture" },
        "west":  { "uv": [ 7, 10.5, 8, 11 ], "texture": "#texture" },
        "east":  { "uv": [ 7, 10.5, 8, 11 ], "texture": "#texture" }
    }
},
{
    "from": [ 7.5, 6, 10.5 ],
    "to": [ 8.5, 7, 12 ],
    "faces": {
        "down":  { "uv": [ 7.5, 9.5, 8.5, 10 ], "texture": "#texture" },
        "up":    { "uv": [ 7.5, 9, 8.5, 9.5 ], "texture": "#texture" },
        "north": { "uv": [ 7.5, 9, 8.5, 10 ], "texture": "#texture" },
        "south": { "uv": [ 7.5, 9, 8.5, 10 ], "texture": "#texture" },
        "west":  { "uv": [ 7.5, 9, 8.5, 10 ], "texture": "#texture" },
        "east":  { "uv": [ 7.5, 9, 8.5, 10 ], "texture": "#texture" }
    }
},
{
    "from": [ 7.5, 7, 11 ],
    "to": [ 8.5, 7.5, 11.5 ],
    "faces": {
        "up":    { "uv": [ 7.5, 8.5, 8.5, 9 ], "texture": "#texture" },
        "south": { "uv": [ 7.5, 8.5, 8.5, 9 ], "texture": "#texture" },
        "west":  { "uv": [ 7.5, 8.5, 8, 9 ], "texture": "#texture" },
        "east":  { "uv": [ 8, 8.5, 8.5, 9 ], "texture": "#texture" }
    }
},
{
    "from": [ 7, 7, 10.5 ],
    "to": [ 9, 7.5, 11 ],
    "faces": {
        "up":    { "uv": [ 7, 8.5, 9, 9 ], "texture": "#texture" },
        "south": { "uv": [ 7, 8.5, 9, 9 ], "texture": "#texture" },
        "west":  { "uv": [ 7, 8.5, 7.5, 9 ], "texture": "#texture" },
        "east":  { "uv": [ 8.5, 8.5, 9, 9 ], "texture": "#texture" }
    }
},
{
    "from": [ 7, 6, 10.5 ],
    "to": [ 9, 7, 11.5 ],
    "faces": {
        "down":  { "uv": [ 7, 9.5, 9, 10 ], "texture": "#texture" },
        "up":    { "uv": [ 7, 9, 9, 9.5 ], "texture": "#texture" },
        "north": { "uv": [ 7, 9, 9, 10 ], "texture": "#texture" },
        "south": { "uv": [ 7, 9, 9, 10 ], "texture": "#texture" },
        "west":  { "uv": [ 7, 9, 8, 10 ], "texture": "#texture" },
        "east":  { "uv": [ 8, 9, 9, 10 ], "texture": "#texture" }
    }
},
{
    "from": [ 3.5, 6.5, 7 ],
    "to": [ 12.5, 8, 9.5 ],
    "faces": {
        "up":    { "uv": [ 3.5, 7, 12.5, 9.5 ], "texture": "#texture" },
        "south": { "uv": [ 3.5, 8, 12.5, 9.5 ], "texture": "#texture" },
        "west":  { "uv": [ 2.5, 9.5, 5, 11 ], "texture": "#texture" },
        "east":  { "uv": [ 10.5, 9.5, 13, 11 ], "texture": "#texture" }
    }
},
{
    "from": [ 4.5, 6.5, 10 ],
    "to": [ 11.5, 8, 10.5 ],
    "faces": {
        "south": { "uv": [ 4.5, 8, 11.5, 9.5 ], "texture": "#texture" },
        "west":  { "uv": [ 4.5, 8, 5, 9.5 ], "texture": "#texture" },
        "east":  { "uv": [ 11, 8, 11.5, 9.5 ], "texture": "#texture" }
    }
},
{
    "from": [ 4, 6.5, 9.5 ],
    "to": [ 12, 8, 10 ],
    "faces": {
        "south": { "uv": [ 4, 8, 12, 9.5 ], "texture": "#texture" },
        "west":  { "uv": [ 4, 8, 4.5, 9.5 ], "texture": "#texture" },
        "east":  { "uv": [ 11.5, 8, 12, 9.5 ], "texture": "#texture" }
    }
},
{
    "from": [ 2, 6.5, 7 ],
    "to": [ 3.5, 8, 9 ],
    "faces": {
        "north": { "uv": [ 12.5, 8, 14, 9.5 ], "texture": "#texture" },
        "south": { "uv": [ 2, 8, 3.5, 9.5 ], "texture": "#texture" },
        "west":  { "uv": [ 2, 12.5, 4, 14 ], "texture": "#texture" }
    }
},
{
    "from": [ 12.5, 6.5, 7 ],
    "to": [ 14, 8, 9 ],
    "faces": {
        "north": { "uv": [ 2, 8, 3.5, 9.5 ], "texture": "#texture" },
        "south": { "uv": [ 12.5, 8, 14, 9.5 ], "texture": "#texture" },
        "east":  { "uv": [ 12, 12.5, 14, 14 ], "texture": "#texture" }
    }
},
{
    "from": [ 11.5, 2.5, 10 ],
    "to": [ 13.5, 4.5, 10.5 ],
    "faces": {
        "down":  { "uv": [ 11.5, 13, 13.5, 13.5 ], "texture": "#texture" },
        "up":    { "uv": [ 11.5, 11.5, 13.5, 12 ], "texture": "#texture" },
        "north": { "uv": [ 11.5, 11.5, 13.5, 13.5 ], "texture": "#texture" },
        "south": { "uv": [ 11.5, 11.5, 13.5, 13.5 ], "texture": "#texture" },
        "east":  { "uv": [ 13, 11.5, 13.5, 13.5 ], "texture": "#texture" }
    }
},
{
    "from": [ 2.5, 2.5, 10 ],
    "to": [ 4.5, 4.5, 10.5 ],
    "faces": {
        "down":  { "uv": [ 2.5, 13, 4.5, 13.5 ], "texture": "#texture" },
        "up":    { "uv": [ 2.5, 11.5, 4.5, 12 ], "texture": "#texture" },
        "north": { "uv": [ 2.5, 11.5, 4.5, 13.5 ], "texture": "#texture" },
        "south": { "uv": [ 2.5, 11.5, 4.5, 13.5 ], "texture": "#texture" },
        "west":  { "uv": [ 2.5, 11.5, 3, 13.5 ], "texture": "#texture" }
    }
},
{
    "from": [ 5.5, 5, 10 ],
    "to": [ 6, 6, 11 ],
    "faces": {
        "down":  { "uv": [ 10.5, 11, 10, 10 ], "texture": "#texture" },
        "up":    { "uv": [ 5.5, 10, 6, 11 ], "texture": "#texture" },
        "south": { "uv": [ 5.5, 10, 6, 11 ], "texture": "#texture" },
        "west":  { "uv": [ 10, 10, 11, 11 ], "texture": "#texture" }
    }
},
{
    "from": [ 10, 5, 10 ],
    "to": [ 10.5, 6, 11 ],
    "faces": {
        "down":  { "uv": [ 6, 11, 5.5, 10 ], "texture": "#texture" },
        "up":    { "uv": [ 10, 10, 10.5, 11 ], "texture": "#texture" },
        "south": { "uv": [ 10, 10, 10.5, 11 ], "texture": "#texture" },
        "east":  { "uv": [ 5, 10, 6, 11 ], "texture": "#texture" }
    }
},
{
    "from": [ 3, 6.5, 0 ],
    "to": [ 13, 8, 7 ],
    "faces": {
        "down":  { "uv": [ 5, 1, 5.5, 1.5 ], "texture": "#texture" },
        "up":    { "uv": [ 5, 0.5, 5.5, 1 ], "texture": "#texture" },
        "north": { "uv": [ 5, 0.5, 5.5, 2 ], "texture": "#texture", "cullface": "north" },
        "south": { "uv": [ 5, 0.5, 5.5, 2 ], "texture": "#texture" },
        "west":  { "uv": [ 5, 0.5, 5.5, 2 ], "texture": "#texture" },
        "east":  { "uv": [ 5, 0.5, 5.5, 2 ], "texture": "#texture" }
    }
},
{
    "from": [ 7, 12, 8 ],
    "to": [ 9, 15, 9.5 ],
    "faces": {
        "down":  { "uv": [ 7.5, 2.5, 8.5, 3 ], "texture": "#texture" },
        "up":    { "uv": [ 7.5, 1, 8.5, 1.5 ], "texture": "#texture" },
        "north": { "uv": [ 7.5, 1, 8, 4 ], "texture": "#texture" },
        "south": { "uv": [ 7.5, 1, 8, 4 ], "texture": "#texture" },
        "west":  { "uv": [ 8, 1, 8.5, 4 ], "texture": "#texture" },
        "east":  { "uv": [ 8, 1, 8.5, 4 ], "texture": "#texture" }
    }
},
{
    "from": [ 7.5, 14, 9.5 ],
    "to": [ 8.5, 15, 10 ],
    "faces": {
        "down":  { "uv": [ 7.5, 1.5, 8.5, 2 ], "texture": "#texture" },
        "up":    { "uv": [ 7.5, 1, 8.5, 1.5 ], "texture": "#texture" },
        "south": { "uv": [ 7.5, 1, 8.5, 2 ], "texture": "#texture" },
        "west":  { "uv": [ 7.5, 1, 8, 2 ], "texture": "#texture" },
        "east":  { "uv": [ 7.5, 1, 8, 2 ], "texture": "#texture" }
    }
},
{
    "from": [ 7.5, 15, 8.5 ],
    "to": [ 8.5, 15.5, 9.5 ],
    "faces": {
        "up":    { "uv": [ 7.5, 0.5, 8.5, 1.5 ], "texture": "#texture" },
        "north": { "uv": [ 7.5, 0.5, 8.5, 1 ], "texture": "#texture" },
        "south": { "uv": [ 7.5, 1.5, 8.5, 1 ], "texture": "#texture" },
        "west":  { "uv": [ 7.5, 0.5, 8, 1 ], "texture": "#texture" },
        "east":  { "uv": [ 8.5, 0.5, 8, 1 ], "texture": "#texture" }
    }
},
{
    "from": [ 7, 12.5, 7 ],
    "to": [ 9, 15, 8.5 ],
    "faces": {
        "down":  { "uv": [ 7, 1, 9, 1.5 ], "texture": "#texture" },
        "up":    { "uv": [ 7.5, 1, 8.5, 1.5 ], "texture": "#texture" },
        "north": { "uv": [ 7, 1, 9, 3.5 ], "texture": "#texture" },
        "south": { "uv": [ 7, 1, 9, 3.5 ], "texture": "#texture" },
        "west":  { "uv": [ 7, 1, 8.5, 3.5 ], "texture": "#texture" },
        "east":  { "uv": [ 7.5, 1, 9, 3.5 ], "texture": "#texture" }
    }
},
{
    "from": [ 7.5, 15, 7 ],
    "to": [ 8.5, 15.5, 8 ],
    "faces": {
        "up":    { "uv": [ 7.5, 0.5, 8.5, 1 ], "texture": "#texture" },
        "north": { "uv": [ 7.5, 0.5, 8.5, 1 ], "texture": "#texture" },
        "south": { "uv": [ 7.5, 1, 8.5, 0.5 ], "texture": "#texture" },
        "west":  { "uv": [ 7.5, 0.5, 8, 1 ], "texture": "#texture" },
        "east":  { "uv": [ 8.5, 0.5, 8, 1 ], "texture": "#texture" }
    }
},
{
    "from": [ 3, 2.5, 0 ],
    "to": [ 13, 4, 7 ],
    "faces": {
        "down":  { "uv": [ 5, 1, 5.5, 1.5 ], "texture": "#texture" },
        "up":    { "uv": [ 5, 0.5, 5.5, 1 ], "texture": "#texture" },
        "north": { "uv": [ 5, 0.5, 5.5, 2 ], "texture": "#texture", "cullface": "north" },
        "west":  { "uv": [ 5, 0.5, 5.5, 2 ], "texture": "#texture" },
        "east":  { "uv": [ 5, 0.5, 5.5, 2 ], "texture": "#texture" }
    }
},
{
    "from": [ 7.5, 2, 10.5 ],
    "to": [ 8.5, 2.5, 11.5 ],
    "faces": {
        "down":  { "uv": [ 8.5, 12.5, 7.5, 12 ], "texture": "#texture" },
        "up":    { "uv": [ 7.5, 12, 8.5, 12.5 ], "texture": "#texture" },
        "south": { "uv": [ 7.5, 13, 8.5, 13.5 ], "texture": "#texture" },
        "west":  { "uv": [ 7.5, 13, 8, 13.5 ], "texture": "#texture" },
        "east":  { "uv": [ 8, 13, 8.5, 13.5 ], "texture": "#texture" }
    }
},
{
    "from": [ 12.5, 7.5, 9 ],
    "to": [ 13, 8, 9.5 ],
    "faces": {
        "down":  { "uv": [ 12, 8.5, 12.5, 8 ], "texture": "#texture" },
        "south": { "uv": [ 12, 8.5, 12.5, 8 ], "texture": "#texture" },
        "east":  { "uv": [ 12.5, 8, 12, 8.5 ], "texture": "#texture" }
    }
},
{
    "from": [ 2.5, 8, 7.5 ],
    "to": [ 13.5, 8.5, 9.5 ],
    "faces": {
        "down":  { "uv": [ 3, 8, 3.5, 7.5 ], "texture": "#texture" },
        "up":    { "uv": [ 3, 7.5, 3.5, 8 ], "texture": "#texture" },
        "north": { "uv": [ 3, 7.5, 3.5, 8 ], "texture": "#texture" },
        "south": { "uv": [ 3, 8, 3.5, 7.5 ], "texture": "#texture" },
        "west":  { "uv": [ 3, 7.5, 3.5, 8 ], "texture": "#texture" },
        "east":  { "uv": [ 3.5, 7.5, 3, 8 ], "texture": "#texture" }
    }
},
{
    "from": [ 3.5, 8, 9.5 ],
    "to": [ 13, 8.5, 10 ],
    "faces": {
        "down":  { "uv": [ 3, 8, 3.5, 7.5 ], "texture": "#texture" },
        "up":    { "uv": [ 3, 7.5, 3.5, 8 ], "texture": "#texture" },
        "south": { "uv": [ 3, 8, 3.5, 7.5 ], "texture": "#texture" },
        "west":  { "uv": [ 3, 7.5, 3.5, 8 ], "texture": "#texture" },
        "east":  { "uv": [ 3.5, 7.5, 3, 8 ], "texture": "#texture" }
    }
},
{
    "from": [ 4, 8, 10 ],
    "to": [ 11.5, 8.5, 10.5 ],
    "faces": {
        "down":  { "uv": [ 3, 8, 3.5, 7.5 ], "texture": "#texture" },
        "up":    { "uv": [ 3, 7.5, 3.5, 8 ], "texture": "#texture" },
        "south": { "uv": [ 3, 8, 3.5, 7.5 ], "texture": "#texture" },
        "west":  { "uv": [ 3, 7.5, 3.5, 8 ], "texture": "#texture" },
        "east":  { "uv": [ 3.5, 7.5, 3, 8 ], "texture": "#texture" }
    }
},
{
    "from": [ 1.5, 8, 6 ],
    "to": [ 14, 8.5, 9 ],
    "faces": {
        "down":  { "uv": [ 2.5, 8, 3, 7.5 ], "texture": "#texture" },
        "north": { "uv": [ 2.5, 7.5, 3, 8 ], "texture": "#texture" },
        "south": { "uv": [ 2.5, 8, 3, 7.5 ], "texture": "#texture" },
        "west":  { "uv": [ 2.5, 7.5, 3, 8 ], "texture": "#texture" },
        "east":  { "uv": [ 3, 7.5, 2.5, 8 ], "texture": "#texture" }
    }
},
{
    "from": [ 1.5, 8.5, 6 ],
    "to": [ 14.5, 9, 9 ],
    "faces": {
        "down":  { "uv": [ 2.5, 8, 3, 7.5 ], "texture": "#texture" },
        "up":    { "uv": [ 2.5, 7.5, 3, 8 ], "texture": "#texture" },
        "north": { "uv": [ 2.5, 7.5, 3, 8 ], "texture": "#texture" },
        "south": { "uv": [ 2.5, 8, 3, 7.5 ], "texture": "#texture" },
        "west":  { "uv": [ 2.5, 7.5, 3, 8 ], "texture": "#texture" },
        "east":  { "uv": [ 3, 7.5, 2.5, 8 ], "texture": "#texture" }
    }
},
{
    "from": [ 6, 8.5, 10 ],
    "to": [ 7.5, 9, 10.5 ],
    "faces": {
        "south": { "uv": [ 3, 8, 3.5, 7.5 ], "texture": "#texture" },
        "west":  { "uv": [ 3, 7.5, 3.5, 8 ], "texture": "#texture" },
        "east":  { "uv": [ 3.5, 7.5, 3, 8 ], "texture": "#texture" }
    }
},
{
    "from": [ 3, 8.5, 9 ],
    "to": [ 13, 9, 9.5 ],
    "faces": {
        "up":    { "uv": [ 2.5, 7.5, 3, 8 ], "texture": "#texture" },
        "south": { "uv": [ 2.5, 8, 3, 7.5 ], "texture": "#texture" },
        "west":  { "uv": [ 2.5, 7.5, 3, 8 ], "texture": "#texture" },
        "east":  { "uv": [ 3, 7.5, 2.5, 8 ], "texture": "#texture" }
    }
},
{
    "from": [ 5, 8.5, 9.5 ],
    "to": [ 11.5, 9, 10 ],
    "faces": {
        "south": { "uv": [ 2.5, 8, 3, 7.5 ], "texture": "#texture" },
        "west":  { "uv": [ 2.5, 7.5, 3, 8 ], "texture": "#texture" },
        "east":  { "uv": [ 3, 7.5, 2.5, 8 ], "texture": "#texture" }
    }
},
{
    "from": [ 11.5, 9, 6 ],
    "to": [ 14.5, 9.5, 9 ],
    "faces": {
        "up":    { "uv": [ 2.5, 7.5, 3, 8 ], "texture": "#texture" },
        "north": { "uv": [ 2.5, 7.5, 3, 8 ], "texture": "#texture" },
        "south": { "uv": [ 2.5, 8, 3, 7.5 ], "texture": "#texture" },
        "east":  { "uv": [ 3, 7.5, 2.5, 8 ], "texture": "#texture" }
    }
},
{
    "from": [ 2.5, 9, 7.5 ],
    "to": [ 12, 9.5, 9.5 ],
    "faces": {
        "down":  { "uv": [ 3, 8, 3.5, 7.5 ], "texture": "#texture" },
        "up":    { "uv": [ 3, 7.5, 3.5, 8 ], "texture": "#texture" },
        "north": { "uv": [ 3, 7.5, 3.5, 8 ], "texture": "#texture" },
        "south": { "uv": [ 3, 8, 3.5, 7.5 ], "texture": "#texture" },
        "west":  { "uv": [ 3, 7.5, 3.5, 8 ], "texture": "#texture" },
        "east":  { "uv": [ 3.5, 7.5, 3, 8 ], "texture": "#texture" }
    }
},
{
    "from": [ 1.5, 9, 6 ],
    "to": [ 11.5, 9.5, 9 ],
    "faces": {
        "up":    { "uv": [ 3, 7.5, 3.5, 8 ], "texture": "#texture" },
        "north": { "uv": [ 3, 7.5, 3.5, 8 ], "texture": "#texture" },
        "south": { "uv": [ 3, 8, 3.5, 7.5 ], "texture": "#texture" },
        "west":  { "uv": [ 3, 7.5, 3.5, 8 ], "texture": "#texture" }
    }
},
{
    "from": [ 3.5, 9, 8 ],
    "to": [ 11.5, 9.5, 10 ],
    "faces": {
        "down":  { "uv": [ 4.5, 7, 5, 6.5 ], "texture": "#texture" },
        "up":    { "uv": [ 4.5, 6.5, 5, 7 ], "texture": "#texture" },
        "north": { "uv": [ 4.5, 6.5, 5, 7 ], "texture": "#texture" },
        "south": { "uv": [ 4.5, 7, 5, 6.5 ], "texture": "#texture" },
        "west":  { "uv": [ 4.5, 6.5, 5, 7 ], "texture": "#texture" },
        "east":  { "uv": [ 5, 6.5, 4.5, 7 ], "texture": "#texture" }
    }
},
{
    "from": [ 5.5, 9, 10 ],
    "to": [ 10.5, 9.5, 10.5 ],
    "faces": {
        "down":  { "uv": [ 4.5, 7, 5, 6.5 ], "texture": "#texture" },
        "up":    { "uv": [ 4.5, 6.5, 5, 7 ], "texture": "#texture" },
        "south": { "uv": [ 4.5, 7, 5, 6.5 ], "texture": "#texture" },
        "west":  { "uv": [ 4.5, 6.5, 5, 7 ], "texture": "#texture" },
        "east":  { "uv": [ 5, 6.5, 4.5, 7 ], "texture": "#texture" }
    }
},
{
    "from": [ 1.5, 9.5, 6 ],
    "to": [ 14.5, 10, 8.5 ],
    "faces": {
        "down":  { "uv": [ 3, 8, 3.5, 7.5 ], "texture": "#texture" },
        "north": { "uv": [ 3, 7.5, 3.5, 8 ], "texture": "#texture" },
        "south": { "uv": [ 3, 8, 3.5, 7.5 ], "texture": "#texture" },
        "west":  { "uv": [ 3, 7.5, 3.5, 8 ], "texture": "#texture" },
        "east":  { "uv": [ 3.5, 7.5, 3, 8 ], "texture": "#texture" }
    }
},
{
    "from": [ 2.5, 9.5, 8 ],
    "to": [ 13.5, 10, 9.5 ],
    "faces": {
        "down":  { "uv": [ 3, 8, 3.5, 7.5 ], "texture": "#texture" },
        "north": { "uv": [ 3, 7.5, 3.5, 8 ], "texture": "#texture" },
        "south": { "uv": [ 3, 8, 3.5, 7.5 ], "texture": "#texture" },
        "west":  { "uv": [ 3, 7.5, 3.5, 8 ], "texture": "#texture" },
        "east":  { "uv": [ 3.5, 7.5, 3, 8 ], "texture": "#texture" }
    }
},
{
    "from": [ 3.5, 9.5, 8.5 ],
    "to": [ 11.5, 10, 10 ],
    "faces": {
        "south": { "uv": [ 3, 8, 3.5, 7.5 ], "texture": "#texture" },
        "west":  { "uv": [ 3, 7.5, 3.5, 8 ], "texture": "#texture" },
        "east":  { "uv": [ 3.5, 7.5, 3, 8 ], "texture": "#texture" }
    }
},
{
    "from": [ 6, 9.5, 9 ],
    "to": [ 9, 10, 10.5 ],
    "faces": {
        "down":  { "uv": [ 3, 8, 3.5, 7.5 ], "texture": "#texture" },
        "north": { "uv": [ 3, 7.5, 3.5, 8 ], "texture": "#texture" },
        "south": { "uv": [ 3, 8, 3.5, 7.5 ], "texture": "#texture" },
        "west":  { "uv": [ 3, 7.5, 3.5, 8 ], "texture": "#texture" },
        "east":  { "uv": [ 3.5, 7.5, 3, 8 ], "texture": "#texture" }
    }
},
{
    "from": [ 5.5, 10, 7 ],
    "to": [ 10, 10.5, 10.5 ],
    "faces": {
        "down":  { "uv": [ 4.5, 7, 5, 6.5 ], "texture": "#texture" },
        "up":    { "uv": [ 4.5, 6.5, 5, 7 ], "texture": "#texture" },
        "north": { "uv": [ 4.5, 6.5, 5, 7 ], "texture": "#texture" },
        "south": { "uv": [ 4.5, 7, 5, 6.5 ], "texture": "#texture" },
        "west":  { "uv": [ 4.5, 6.5, 5, 7 ], "texture": "#texture" },
        "east":  { "uv": [ 5, 6.5, 4.5, 7 ], "texture": "#texture" }
    }
},
{
    "from": [ 3, 10, 7 ],
    "to": [ 12, 10.5, 10 ],
    "faces": {
        "down":  { "uv": [ 4.5, 7, 5, 6.5 ], "texture": "#texture" },
        "up":    { "uv": [ 4.5, 6.5, 5, 7 ], "texture": "#texture" },
        "north": { "uv": [ 4.5, 6.5, 5, 7 ], "texture": "#texture" },
        "south": { "uv": [ 4.5, 7, 5, 6.5 ], "texture": "#texture" },
        "west":  { "uv": [ 4.5, 6.5, 5, 7 ], "texture": "#texture" },
        "east":  { "uv": [ 5, 6.5, 4.5, 7 ], "texture": "#texture" }
    }
},
{
    "from": [ 2, 10, 7 ],
    "to": [ 13.5, 10.5, 9.5 ],
    "faces": {
        "down":  { "uv": [ 4.5, 7, 5, 6.5 ], "texture": "#texture" },
        "up":    { "uv": [ 4.5, 6.5, 5, 7 ], "texture": "#texture" },
        "north": { "uv": [ 4.5, 6.5, 5, 7 ], "texture": "#texture" },
        "south": { "uv": [ 4.5, 7, 5, 6.5 ], "texture": "#texture" },
        "west":  { "uv": [ 4.5, 6.5, 5, 7 ], "texture": "#texture" },
        "east":  { "uv": [ 5, 6.5, 4.5, 7 ], "texture": "#texture" }
    }
},
{
    "from": [ 1.5, 10, 6 ],
    "to": [ 14.5, 10.5, 8.5 ],
    "faces": {
        "up":    { "uv": [ 4.5, 6.5, 5, 7 ], "texture": "#texture" },
        "north": { "uv": [ 4.5, 6.5, 5, 7 ], "texture": "#texture" },
        "south": { "uv": [ 4.5, 7, 5, 6.5 ], "texture": "#texture" },
        "west":  { "uv": [ 4.5, 6.5, 5, 7 ], "texture": "#texture" },
        "east":  { "uv": [ 5, 6.5, 4.5, 7 ], "texture": "#texture" }
    }
},
{
    "from": [ 4, 10.5, 7 ],
    "to": [ 11.5, 11, 10 ],
    "faces": {
        "up":    { "uv": [ 4.5, 6.5, 5, 7 ], "texture": "#texture" },
        "north": { "uv": [ 4.5, 6.5, 5, 7 ], "texture": "#texture" },
        "south": { "uv": [ 4.5, 7, 5, 6.5 ], "texture": "#texture" },
        "west":  { "uv": [ 4.5, 6.5, 5, 7 ], "texture": "#texture" },
        "east":  { "uv": [ 5, 6.5, 4.5, 7 ], "texture": "#texture" }
    }
},
{
    "from": [ 3, 10.5, 7 ],
    "to": [ 12.5, 11, 9.5 ],
    "faces": {
        "up":    { "uv": [ 4.5, 6.5, 5, 7 ], "texture": "#texture" },
        "north": { "uv": [ 4.5, 6.5, 5, 7 ], "texture": "#texture" },
        "south": { "uv": [ 4.5, 7, 5, 6.5 ], "texture": "#texture" },
        "west":  { "uv": [ 4.5, 6.5, 5, 7 ], "texture": "#texture" },
        "east":  { "uv": [ 5, 6.5, 4.5, 7 ], "texture": "#texture" }
    }
},
{
    "from": [ 2, 10.5, 6 ],
    "to": [ 14, 11, 8.5 ],
    "faces": {
        "up":    { "uv": [ 4.5, 6.5, 5, 7 ], "texture": "#texture" },
        "north": { "uv": [ 4.5, 6.5, 5, 7 ], "texture": "#texture" },
        "south": { "uv": [ 4.5, 7, 5, 6.5 ], "texture": "#texture" },
        "west":  { "uv": [ 4.5, 6.5, 5, 7 ], "texture": "#texture" },
        "east":  { "uv": [ 5, 6.5, 4.5, 7 ], "texture": "#texture" }
    }
},
{
    "from": [ 3, 11, 7 ],
    "to": [ 13, 11.5, 8 ],
    "faces": {
        "up":    { "uv": [ 3.5, 4.5, 4, 5 ], "texture": "#texture" },
        "north": { "uv": [ 3.5, 4.5, 4, 5 ], "texture": "#texture" },
        "south": { "uv": [ 3.5, 5, 4, 4.5 ], "texture": "#texture" },
        "west":  { "uv": [ 3.5, 4.5, 4, 5 ], "texture": "#texture" },
        "east":  { "uv": [ 4, 4.5, 3.5, 5 ], "texture": "#texture" }
    }
},
{
    "from": [ 3.5, 11, 8 ],
    "to": [ 12, 11.5, 8.5 ],
    "faces": {
        "up":    { "uv": [ 3.5, 4.5, 4, 5 ], "texture": "#texture" },
        "south": { "uv": [ 3.5, 5, 4, 4.5 ], "texture": "#texture" },
        "west":  { "uv": [ 3.5, 4.5, 4, 5 ], "texture": "#texture" },
        "east":  { "uv": [ 4, 4.5, 3.5, 5 ], "texture": "#texture" }
    }
},
{
    "from": [ 5, 11, 8.5 ],
    "to": [ 10, 11.5, 9 ],
    "faces": {
        "up":    { "uv": [ 5, 4.5, 10, 5 ], "texture": "#texture" },
        "south": { "uv": [ 5, 4.5, 10, 5 ], "texture": "#texture" },
        "west":  { "uv": [ 8.5, 4.5, 9, 5 ], "texture": "#texture" },
        "east":  { "uv": [ 8.5, 4.5, 9, 5 ], "texture": "#texture" }
    }
},
{
    "from": [ 3.5, 11.5, 7 ],
    "to": [ 12.5, 12, 7.5 ],
    "faces": {
        "up":    { "uv": [ 3.5, 4.5, 4, 5 ], "texture": "#texture" },
        "north": { "uv": [ 3.5, 4.5, 4, 5 ], "texture": "#texture" },
        "south": { "uv": [ 3.5, 5, 4, 4.5 ], "texture": "#texture" },
        "west":  { "uv": [ 3.5, 4.5, 4, 5 ], "texture": "#texture" },
        "east":  { "uv": [ 4, 4.5, 3.5, 5 ], "texture": "#texture" }
    }
},
{
    "from": [ 4, 11.5, 7.5 ],
    "to": [ 12, 12, 8 ],
    "faces": {
        "up":    { "uv": [ 3.5, 4.5, 4, 5 ], "texture": "#texture" },
        "south": { "uv": [ 3.5, 5, 4, 4.5 ], "texture": "#texture" },
        "west":  { "uv": [ 3.5, 4.5, 4, 5 ], "texture": "#texture" },
        "east":  { "uv": [ 4, 4.5, 3.5, 5 ], "texture": "#texture" }
    }
},
{
    "from": [ 5, 11.5, 8 ],
    "to": [ 10.5, 12, 8.5 ],
    "faces": {
        "up":    { "uv": [ 5, 4, 10.5, 4.5 ], "texture": "#texture" },
        "south": { "uv": [ 5, 4, 10.5, 4.5 ], "texture": "#texture" },
        "west":  { "uv": [ 8, 4, 8.5, 4.5 ], "texture": "#texture" },
        "east":  { "uv": [ 8, 4, 8.5, 4.5 ], "texture": "#texture" }
    }
},
{
    "from": [ 4.5, 12, 7 ],
    "to": [ 11.5, 12.5, 7.5 ],
    "faces": {
        "up":    { "uv": [ 3.5, 4.5, 4, 5 ], "texture": "#texture" },
        "north": { "uv": [ 3.5, 4.5, 4, 5 ], "texture": "#texture" },
        "south": { "uv": [ 3.5, 5, 4, 4.5 ], "texture": "#texture" },
        "west":  { "uv": [ 3.5, 4.5, 4, 5 ], "texture": "#texture" },
        "east":  { "uv": [ 4, 4.5, 3.5, 5 ], "texture": "#texture" }
    }
},
{
    "from": [ 5.5, 12, 7.5 ],
    "to": [ 9.5, 12.5, 8 ],
    "faces": {
        "up":    { "uv": [ 3.5, 4.5, 4, 5 ], "texture": "#texture" },
        "south": { "uv": [ 3.5, 5, 4, 4.5 ], "texture": "#texture" },
        "west":  { "uv": [ 3.5, 4.5, 4, 5 ], "texture": "#texture" },
        "east":  { "uv": [ 4, 4.5, 3.5, 5 ], "texture": "#texture" }
    }
},
{
    "from": [ 7, 13, 5.5 ],
    "to": [ 9, 15, 7 ],
    "faces": {
        "down":  { "uv": [ 7, 1.5, 9, 3 ], "texture": "#texture" },
        "up":    { "uv": [ 7, 1.5, 9, 3 ], "texture": "#texture" },
        "north": { "uv": [ 7, 1.5, 9, 3.5 ], "texture": "#texture" },
        "west":  { "uv": [ 7, 1.5, 8.5, 3.5 ], "texture": "#texture" },
        "east":  { "uv": [ 7.5, 1.5, 9, 3.5 ], "texture": "#texture" }
    }
},
{
    "from": [ 7, 13, 5 ],
    "to": [ 9, 14.5, 5.5 ],
    "faces": {
        "down":  { "uv": [ 7, 2.5, 9, 3 ], "texture": "#texture" },
        "up":    { "uv": [ 7, 1.5, 9, 2 ], "texture": "#texture" },
        "north": { "uv": [ 7, 1.5, 9, 3 ], "texture": "#texture" },
        "west":  { "uv": [ 7, 1.5, 7.5, 3 ], "texture": "#texture" },
        "east":  { "uv": [ 7, 1.5, 7.5, 3 ], "texture": "#texture" }
    }
},
{
    "from": [ 7.5, 12.5, 10 ],
    "to": [ 8.5, 13.5, 10.5 ],
    "faces": {
        "down":  { "uv": [ 7.5, 1.5, 8.5, 2 ], "texture": "#texture" },
        "up":    { "uv": [ 7.5, 1, 8.5, 1.5 ], "texture": "#texture" },
        "south": { "uv": [ 7.5, 1, 8.5, 2 ], "texture": "#texture" },
        "west":  { "uv": [ 7.5, 1, 8, 2 ], "texture": "#texture" },
        "east":  { "uv": [ 7.5, 1, 8, 2 ], "texture": "#texture" }
    }
},
{
    "from": [ 7, 12, 9.5 ],
    "to": [ 9, 13.5, 10 ],
    "faces": {
        "down":  { "uv": [ 7, 2.5, 9, 3 ], "texture": "#texture" },
        "up":    { "uv": [ 7, 1.5, 9, 2 ], "texture": "#texture" },
        "south": { "uv": [ 7, 1.5, 9, 3 ], "texture": "#texture" },
        "west":  { "uv": [ 7, 1.5, 7.5, 3 ], "texture": "#texture" },
        "east":  { "uv": [ 7, 1.5, 7.5, 3 ], "texture": "#texture" }
    }
},
{
    "from": [ 14.5, 7, 7 ],
    "to": [ 16, 9.5, 8 ],
    "faces": {
        "down":  { "uv": [ 2.5, 8, 3, 7.5 ], "texture": "#texture" },
        "up":    { "uv": [ 2.5, 7.5, 3, 8 ], "texture": "#texture" },
        "north": { "uv": [ 2.5, 7.5, 3, 8 ], "texture": "#texture" },
        "south": { "uv": [ 2.5, 8, 3, 7.5 ], "texture": "#texture" },
        "west":  { "uv": [ 2.5, 7.5, 3, 8 ], "texture": "#texture" },
        "east":  { "uv": [ 3, 7.5, 2.5, 8 ], "texture": "#texture", "cullface": "east" }
    }
},
{
    "from": [ 15.5, 5.5, 8 ],
    "to": [ 16, 8, 8.5 ],
    "faces": {
        "down":  { "uv": [ 2.5, 8, 3, 7.5 ], "texture": "#texture" },
        "north": { "uv": [ 2.5, 7.5, 3, 8 ], "texture": "#texture" },
        "south": { "uv": [ 2.5, 8, 3, 7.5 ], "texture": "#texture" },
        "west":  { "uv": [ 2.5, 7.5, 3, 8 ], "texture": "#texture" },
        "east":  { "uv": [ 3, 7.5, 2.5, 8 ], "texture": "#texture", "cullface": "east" }
    }
},
{
    "from": [ 15, 6, 7 ],
    "to": [ 16.5, 8, 8 ],
    "faces": {
        "down":  { "uv": [ 2.5, 8, 3, 7.5 ], "texture": "#texture", "cullface": "east" },
        "up":    { "uv": [ 2.5, 7.5, 3, 8 ], "texture": "#texture", "cullface": "east" },
        "north": { "uv": [ 2.5, 7.5, 3, 8 ], "texture": "#texture", "cullface": "east" },
        "south": { "uv": [ 2.5, 8, 3, 7.5 ], "texture": "#texture", "cullface": "east" },
        "west":  { "uv": [ 2.5, 7.5, 3, 8 ], "texture": "#texture", "cullface": "east" },
        "east":  { "uv": [ 3, 7.5, 2.5, 8 ], "texture": "#texture", "cullface": "east" }
    }
},
{
    "from": [ 14.5, 8.5, 8 ],
    "to": [ 15.5, 9, 8.5 ],
    "faces": {
        "down":  { "uv": [ 4.5, 7, 5, 6.5 ], "texture": "#texture" },
        "up":    { "uv": [ 4.5, 6.5, 5, 7 ], "texture": "#texture" },
        "south": { "uv": [ 4.5, 7, 5, 6.5 ], "texture": "#texture" }
    }
},
{
    "from": [ 15, 8, 8 ],
    "to": [ 16, 8.5, 8.5 ],
    "faces": {
        "down":  { "uv": [ 4.5, 7, 5, 6.5 ], "texture": "#texture" },
        "up":    { "uv": [ 4.5, 6.5, 5, 7 ], "texture": "#texture" },
        "south": { "uv": [ 4.5, 7, 5, 6.5 ], "texture": "#texture" },
        "east":  { "uv": [ 5, 6.5, 4.5, 7 ], "texture": "#texture", "cullface": "east" }
    }
},
{
    "from": [ 16, 6.5, 8 ],
    "to": [ 16.5, 8, 8.5 ],
    "faces": {
        "down":  { "uv": [ 4.5, 7, 5, 6.5 ], "texture": "#texture", "cullface": "east" },
        "up":    { "uv": [ 4.5, 6.5, 5, 7 ], "texture": "#texture", "cullface": "east" },
        "south": { "uv": [ 4.5, 7, 5, 6.5 ], "texture": "#texture", "cullface": "east" },
        "east":  { "uv": [ 5, 6.5, 4.5, 7 ], "texture": "#texture", "cullface": "east" }
    }
},
{
    "from": [ 15, 6, 8 ],
    "to": [ 15.5, 8, 8.5 ],
    "faces": {
        "down":  { "uv": [ 4.5, 7, 5, 6.5 ], "texture": "#texture" },
        "south": { "uv": [ 4.5, 7, 5, 6.5 ], "texture": "#texture" },
        "west":  { "uv": [ 4.5, 6.5, 5, 7 ], "texture": "#texture" }
    }
},
{
    "from": [ 14.5, 8, 8 ],
    "to": [ 15, 8.5, 8.5 ],
    "faces": {
        "down":  { "uv": [ 2.5, 8, 3, 7.5 ], "texture": "#texture" },
        "south": { "uv": [ 2.5, 8, 3, 7.5 ], "texture": "#texture" },
        "west":  { "uv": [ 2.5, 7.5, 3, 8 ], "texture": "#texture" }
    }
},
{
    "from": [ 15.5, 8.5, 8 ],
    "to": [ 16, 9, 8.5 ],
    "faces": {
        "up":    { "uv": [ 2.5, 7.5, 3, 8 ], "texture": "#texture" },
        "south": { "uv": [ 2.5, 8, 3, 7.5 ], "texture": "#texture" },
        "east":  { "uv": [ 3, 7.5, 2.5, 8 ], "texture": "#texture", "cullface": "east" }
    }
},
{
    "from": [ 14.5, 9, 8 ],
    "to": [ 15, 9.5, 8.5 ],
    "faces": {
        "up":    { "uv": [ 2.5, 7.5, 3, 8 ], "texture": "#texture" },
        "south": { "uv": [ 2.5, 8, 3, 7.5 ], "texture": "#texture" },
        "east":  { "uv": [ 3, 7.5, 2.5, 8 ], "texture": "#texture" }
    }
}
],
"display": {
    "head": {
        "rotation": [ 0, 180, 0 ],
        "translation": [ 0, 1.9, -4 ],
        "scale": [ 1.6, 1.7, 1.9 ]
    },
    "gui": {
        "rotation": [ -30, 135, 0 ],
        "translation": [ 0, 0, 0 ],
        "scale": [ 1.2, 1.2, 1.2 ]
    }
}
}