{
	"__comment": "Designed by Zeta with Cubik Studio - https://cubik.studio",
	"textures": {
		"particle": "blocks/particle",
		"texture": "blocks/texture",
		"mesh_atlas": "blocks/mesh_atlas"
	},
	"elements": [
		{
			"__comment": "Voxels",
			"from": [ 4, 0, 6 ],
			"to": [ 11, 1, 9 ],
			"faces": {
				"down": { "uv": [ 0, 14.5, 3.5, 16 ], "texture": "#mesh_atlas" },
				"up": { "uv": [ 0, 14.5, 3.5, 13 ], "texture": "#mesh_atlas" },
				"north": { "uv": [ 3.5, 8, 0, 8.5 ], "texture": "#mesh_atlas" },
				"south": { "uv": [ 6.5, 15.5, 10, 16 ], "texture": "#mesh_atlas" },
				"west": { "uv": [ 14, 15, 15.5, 15.5 ], "texture": "#mesh_atlas" },
				"east": { "uv": [ 8, 13.5, 6.5, 14 ], "texture": "#mesh_atlas" }
			}
		},
		{
			"__comment": "Voxels",
			"from": [ 4.5, -0.5, 6 ],
			"to": [ 10.5, 0, 9 ],
			"faces": {
				"down": { "uv": [ 0, 8.5, 3, 10 ], "texture": "#mesh_atlas" },
				"up": { "uv": [ 3.5, 16, 6.5, 14.5 ], "texture": "#mesh_atlas" },
				"north": { "uv": [ 12, 14.5, 9, 14.75 ], "texture": "#mesh_atlas" },
				"south": { "uv": [ 12, 14.5, 15, 14.75 ], "texture": "#mesh_atlas" },
				"west": { "uv": [ 9, 12, 10.5, 12.25 ], "texture": "#mesh_atlas" },
				"east": { "uv": [ 10.5, 12.25, 9, 12.5 ], "texture": "#mesh_atlas" }
			}
		},
		{
			"__comment": "Voxels",
			"from": [ 4.5, 0, 5 ],
			"to": [ 10.5, 1, 6 ],
			"faces": {
				"down": { "uv": [ 3.5, 10.5, 6.5, 11 ], "texture": "#mesh_atlas" },
				"up": { "uv": [ 3.5, 11.5, 6.5, 11 ], "texture": "#mesh_atlas" },
				"north": { "uv": [ 6.5, 11.5, 3.5, 12 ], "texture": "#mesh_atlas" },
				"south": { "uv": [ 3.5, 12, 6.5, 12.5 ], "texture": "#mesh_atlas" },
				"west": { "uv": [ 6, 9.5, 6.5, 10 ], "texture": "#mesh_atlas" },
				"east": { "uv": [ 6.5, 9, 6, 9.5 ], "texture": "#mesh_atlas" }
			}
		},
		{
			"__comment": "Voxels",
			"from": [ 4.5, 0, 9 ],
			"to": [ 10.5, 1, 10 ],
			"faces": {
				"down": { "uv": [ 3.5, 12.5, 6.5, 13 ], "texture": "#mesh_atlas" },
				"up": { "uv": [ 3.5, 13.5, 6.5, 13 ], "texture": "#mesh_atlas" },
				"north": { "uv": [ 6.5, 13.5, 3.5, 14 ], "texture": "#mesh_atlas" },
				"south": { "uv": [ 3.5, 14, 6.5, 14.5 ], "texture": "#mesh_atlas" },
				"west": { "uv": [ 15, 15.5, 15.5, 16 ], "texture": "#mesh_atlas" },
				"east": { "uv": [ 8.5, 13, 8, 13.5 ], "texture": "#mesh_atlas" }
			}
		},
		{
			"__comment": "Voxels",
			"from": [ 4.5, 1, 6 ],
			"to": [ 10.5, 1.5, 9 ],
			"faces": {
				"down": { "uv": [ 0, 10, 3, 11.5 ], "texture": "#mesh_atlas" },
				"up": { "uv": [ 0, 13, 3, 11.5 ], "texture": "#mesh_atlas" },
				"north": { "uv": [ 15, 14.75, 12, 15 ], "texture": "#mesh_atlas" },
				"south": { "uv": [ 9, 14.75, 12, 15 ], "texture": "#mesh_atlas" },
				"west": { "uv": [ 12, 13.75, 13.5, 14 ], "texture": "#mesh_atlas" },
				"east": { "uv": [ 15, 13.75, 13.5, 14 ], "texture": "#mesh_atlas" }
			}
		},
		{
			"__comment": "Voxels",
			"from": [ 5, -0.5, 5 ],
			"to": [ 10, 0, 6 ],
			"faces": {
				"down": { "uv": [ 6.5, 14, 9, 14.5 ], "texture": "#mesh_atlas" },
				"up": { "uv": [ 6.5, 15, 9, 14.5 ], "texture": "#mesh_atlas" },
				"north": { "uv": [ 9, 8.5, 6.5, 8.75 ], "texture": "#mesh_atlas" },
				"south": { "uv": [ 6.5, 8.75, 9, 9 ], "texture": "#mesh_atlas" },
				"west": { "uv": [ 9.5, 10, 10, 10.25 ], "texture": "#mesh_atlas" },
				"east": { "uv": [ 10, 10.25, 9.5, 10.5 ], "texture": "#mesh_atlas" }
			}
		},
		{
			"__comment": "Voxels",
			"from": [ 5, -0.5, 9 ],
			"to": [ 10, 0, 10 ],
			"faces": {
				"down": { "uv": [ 6.5, 15, 9, 15.5 ], "texture": "#mesh_atlas" },
				"up": { "uv": [ 12.5, 16, 15, 15.5 ], "texture": "#mesh_atlas" },
				"north": { "uv": [ 9, 9.5, 6.5, 9.75 ], "texture": "#mesh_atlas" },
				"south": { "uv": [ 6.5, 9.75, 9, 10 ], "texture": "#mesh_atlas" },
				"west": { "uv": [ 9.5, 10.5, 10, 10.75 ], "texture": "#mesh_atlas" },
				"east": { "uv": [ 10, 10.75, 9.5, 11 ], "texture": "#mesh_atlas" }
			}
		},
		{
			"__comment": "Voxels",
			"from": [ 5, 0, 4.5 ],
			"to": [ 10, 1, 5 ],
			"faces": {
				"down": { "uv": [ 6.5, 10, 9, 10.25 ], "texture": "#mesh_atlas" },
				"up": { "uv": [ 6.5, 10.5, 9, 10.25 ], "texture": "#mesh_atlas" },
				"north": { "uv": [ 6, 9.5, 3.5, 10 ], "texture": "#mesh_atlas" },
				"south": { "uv": [ 3.5, 10, 6, 10.5 ], "texture": "#mesh_atlas" },
				"west": { "uv": [ 9.25, 10.5, 9.5, 11 ], "texture": "#mesh_atlas" },
				"east": { "uv": [ 9.25, 10.5, 9, 11 ], "texture": "#mesh_atlas" }
			}
		},
		{
			"__comment": "Voxels",
			"from": [ 5, 0, 10 ],
			"to": [ 10, 1, 10.5 ],
			"faces": {
				"down": { "uv": [ 6.5, 11, 9, 11.25 ], "texture": "#mesh_atlas" },
				"up": { "uv": [ 6.5, 11.5, 9, 11.25 ], "texture": "#mesh_atlas" },
				"north": { "uv": [ 6, 9, 3.5, 9.5 ], "texture": "#mesh_atlas" },
				"south": { "uv": [ 3.5, 8.5, 6, 9 ], "texture": "#mesh_atlas" },
				"west": { "uv": [ 9.25, 11, 9.5, 11.5 ], "texture": "#mesh_atlas" },
				"east": { "uv": [ 9.25, 11, 9, 11.5 ], "texture": "#mesh_atlas" }
			}
		},
		{
			"__comment": "Voxels",
			"from": [ 5, 1, 5 ],
			"to": [ 10, 1.5, 6 ],
			"faces": {
				"down": { "uv": [ 3.5, 8, 6, 8.5 ], "texture": "#mesh_atlas" },
				"up": { "uv": [ 10, 16, 12.5, 15.5 ], "texture": "#mesh_atlas" },
				"north": { "uv": [ 9, 9.25, 6.5, 9.5 ], "texture": "#mesh_atlas" },
				"south": { "uv": [ 6.5, 9, 9, 9.25 ], "texture": "#mesh_atlas" },
				"west": { "uv": [ 10, 11.5, 10.5, 11.75 ], "texture": "#mesh_atlas" },
				"east": { "uv": [ 10, 11.5, 9.5, 11.75 ], "texture": "#mesh_atlas" }
			}
		},
		{
			"__comment": "Voxels",
			"from": [ 5, 1, 9 ],
			"to": [ 10, 1.5, 10 ],
			"faces": {
				"down": { "uv": [ 9, 15, 11.5, 15.5 ], "texture": "#mesh_atlas" },
				"up": { "uv": [ 11.5, 15.5, 14, 15 ], "texture": "#mesh_atlas" },
				"north": { "uv": [ 9, 10.5, 6.5, 10.75 ], "texture": "#mesh_atlas" },
				"south": { "uv": [ 6.5, 10.75, 9, 11 ], "texture": "#mesh_atlas" },
				"west": { "uv": [ 9, 11.5, 9.5, 11.75 ], "texture": "#mesh_atlas" },
				"east": { "uv": [ 10.5, 11.75, 10, 12 ], "texture": "#mesh_atlas" }
			}
		},
		{
			"__comment": "Voxels",
			"from": [ 5.5, 1.5, 5.5 ],
			"to": [ 6.5, 2, 6.5 ],
			"faces": {
				"down": { "uv": [ 3, 8.5, 3.5, 9 ], "texture": "#mesh_atlas" },
				"up": { "uv": [ 6, 10.5, 6.5, 10 ], "texture": "#mesh_atlas" },
				"north": { "uv": [ 15.5, 13.5, 15, 13.75 ], "texture": "#mesh_atlas" },
				"south": { "uv": [ 15.5, 13.5, 16, 13.75 ], "texture": "#mesh_atlas" },
				"west": { "uv": [ 9, 11.75, 9.5, 12 ], "texture": "#mesh_atlas" },
				"east": { "uv": [ 10, 11.75, 9.5, 12 ], "texture": "#mesh_atlas" }
			}
		},
		{
			"__comment": "Voxels",
			"from": [ 5, 1.5, 7 ],
			"to": [ 6, 2, 7.5 ],
			"faces": {
				"down": { "uv": [ 10, 10, 10.25, 10.25 ], "texture": "#mesh_atlas" },
				"up": { "uv": [ 10.25, 10.25, 10.5, 10 ], "texture": "#mesh_atlas" },
				"north": { "uv": [ 9.25, 9.75, 9, 10 ], "texture": "#mesh_atlas" },
				"south": { "uv": [ 9.25, 9.75, 9.5, 10 ], "texture": "#mesh_atlas" },
				"west": { "uv": [ 9.5, 9.75, 9.75, 10 ], "texture": "#mesh_atlas" },
				"east": { "uv": [ 10, 9.75, 9.75, 10 ], "texture": "#mesh_atlas" }
			}
		},
		{
			"__comment": "Voxels",
			"from": [ 5.5, 1.5, 8 ],
			"to": [ 6.5, 2, 9 ],
			"faces": {
				"down": { "uv": [ 15.5, 15, 16, 15.5 ], "texture": "#mesh_atlas" },
				"up": { "uv": [ 15.5, 16, 16, 15.5 ], "texture": "#mesh_atlas" },
				"north": { "uv": [ 10, 11.25, 9.5, 11.5 ], "texture": "#mesh_atlas" },
				"south": { "uv": [ 9.5, 11, 10, 11.25 ], "texture": "#mesh_atlas" },
				"west": { "uv": [ 10, 11.25, 10.5, 11.5 ], "texture": "#mesh_atlas" },
				"east": { "uv": [ 10.5, 11, 10, 11.25 ], "texture": "#mesh_atlas" }
			}
		},
		{
			"__comment": "Voxels",
			"from": [ 6, -0.5, 4.5 ],
			"to": [ 9, 0, 5 ],
			"faces": {
				"down": { "uv": [ 10.5, 13.75, 12, 14 ], "texture": "#mesh_atlas" },
				"up": { "uv": [ 9, 14, 10.5, 13.75 ], "texture": "#mesh_atlas" },
				"north": { "uv": [ 15, 14, 13.5, 14.25 ], "texture": "#mesh_atlas" },
				"south": { "uv": [ 12, 14, 13.5, 14.25 ], "texture": "#mesh_atlas" },
				"west": { "uv": [ 10, 9.75, 10.25, 10 ], "texture": "#mesh_atlas" },
				"east": { "uv": [ 10.5, 9.75, 10.25, 10 ], "texture": "#mesh_atlas" }
			}
		},
		{
			"__comment": "Voxels",
			"from": [ 6, -0.5, 10 ],
			"to": [ 9, 0, 10.5 ],
			"faces": {
				"down": { "uv": [ 10.5, 14, 12, 14.25 ], "texture": "#mesh_atlas" },
				"up": { "uv": [ 9, 14.25, 10.5, 14 ], "texture": "#mesh_atlas" },
				"north": { "uv": [ 15, 14.25, 13.5, 14.5 ], "texture": "#mesh_atlas" },
				"south": { "uv": [ 12, 14.25, 13.5, 14.5 ], "texture": "#mesh_atlas" },
				"west": { "uv": [ 9, 9.5, 9.25, 9.75 ], "texture": "#mesh_atlas" },
				"east": { "uv": [ 9.5, 9.5, 9.25, 9.75 ], "texture": "#mesh_atlas" }
			}
		},
		{
			"__comment": "Voxels",
			"from": [ 6, 0, 4 ],
			"to": [ 9, 1, 4.5 ],
			"faces": {
				"down": { "uv": [ 10.5, 14.25, 12, 14.5 ], "texture": "#mesh_atlas" },
				"up": { "uv": [ 9, 14.5, 10.5, 14.25 ], "texture": "#mesh_atlas" },
				"north": { "uv": [ 8, 11.5, 6.5, 12 ], "texture": "#mesh_atlas" },
				"south": { "uv": [ 6.5, 12, 8, 12.5 ], "texture": "#mesh_atlas" },
				"west": { "uv": [ 10, 10.5, 10.25, 11 ], "texture": "#mesh_atlas" },
				"east": { "uv": [ 10.5, 10.5, 10.25, 11 ], "texture": "#mesh_atlas" }
			}
		},
		{
			"__comment": "Voxels",
			"from": [ 6, 0, 10.5 ],
			"to": [ 9, 1, 11 ],
			"faces": {
				"down": { "uv": [ 6.5, 8, 8, 8.25 ], "texture": "#mesh_atlas" },
				"up": { "uv": [ 6.5, 8.5, 8, 8.25 ], "texture": "#mesh_atlas" },
				"north": { "uv": [ 8, 13, 6.5, 13.5 ], "texture": "#mesh_atlas" },
				"south": { "uv": [ 6.5, 12.5, 8, 13 ], "texture": "#mesh_atlas" },
				"west": { "uv": [ 9, 10, 9.25, 10.5 ], "texture": "#mesh_atlas" },
				"east": { "uv": [ 9.5, 10, 9.25, 10.5 ], "texture": "#mesh_atlas" }
			}
		},
		{
			"__comment": "Voxels",
			"from": [ 6, 1, 4.5 ],
			"to": [ 9, 1.5, 5 ],
			"faces": {
				"down": { "uv": [ 9, 12.5, 10.5, 12.75 ], "texture": "#mesh_atlas" },
				"up": { "uv": [ 9, 13, 10.5, 12.75 ], "texture": "#mesh_atlas" },
				"north": { "uv": [ 10.5, 13, 9, 13.25 ], "texture": "#mesh_atlas" },
				"south": { "uv": [ 9, 13.25, 10.5, 13.5 ], "texture": "#mesh_atlas" },
				"west": { "uv": [ 9.5, 9.5, 9.75, 9.75 ], "texture": "#mesh_atlas" },
				"east": { "uv": [ 10, 9.5, 9.75, 9.75 ], "texture": "#mesh_atlas" }
			}
		},
		{
			"__comment": "Voxels",
			"from": [ 6, 1, 10 ],
			"to": [ 9, 1.5, 10.5 ],
			"faces": {
				"down": { "uv": [ 13.5, 13.5, 15, 13.75 ], "texture": "#mesh_atlas" },
				"up": { "uv": [ 12, 13.75, 13.5, 13.5 ], "texture": "#mesh_atlas" },
				"north": { "uv": [ 12, 13.5, 10.5, 13.75 ], "texture": "#mesh_atlas" },
				"south": { "uv": [ 9, 13.5, 10.5, 13.75 ], "texture": "#mesh_atlas" },
				"west": { "uv": [ 10, 9.5, 10.25, 9.75 ], "texture": "#mesh_atlas" },
				"east": { "uv": [ 10.5, 9.5, 10.25, 9.75 ], "texture": "#mesh_atlas" }
			}
		},
		{
			"__comment": "Voxels",
			"from": [ 7, 1.5, 4.5 ],
			"to": [ 8, 2, 5.5 ],
			"faces": {
				"down": { "uv": [ 3, 11.5, 3.5, 12 ], "texture": "#mesh_atlas" },
				"up": { "uv": [ 3, 11.5, 3.5, 11 ], "texture": "#mesh_atlas" },
				"north": { "uv": [ 9, 12.5, 8.5, 12.75 ], "texture": "#mesh_atlas" },
				"south": { "uv": [ 8.5, 12.75, 9, 13 ], "texture": "#mesh_atlas" },
				"west": { "uv": [ 8.5, 13, 9, 13.25 ], "texture": "#mesh_atlas" },
				"east": { "uv": [ 8.5, 12.75, 8, 13 ], "texture": "#mesh_atlas" }
			}
		},
		{
			"__comment": "Voxels",
			"from": [ 7, 1.5, 6 ],
			"to": [ 8, 2, 7 ],
			"faces": {
				"down": { "uv": [ 3, 10.5, 3.5, 11 ], "texture": "#mesh_atlas" },
				"up": { "uv": [ 3, 10.5, 3.5, 10 ], "texture": "#mesh_atlas" },
				"north": { "uv": [ 8.5, 8.25, 8, 8.5 ], "texture": "#mesh_atlas" },
				"south": { "uv": [ 8, 8, 8.5, 8.25 ], "texture": "#mesh_atlas" },
				"west": { "uv": [ 15, 14.75, 15.5, 15 ], "texture": "#mesh_atlas" },
				"east": { "uv": [ 16, 14.75, 15.5, 15 ], "texture": "#mesh_atlas" }
			}
		},
		{
			"__comment": "Voxels",
			"from": [ 7, 1.5, 7.5 ],
			"to": [ 8, 2, 8.5 ],
			"faces": {
				"down": { "uv": [ 3, 12.5, 3.5, 13 ], "texture": "#mesh_atlas" },
				"up": { "uv": [ 3, 12.5, 3.5, 12 ], "texture": "#mesh_atlas" },
				"north": { "uv": [ 15.5, 14, 15, 14.25 ], "texture": "#mesh_atlas" },
				"south": { "uv": [ 15.5, 14, 16, 14.25 ], "texture": "#mesh_atlas" },
				"west": { "uv": [ 15, 13.75, 15.5, 14 ], "texture": "#mesh_atlas" },
				"east": { "uv": [ 16, 13.75, 15.5, 14 ], "texture": "#mesh_atlas" }
			}
		},
		{
			"__comment": "Voxels",
			"from": [ 7, 1.5, 9 ],
			"to": [ 8, 2, 10 ],
			"faces": {
				"down": { "uv": [ 8, 13.5, 8.5, 14 ], "texture": "#mesh_atlas" },
				"up": { "uv": [ 8.5, 14, 9, 13.5 ], "texture": "#mesh_atlas" },
				"north": { "uv": [ 16, 14.25, 15.5, 14.5 ], "texture": "#mesh_atlas" },
				"south": { "uv": [ 15, 14.25, 15.5, 14.5 ], "texture": "#mesh_atlas" },
				"west": { "uv": [ 15.5, 14.5, 16, 14.75 ], "texture": "#mesh_atlas" },
				"east": { "uv": [ 15.5, 14.5, 15, 14.75 ], "texture": "#mesh_atlas" }
			}
		},
		{
			"__comment": "Voxels",
			"from": [ 8.5, 1.5, 5.5 ],
			"to": [ 9.5, 2, 6.5 ],
			"faces": {
				"down": { "uv": [ 6, 8, 6.5, 8.5 ], "texture": "#mesh_atlas" },
				"up": { "uv": [ 6, 9, 6.5, 8.5 ], "texture": "#mesh_atlas" },
				"north": { "uv": [ 9, 8, 8.5, 8.25 ], "texture": "#mesh_atlas" },
				"south": { "uv": [ 8.5, 8.25, 9, 8.5 ], "texture": "#mesh_atlas" },
				"west": { "uv": [ 8.5, 11.5, 9, 11.75 ], "texture": "#mesh_atlas" },
				"east": { "uv": [ 9, 11.75, 8.5, 12 ], "texture": "#mesh_atlas" }
			}
		},
		{
			"__comment": "Voxels",
			"from": [ 8.5, 1.5, 9 ],
			"to": [ 9.5, 2, 10 ],
			"faces": {
				"down": { "uv": [ 3, 9, 3.5, 9.5 ], "texture": "#mesh_atlas" },
				"up": { "uv": [ 3, 10, 3.5, 9.5 ], "texture": "#mesh_atlas" },
				"north": { "uv": [ 9, 12, 8.5, 12.25 ], "texture": "#mesh_atlas" },
				"south": { "uv": [ 8.5, 12.25, 9, 12.5 ], "texture": "#mesh_atlas" },
				"west": { "uv": [ 8, 12, 8.5, 12.25 ], "texture": "#mesh_atlas" },
				"east": { "uv": [ 8.5, 12.25, 8, 12.5 ], "texture": "#mesh_atlas" }
			}
		},
		{
			"__comment": "Voxels",
			"from": [ 8.5, 1.5, 7 ],
			"to": [ 10, 2, 8.5 ],
			"faces": {
				"down": { "uv": [ 8.5, 13.25, 9, 13.5 ], "texture": "#mesh_atlas" },
				"up": { "uv": [ 8, 12.75, 8.5, 12.5 ], "texture": "#mesh_atlas" },
				"north": { "uv": [ 8.5, 11.75, 8, 12 ], "texture": "#mesh_atlas" },
				"south": { "uv": [ 8, 11.5, 8.5, 11.75 ], "texture": "#mesh_atlas" },
				"west": { "uv": [ 10, 10.25, 10.25, 10.5 ], "texture": "#mesh_atlas" },
				"east": { "uv": [ 10.5, 10.25, 10.25, 10.5 ], "texture": "#mesh_atlas" }
			}
		}
	],
	"display": {
		"thirdperson": {
			"rotation":  [ 0, 0, 252 ],
			"translation":  [3.5, -1, -2.50 ],
			"scale":  [ 1, 1, 1 ]
		},
		"firstperson": {
			"rotation":  [302, 12, 0 ],
			"translation":  [ 4.5, 5, -0.75 ],
			"scale":  [ 1.5, 1.5, 1.5 ]
		},
		"gui": {
			"rotation":  [ 0, 0, 0 ],
			"translation":  [ 1.25, 10.5, 0 ],
			"scale":  [ 3, 3, 3 ]
		}
	}
}