{"textures":{"particle":"items/egg","all":"items/egg"},"elements":[{"from":[7,11,7],"to":[9,12,9],"faces":{"down":{"uv":[6,6,10,10],"texture":"#all"},"up":{"uv":[6,6,10,10],"texture":"#all"},"north":{"uv":[7,2,9,3],"texture":"#all"},"south":{"uv":[9,2,7,3],"texture":"#all"},"west":{"uv":[7,2,9,3],"texture":"#all"},"east":{"uv":[9,2,7,3],"texture":"#all"}}},{"from":[5,10,5],"to":[11,11,11],"faces":{"down":{"uv":[5,5,10,9.5],"texture":"#all"},"up":{"uv":[5,5,10,10.5],"texture":"#all"},"north":{"uv":[5,3,11,4],"texture":"#all"},"south":{"uv":[11,3,5,4],"texture":"#all"},"west":{"uv":[5,3,11,4],"texture":"#all"},"east":{"uv":[11,3,5,4],"texture":"#all"}}},{"from":[4,8,4],"to":[12,10,12],"faces":{"down":{"uv":[9.5,7,4.5,11],"texture":"#all"},"up":{"uv":[4.5,7,9.5,11],"texture":"#all"},"north":{"uv":[4,4,12,6],"texture":"#all"},"south":{"uv":[12,4,4,6],"texture":"#all"},"west":{"uv":[4,4,12,6],"texture":"#all"},"east":{"uv":[12,4,4,6],"texture":"#all"}}},{"from":[3,6,3],"to":[13,8,13],"faces":{"down":{"uv":[9.5,7,5,11],"texture":"#all"},"up":{"uv":[5,7,9.5,11],"texture":"#all"},"north":{"uv":[3,6,13,8],"texture":"#all"},"south":{"uv":[13,6,3,8],"texture":"#all"},"west":{"uv":[3,6,13,8],"texture":"#all"},"east":{"uv":[13,6,3,8],"texture":"#all"}}},{"from":[2,4,2],"to":[14,6,14],"faces":{"down":{"uv":[9.5,6.5,4.5,11],"texture":"#all"},"up":{"uv":[4.5,6.5,9.5,11],"texture":"#all"},"north":{"uv":[2,8,14,11],"texture":"#all"},"south":{"uv":[14,8,2,11],"texture":"#all"},"west":{"uv":[2,8,14,11],"texture":"#all"},"east":{"uv":[14,8,2,11],"texture":"#all"}}},{"from":[3,2,3],"to":[13,4,13],"faces":{"down":{"uv":[10,7,4.5,11],"texture":"#all"},"up":{"uv":[4.5,7,10,11],"texture":"#all"},"north":{"uv":[3,11,13,13],"texture":"#all"},"south":{"uv":[13,11,3,13],"texture":"#all"},"west":{"uv":[3,11,13,13],"texture":"#all"},"east":{"uv":[13,11,3,13],"texture":"#all"}}},{"from":[4,1,4],"to":[12,2,12],"faces":{"down":{"uv":[5,7,9.5,11],"texture":"#all"},"up":{"uv":[5,7,9.5,11],"texture":"#all"},"north":{"uv":[4,13,12,14],"texture":"#all"},"south":{"uv":[12,13,4,14],"texture":"#all"},"west":{"uv":[4,13,12,14],"texture":"#all"},"east":{"uv":[12,13,4,14],"texture":"#all"}}},{"from":[6,0,6],"to":[10,1,10],"faces":{"down":{"uv":[4,6,10,11.5],"texture":"#all"},"up":{"uv":[0,0,1,1],"texture":"#all"},"north":{"uv":[6,14,10,15],"texture":"#all"},"south":{"uv":[6,14,10,15],"texture":"#all"},"west":{"uv":[6,14,10,15],"texture":"#all"},"east":{"uv":[6,14,10,15],"texture":"#all"}}}]}