{"__comment":"Designed by Hypixel minecraft server with BDcraft Cubik PRO 0.95 Beta - http://bdcraft.net","textures":{"texture":"blocks/glass_brown"},"elements":[{"from":[0,0,8],"to":[16,16,8.0625],"faces":{"north":{"uv":[0,0,16,16],"rotation":90,"texture":"#texture"},"south":{"uv":[16,0,0,16],"rotation":270,"texture":"#texture"}}}],"display":{"head":{"rotation":[-18,-71,0],"translation":[0,-10.5,-11.7],"scale":[3,3,3]},"firstperson":{"rotation":[-20,-136,-3],"translation":[-9,6.1,-2.6],"scale":[2.5,2.5,2.5]}}}