{"__comment":"Designed by Hypixel minecraft server with BDcraft Cubik PRO 0.95 Beta - http://bdcraft.net","textures":{"texture":"blocks/glass_brown"},"elements":[{"from":[0,0,8],"to":[16,16,8.0625],"faces":{"north":{"uv":[16,16,0,0],"rotation":90,"texture":"#texture"},"south":{"uv":[0,16,16,0],"rotation":270,"texture":"#texture"}}}],"display":{"head":{"rotation":[-170,90,0],"translation":[0,-11.1,-15],"scale":[3,3,3]},"firstperson":{"rotation":[-164,34,-7],"translation":[-6.6,2.5,-3.5],"scale":[3,3,3]}}}