{
"__comment": "Designed by Hypixel minecraft server with BDcraft Cubik PRO 0.93 Beta - http://bdcraft.net",
"textures": {
    "particle": "items/PerfectShoop",
    "texture": "items/PerfectShoop"
},
"elements": [ 
{
    "from": [ 0.5, 3, 0 ],
    "to": [ 2.5, 6, 12 ],
    "faces": {
        "down":  { "uv": [ 8.5, 15, 2.5, 15.5 ], "texture": "#texture" },
        "up":    { "uv": [ 2.5, 14, 8.5, 14.5 ], "rotation": 90, "texture": "#texture" },
        "north": { "uv": [ 3, 14, 3.5, 15.5 ], "texture": "#texture", "cullface": "north" },
        "south": { "uv": [ 8, 14, 8.5, 15.5 ], "texture": "#texture" },
        "west":  { "uv": [ 2.5, 14, 8.5, 15.5 ], "texture": "#texture" },
        "east":  { "uv": [ 8.5, 14, 2.5, 15.5 ], "texture": "#texture" }
    }
},
{
    "from": [ 0, 11, 12 ],
    "to": [ 16, 16, 16 ],
    "faces": {
        "down":  { "uv": [ 0.5, 4.5, 8.5, 5 ], "texture": "#texture" },
        "up":    { "uv": [ 8.5, 8.5, 9, 9 ], "texture": "#texture", "cullface": "up" },
        "north": { "uv": [ 8.5, 8.5, 9, 9 ], "texture": "#texture" },
        "south": { "uv": [ 0.5, 2.5, 8.5, 5 ], "texture": "#texture", "cullface": "south" },
        "west":  { "uv": [ 11.5, 7.5, 13.5, 10.5 ], "texture": "#texture", "cullface": "west" },
        "east":  { "uv": [ 13.5, 7.5, 11.5, 10.5 ], "texture": "#texture", "cullface": "east" }
    }
},
{
    "from": [ -1, 9, 12 ],
    "to": [ 17, 11, 15 ],
    "faces": {
        "down":  { "uv": [ 0, 5.5, 9, 6 ], "texture": "#texture" },
        "up":    { "uv": [ 0, 5, 9, 5.5 ], "texture": "#texture" },
        "north": { "uv": [ 8.5, 7.5, 9, 9 ], "texture": "#texture" },
        "south": { "uv": [ 0, 5, 9, 6 ], "texture": "#texture" },
        "west":  { "uv": [ 11.5, 10, 13, 11 ], "texture": "#texture" },
        "east":  { "uv": [ 13, 10, 11.5, 11 ], "texture": "#texture" }
    }
},
{
    "from": [ -1, 8, 12 ],
    "to": [ 17, 9, 14 ],
    "faces": {
        "down":  { "uv": [ 0, 6, 9, 6.5 ], "texture": "#texture" },
        "north": { "uv": [ 8.5, 7, 9, 7.5 ], "texture": "#texture" },
        "south": { "uv": [ 9, 6, 9.5, 6.5 ], "texture": "#texture" },
        "west":  { "uv": [ 11.5, 11, 12.5, 11.5 ], "texture": "#texture" },
        "east":  { "uv": [ 12.5, 11, 11.5, 11.5 ], "texture": "#texture" }
    }
},
{
    "from": [ 0, 9, 15 ],
    "to": [ 16, 10, 17 ],
    "faces": {
        "down":  { "uv": [ 0.5, 6, 8.5, 6.5 ], "texture": "#texture", "cullface": "south" },
        "up":    { "uv": [ 0.5, 6, 8.5, 6.5 ], "texture": "#texture", "cullface": "south" },
        "south": { "uv": [ 0.5, 6, 8.5, 6.5 ], "texture": "#texture", "cullface": "south" },
        "west":  { "uv": [ 14, 10.5, 13, 11 ], "texture": "#texture", "cullface": "south" },
        "east":  { "uv": [ 13, 10.5, 14, 11 ], "texture": "#texture", "cullface": "south" }
    }
},
{
    "from": [ 0, 8, 14 ],
    "to": [ 1, 9, 16 ],
    "faces": {
        "down":  { "uv": [ 0.5, 6, 1, 6.5 ], "texture": "#texture" },
        "up":    { "uv": [ 0.5, 6, 1, 6.5 ], "texture": "#texture" },
        "south": { "uv": [ 0.5, 6, 1, 6.5 ], "texture": "#texture", "cullface": "south" },
        "west":  { "uv": [ 12.5, 11.5, 13.5, 12 ], "texture": "#texture", "cullface": "west" },
        "east":  { "uv": [ 12.5, 11.5, 13.5, 12 ], "texture": "#texture" }
    }
},
{
    "from": [ 2, 10, 15 ],
    "to": [ 10, 11, 20 ],
    "faces": {
        "down":  { "uv": [ 1.5, 5, 5.5, 5.5 ], "texture": "#texture", "cullface": "south" },
        "up":    { "uv": [ 1.5, 5, 5.5, 5.5 ], "texture": "#texture", "cullface": "south" },
        "south": { "uv": [ 1.5, 5, 5.5, 5.5 ], "texture": "#texture", "cullface": "south" },
        "west":  { "uv": [ 15.5, 10, 13, 10.5 ], "texture": "#texture", "cullface": "south" },
        "east":  { "uv": [ 13, 10, 15.5, 10.5 ], "texture": "#texture", "cullface": "south" }
    }
},
{
    "from": [ 0, 4, 12 ],
    "to": [ 2, 5, 14 ],
    "faces": {
        "north": { "uv": [ 0.5, 7.5, 1.5, 8 ], "texture": "#texture" },
        "south": { "uv": [ 0.5, 7.5, 1.5, 8 ], "texture": "#texture" },
        "west":  { "uv": [ 11.5, 13, 12.5, 13.5 ], "texture": "#texture", "cullface": "west" },
        "east":  { "uv": [ 11.5, 13, 12.5, 13.5 ], "texture": "#texture" }
    }
},
{
    "from": [ 0, 3, 12 ],
    "to": [ 2, 4, 14 ],
    "faces": {
        "down":  { "uv": [ 0.5, 8, 1.5, 8.5 ], "texture": "#texture" },
        "north": { "uv": [ 0.5, 8, 1.5, 8.5 ], "texture": "#texture" },
        "south": { "uv": [ 0.5, 8, 1.5, 8.5 ], "texture": "#texture" },
        "west":  { "uv": [ 12, 13.5, 12.5, 14 ], "texture": "#texture", "cullface": "west" },
        "east":  { "uv": [ 12, 13.5, 12.5, 14 ], "texture": "#texture" }
    }
},
{
    "from": [ 0, 2, 12 ],
    "to": [ 2, 3, 13 ],
    "faces": {
        "north": { "uv": [ 0.5, 9, 1.5, 9.5 ], "texture": "#texture" },
        "south": { "uv": [ 0.5, 9, 1.5, 9.5 ], "texture": "#texture" },
        "west":  { "uv": [ 12, 14, 12.5, 14.5 ], "texture": "#texture", "cullface": "west" }
    }
},
{
    "from": [ 0, 0, 12 ],
    "to": [ 16, 2, 13 ],
    "faces": {
        "up":    { "uv": [ 1, 9.5, 1.5, 10 ], "texture": "#texture" },
        "north": { "uv": [ 8.5, 9.5, 9, 10.5 ], "texture": "#texture" },
        "south": { "uv": [ 0.5, 9.5, 8.5, 10.5 ], "texture": "#texture" },
        "west":  { "uv": [ 12, 14.5, 12.5, 15.5 ], "texture": "#texture", "cullface": "west" },
        "east":  { "uv": [ 12, 14.5, 12.5, 15.5 ], "texture": "#texture", "cullface": "east" }
    }
},
{
    "from": [ 0, -1, 12 ],
    "to": [ 16, 0, 14 ],
    "faces": {
        "down":  { "uv": [ 0.5, 10.5, 8.5, 11 ], "texture": "#texture", "cullface": "down" },
        "up":    { "uv": [ 0.5, 10.5, 8.5, 11 ], "texture": "#texture", "cullface": "down" },
        "north": { "uv": [ 8.5, 10.5, 9, 11 ], "texture": "#texture", "cullface": "down" },
        "south": { "uv": [ 0.5, 10.5, 8.5, 11 ], "texture": "#texture", "cullface": "down" },
        "west":  { "uv": [ 12.5, 15.5, 12, 16 ], "texture": "#texture", "cullface": "down" },
        "east":  { "uv": [ 12.5, 15.5, 12, 16 ], "texture": "#texture", "cullface": "down" }
    }
},
{
    "from": [ 4, -1, 14 ],
    "to": [ 12, 0, 18 ],
    "faces": {
        "down":  { "uv": [ 2.5, 10.5, 4, 11 ], "texture": "#texture", "cullface": "south" },
        "south": { "uv": [ 2.5, 10.5, 4, 11 ], "texture": "#texture", "cullface": "south" },
        "west":  { "uv": [ 2.5, 10.5, 4, 11 ], "texture": "#texture", "cullface": "south" }
    }
},
{
    "from": [ 4, 0, 13 ],
    "to": [ 14, 1, 19 ],
    "faces": {
        "down":  { "uv": [ 2.5, 10, 7, 10.5 ], "texture": "#texture", "cullface": "south" },
        "up":    { "uv": [ 2.5, 10, 7, 10.5 ], "texture": "#texture", "cullface": "south" },
        "south": { "uv": [ 2.5, 10, 7, 10.5 ], "texture": "#texture", "cullface": "south" },
        "west":  { "uv": [ 12.5, 15, 15, 15.5 ], "texture": "#texture", "cullface": "south" },
        "east":  { "uv": [ 12.5, 15, 15, 15.5 ], "texture": "#texture", "cullface": "south" }
    }
},
{
    "from": [ 2, 1, 13 ],
    "to": [ 4, 2, 14 ],
    "faces": {
        "down":  { "uv": [ 12.5, 14.5, 13, 15 ], "texture": "#texture" },
        "up":    { "uv": [ 12.5, 14.5, 13, 15 ], "texture": "#texture" },
        "south": { "uv": [ 12.5, 14.5, 13, 15 ], "texture": "#texture" },
        "west":  { "uv": [ 12.5, 14.5, 13, 15 ], "texture": "#texture" },
        "east":  { "uv": [ 12.5, 14.5, 13, 15 ], "texture": "#texture" }
    }
},
{
    "from": [ 2, 2, 13 ],
    "to": [ 3, 3, 15 ],
    "faces": {
        "down":  { "uv": [ 1.5, 9, 2, 9.5 ], "texture": "#texture" },
        "up":    { "uv": [ 1.5, 9, 2, 9.5 ], "texture": "#texture" },
        "south": { "uv": [ 1.5, 9, 2, 9.5 ], "texture": "#texture" },
        "west":  { "uv": [ 12.5, 14, 13, 14.5 ], "texture": "#texture" },
        "east":  { "uv": [ 12.5, 14, 13, 14.5 ], "texture": "#texture" }
    }
},
{
    "from": [ 2, 3, 14 ],
    "to": [ 3, 4, 15 ],
    "faces": {
        "north": { "uv": [ 12.5, 14, 13, 14.5 ], "texture": "#texture" },
        "south": { "uv": [ 12.5, 14, 13, 14.5 ], "texture": "#texture" },
        "west":  { "uv": [ 12.5, 14, 13, 14.5 ], "texture": "#texture" },
        "east":  { "uv": [ 12.5, 14, 13, 14.5 ], "texture": "#texture" }
    }
},
{
    "from": [ 2, 4, 14 ],
    "to": [ 3, 5, 16 ],
    "faces": {
        "down":  { "uv": [ 1.5, 8, 2, 8.5 ], "texture": "#texture" },
        "up":    { "uv": [ 1.5, 8, 2, 8.5 ], "texture": "#texture" },
        "north": { "uv": [ 1.5, 8, 2, 8.5 ], "texture": "#texture" },
        "south": { "uv": [ 1.5, 8, 2, 8.5 ], "texture": "#texture", "cullface": "south" },
        "west":  { "uv": [ 13.5, 13, 13, 13.5 ], "texture": "#texture" },
        "east":  { "uv": [ 13.5, 13, 13, 13.5 ], "texture": "#texture" }
    }
},
{
    "from": [ 2, 5, 15 ],
    "to": [ 3, 7, 16 ],
    "faces": {
        "up":    { "uv": [ 1.5, 7, 2, 7.5 ], "texture": "#texture" },
        "north": { "uv": [ 1.5, 7, 2, 8 ], "texture": "#texture" },
        "south": { "uv": [ 1.5, 7, 2, 8 ], "texture": "#texture", "cullface": "south" },
        "west":  { "uv": [ 13, 12.5, 13.5, 13 ], "texture": "#texture" },
        "east":  { "uv": [ 13, 12.5, 13.5, 13 ], "texture": "#texture" }
    }
},
{
    "from": [ 14, 7, 16 ],
    "to": [ 15, 8, 17 ],
    "faces": {
        "down":  { "uv": [ 7, 6.5, 7.5, 7 ], "texture": "#texture", "cullface": "south" },
        "up":    { "uv": [ 7, 6.5, 7.5, 7 ], "texture": "#texture", "cullface": "south" },
        "north": { "uv": [ 7, 6.5, 7.5, 7 ], "texture": "#texture", "cullface": "south" },
        "south": { "uv": [ 7, 6.5, 7.5, 7 ], "texture": "#texture", "cullface": "south" },
        "west":  { "uv": [ 13.5, 11.5, 14, 12 ], "texture": "#texture", "cullface": "south" },
        "east":  { "uv": [ 13.5, 11.5, 14, 12 ], "texture": "#texture", "cullface": "south" }
    }
},
{
    "from": [ 2, 8, 16 ],
    "to": [ 13, 9, 21 ],
    "faces": {
        "down":  { "uv": [ 1.5, 6, 6.5, 6.5 ], "texture": "#texture", "cullface": "south" },
        "up":    { "uv": [ 1.5, 6, 6.5, 6.5 ], "texture": "#texture", "cullface": "south" },
        "north": { "uv": [ 1.5, 6, 6.5, 6.5 ], "texture": "#texture", "cullface": "south" },
        "south": { "uv": [ 1.5, 6, 6.5, 6.5 ], "texture": "#texture", "cullface": "south" },
        "west":  { "uv": [ 13.5, 11, 16, 11.5 ], "texture": "#texture", "cullface": "south" },
        "east":  { "uv": [ 16, 11, 13.5, 11.5 ], "texture": "#texture", "cullface": "south" }
    }
},
{
    "from": [ 2, 9, 17 ],
    "to": [ 12, 10, 21 ],
    "faces": {
        "up":    { "uv": [ 1.5, 5.5, 6, 6 ], "texture": "#texture", "cullface": "south" },
        "south": { "uv": [ 1.5, 5.5, 6, 6 ], "texture": "#texture", "cullface": "south" },
        "west":  { "uv": [ 14, 10.5, 16, 11 ], "texture": "#texture", "cullface": "south" },
        "east":  { "uv": [ 16, 10.5, 14, 11 ], "texture": "#texture", "cullface": "south" }
    }
},
{
    "from": [ -1, 14, 11 ],
    "to": [ 17, 15, 12 ],
    "faces": {
        "down":  { "uv": [ 0, 3, 9, 3.5 ], "texture": "#texture" },
        "up":    { "uv": [ 0.5, 3, 1, 3.5 ], "texture": "#texture" },
        "north": { "uv": [ 0.5, 3, 1, 3.5 ], "texture": "#texture" },
        "south": { "uv": [ 0, 3, 9, 3.5 ], "texture": "#texture" },
        "west":  { "uv": [ 11, 8, 11.5, 8.5 ], "texture": "#texture" },
        "east":  { "uv": [ 11, 8, 11.5, 8.5 ], "texture": "#texture" }
    }
},
{
    "from": [ -1, 15, 12 ],
    "to": [ 0, 16, 14 ],
    "faces": {
        "down":  { "uv": [ 0, 2.5, 0.5, 3 ], "texture": "#texture", "cullface": "west" },
        "up":    { "uv": [ 0, 2.5, 0.5, 3 ], "texture": "#texture", "cullface": "west" },
        "north": { "uv": [ 0, 2.5, 0.5, 3 ], "texture": "#texture", "cullface": "west" },
        "south": { "uv": [ 0, 2.5, 0.5, 3 ], "texture": "#texture", "cullface": "west" },
        "west":  { "uv": [ 11.5, 7.5, 12.5, 8 ], "texture": "#texture", "cullface": "west" }
    }
},
{
    "from": [ 4, 16, 14 ],
    "to": [ 6, 17, 17 ],
    "faces": {
        "down":  { "uv": [ 2, 2, 3, 2.5 ], "texture": "#texture", "cullface": "south" },
        "up":    { "uv": [ 2, 2, 3, 2.5 ], "texture": "#texture", "cullface": "south" },
        "north": { "uv": [ 1, 2, 2, 2.5 ], "texture": "#texture", "cullface": "south" },
        "south": { "uv": [ 2, 2, 3, 2.5 ], "texture": "#texture", "cullface": "south" },
        "west":  { "uv": [ 13.5, 7, 14, 7.5 ], "texture": "#texture", "cullface": "south" },
        "east":  { "uv": [ 13.5, 7, 14, 7.5 ], "texture": "#texture", "cullface": "south" }
    }
},
{
    "from": [ 1, 9, 17 ],
    "to": [ 2, 10, 20 ],
    "faces": {
        "up":    { "uv": [ 1, 5.5, 1.5, 6 ], "texture": "#texture", "cullface": "south" },
        "south": { "uv": [ 1, 5.5, 1.5, 6 ], "texture": "#texture", "cullface": "south" },
        "west":  { "uv": [ 14, 10.5, 15.5, 11 ], "texture": "#texture", "cullface": "south" }
    }
},
{
    "from": [ 12, 9, 17 ],
    "to": [ 13, 10, 20 ],
    "faces": {
        "up":    { "uv": [ 1, 5.5, 1.5, 6 ], "texture": "#texture", "cullface": "south" },
        "south": { "uv": [ 1, 5.5, 1.5, 6 ], "texture": "#texture", "cullface": "south" },
        "east":  { "uv": [ 15.5, 10.5, 14, 11 ], "texture": "#texture", "cullface": "south" }
    }
},
{
    "from": [ 1, 8, 16 ],
    "to": [ 2, 9, 20 ],
    "faces": {
        "down":  { "uv": [ 1, 6, 1.5, 6.5 ], "texture": "#texture", "cullface": "south" },
        "up":    { "uv": [ 1, 6, 1.5, 6.5 ], "texture": "#texture", "cullface": "south" },
        "north": { "uv": [ 1, 6, 1.5, 6.5 ], "texture": "#texture", "cullface": "south" },
        "south": { "uv": [ 1, 6, 1.5, 6.5 ], "texture": "#texture", "cullface": "south" },
        "west":  { "uv": [ 13.5, 11.5, 15.5, 12 ], "texture": "#texture", "cullface": "south" }
    }
},
{
    "from": [ 13, 8, 16 ],
    "to": [ 14, 9, 20 ],
    "faces": {
        "down":  { "uv": [ 6.5, 6, 7, 6.5 ], "texture": "#texture", "cullface": "south" },
        "up":    { "uv": [ 6.5, 6, 7, 6.5 ], "texture": "#texture", "cullface": "south" },
        "north": { "uv": [ 6.5, 6, 7, 6.5 ], "texture": "#texture", "cullface": "south" },
        "south": { "uv": [ 6.5, 6, 7, 6.5 ], "texture": "#texture", "cullface": "south" },
        "east":  { "uv": [ 16, 11.5, 14, 12 ], "texture": "#texture", "cullface": "south" }
    }
},
{
    "from": [ 4, 7, 19 ],
    "to": [ 12, 8, 20 ],
    "faces": {
        "down":  { "uv": [ 2.5, 6.5, 6, 7 ], "texture": "#texture", "cullface": "south" },
        "north": { "uv": [ 6, 6.5, 2.5, 7 ], "texture": "#texture", "cullface": "south" },
        "south": { "uv": [ 2.5, 6.5, 6, 7 ], "texture": "#texture", "cullface": "south" },
        "west":  { "uv": [ 14.5, 12.5, 15, 13 ], "texture": "#texture", "cullface": "south" },
        "east":  { "uv": [ 14, 12.5, 14.5, 13 ], "texture": "#texture", "cullface": "south" }
    }
},
{
    "from": [ 13, 7, 17 ],
    "to": [ 14, 8, 18 ],
    "faces": {
        "down":  { "uv": [ 6.5, 6.5, 7, 7 ], "texture": "#texture", "cullface": "south" },
        "north": { "uv": [ 6.5, 6.5, 7, 7 ], "texture": "#texture", "cullface": "south" },
        "south": { "uv": [ 6.5, 6.5, 7, 7 ], "texture": "#texture", "cullface": "south" },
        "west":  { "uv": [ 13.5, 11.5, 14, 12 ], "texture": "#texture", "cullface": "south" },
        "east":  { "uv": [ 13.5, 11.5, 14, 12 ], "texture": "#texture", "cullface": "south" }
    }
},
{
    "from": [ 2, 7, 16 ],
    "to": [ 3, 8, 17 ],
    "faces": {
        "down":  { "uv": [ 1.5, 6.5, 2, 7 ], "texture": "#texture", "cullface": "south" },
        "north": { "uv": [ 1.5, 6.5, 2, 7 ], "texture": "#texture", "cullface": "south" },
        "south": { "uv": [ 1.5, 6.5, 2, 7 ], "texture": "#texture", "cullface": "south" },
        "west":  { "uv": [ 1.5, 6.5, 2, 7 ], "texture": "#texture", "cullface": "south" },
        "east":  { "uv": [ 1.5, 6.5, 2, 7 ], "texture": "#texture", "cullface": "south" }
    }
},
{
    "from": [ 14, 5, 15 ],
    "to": [ 15, 7, 16 ],
    "faces": {
        "up":    { "uv": [ 7, 7, 7.5, 7.5 ], "texture": "#texture" },
        "north": { "uv": [ 7, 7, 7.5, 8 ], "texture": "#texture" },
        "south": { "uv": [ 7, 7, 7.5, 8 ], "texture": "#texture", "cullface": "south" },
        "west":  { "uv": [ 14, 11.5, 14.5, 12.5 ], "texture": "#texture" },
        "east":  { "uv": [ 14, 11.5, 14.5, 12.5 ], "texture": "#texture" }
    }
},
{
    "from": [ 14, 4, 14 ],
    "to": [ 15, 5, 16 ],
    "faces": {
        "down":  { "uv": [ 7, 8, 7.5, 8.5 ], "texture": "#texture" },
        "up":    { "uv": [ 7, 8, 7.5, 8.5 ], "texture": "#texture" },
        "north": { "uv": [ 7, 8, 7.5, 8.5 ], "texture": "#texture" },
        "south": { "uv": [ 7, 8, 7.5, 8.5 ], "texture": "#texture", "cullface": "south" },
        "west":  { "uv": [ 7, 8, 7.5, 8.5 ], "texture": "#texture" },
        "east":  { "uv": [ 7, 8, 7.5, 8.5 ], "texture": "#texture" }
    }
},
{
    "from": [ 14, 3, 14 ],
    "to": [ 15, 4, 15 ],
    "faces": {
        "north": { "uv": [ 7, 8.5, 7.5, 9 ], "texture": "#texture" },
        "south": { "uv": [ 7, 8.5, 7.5, 9 ], "texture": "#texture" },
        "east":  { "uv": [ 7, 8.5, 7.5, 9 ], "texture": "#texture" }
    }
},
{
    "from": [ 14, 2, 13 ],
    "to": [ 15, 3, 15 ],
    "faces": {
        "down":  { "uv": [ 7, 9, 7.5, 9.5 ], "texture": "#texture" },
        "up":    { "uv": [ 7, 9, 7.5, 9.5 ], "texture": "#texture" },
        "south": { "uv": [ 7, 9, 7.5, 9.5 ], "texture": "#texture" },
        "west":  { "uv": [ 7, 9, 7.5, 9.5 ], "texture": "#texture" },
        "east":  { "uv": [ 7, 9, 7.5, 9.5 ], "texture": "#texture" }
    }
},
{
    "from": [ 3, 0, 13 ],
    "to": [ 4, 1, 18 ],
    "faces": {
        "down":  { "uv": [ 2, 10, 2.5, 10.5 ], "texture": "#texture", "cullface": "south" },
        "up":    { "uv": [ 2, 10, 2.5, 10.5 ], "texture": "#texture", "cullface": "south" },
        "south": { "uv": [ 2, 10, 2.5, 10.5 ], "texture": "#texture", "cullface": "south" },
        "west":  { "uv": [ 12.5, 15, 14.5, 15.5 ], "texture": "#texture", "cullface": "south" }
    }
},
{
    "from": [ 14, 0, 13 ],
    "to": [ 15, 1, 18 ],
    "faces": {
        "down":  { "uv": [ 7, 10, 7.5, 10.5 ], "texture": "#texture", "cullface": "south" },
        "up":    { "uv": [ 7, 10, 7.5, 10.5 ], "texture": "#texture", "cullface": "south" },
        "south": { "uv": [ 7, 10, 7.5, 10.5 ], "texture": "#texture", "cullface": "south" },
        "east":  { "uv": [ 7, 10, 7.5, 10.5 ], "texture": "#texture", "cullface": "south" }
    }
},
{
    "from": [ 4, 1, 16 ],
    "to": [ 12, 2, 17 ],
    "faces": {
        "up":    { "uv": [ 2.5, 6.5, 6, 7 ], "texture": "#texture", "cullface": "south" },
        "north": { "uv": [ 6, 6.5, 2.5, 7 ], "texture": "#texture", "cullface": "south" },
        "south": { "uv": [ 2.5, 6.5, 6, 7 ], "texture": "#texture", "cullface": "south" },
        "west":  { "uv": [ 14, 14.5, 14.5, 15 ], "texture": "#texture", "cullface": "south" },
        "east":  { "uv": [ 14, 14.5, 14.5, 15 ], "texture": "#texture", "cullface": "south" }
    }
},
{
    "from": [ 13, 1, 13 ],
    "to": [ 15, 2, 14 ],
    "faces": {
        "down":  { "uv": [ 12.5, 14.5, 13, 15 ], "texture": "#texture" },
        "up":    { "uv": [ 12.5, 14.5, 13, 15 ], "texture": "#texture" },
        "south": { "uv": [ 6.5, 9.5, 7.5, 10 ], "texture": "#texture" },
        "west":  { "uv": [ 12.5, 14.5, 13, 15 ], "texture": "#texture" },
        "east":  { "uv": [ 12.5, 14.5, 13, 15 ], "texture": "#texture" }
    }
},
{
    "from": [ 3, -1, 14 ],
    "to": [ 4, 0, 17 ],
    "faces": {
        "down":  { "uv": [ 2, 10.5, 2.5, 11 ], "texture": "#texture", "cullface": "south" },
        "south": { "uv": [ 2, 10.5, 2.5, 11 ], "texture": "#texture", "cullface": "south" },
        "west":  { "uv": [ 12.5, 15.5, 14, 16 ], "texture": "#texture", "cullface": "south" }
    }
},
{
    "from": [ 13, -1, 14 ],
    "to": [ 14, 0, 17 ],
    "faces": {
        "down":  { "uv": [ 6.5, 10.5, 7, 11 ], "texture": "#texture", "cullface": "south" },
        "south": { "uv": [ 6.5, 10.5, 7, 11 ], "texture": "#texture", "cullface": "south" },
        "east":  { "uv": [ 12.5, 15.5, 14, 16 ], "texture": "#texture", "cullface": "south" }
    }
},
{
    "from": [ 12, 1, 14 ],
    "to": [ 13, 2, 16 ],
    "faces": {
        "north": { "uv": [ 6, 9.5, 6.5, 10 ], "texture": "#texture" },
        "south": { "uv": [ 6, 9.5, 6.5, 10 ], "texture": "#texture", "cullface": "south" },
        "west":  { "uv": [ 6, 9.5, 6.5, 10 ], "texture": "#texture" },
        "east":  { "uv": [ 6, 9.5, 6.5, 10 ], "texture": "#texture" }
    }
},
{
    "from": [ 9, 2, 14 ],
    "to": [ 14, 3, 16 ],
    "faces": {
        "down":  { "uv": [ 4, 9, 7, 9.5 ], "texture": "#texture" },
        "up":    { "uv": [ 4, 9, 7, 9.5 ], "texture": "#texture" },
        "north": { "uv": [ 4, 9, 7, 9.5 ], "texture": "#texture" },
        "south": { "uv": [ 4, 9, 7, 9.5 ], "texture": "#texture", "cullface": "south" },
        "west":  { "uv": [ 4, 9, 4.5, 9.5 ], "texture": "#texture" },
        "east":  { "uv": [ 4, 9, 4.5, 9.5 ], "texture": "#texture" }
    }
},
{
    "from": [ 10, 3, 14 ],
    "to": [ 14, 4, 15 ],
    "faces": {
        "up":    { "uv": [ 4.5, 8.5, 7, 9 ], "texture": "#texture" },
        "north": { "uv": [ 4.5, 8.5, 7, 9 ], "texture": "#texture" },
        "south": { "uv": [ 4.5, 8.5, 7, 9 ], "texture": "#texture" },
        "west":  { "uv": [ 4, 9, 4.5, 9.5 ], "texture": "#texture" }
    }
},
{
    "from": [ 16, -1, 11 ],
    "to": [ 17, 8, 12 ],
    "faces": {
        "down":  { "uv": [ 0, 7, 0.5, 7.5 ], "texture": "#texture", "cullface": "east" },
        "up":    { "uv": [ 0, 6.5, 0.5, 7 ], "texture": "#texture", "cullface": "east" },
        "north": { "uv": [ 0, 6.5, 0.5, 11 ], "texture": "#texture", "cullface": "east" },
        "south": { "uv": [ 0, 6.5, 0.5, 11 ], "texture": "#texture", "cullface": "east" },
        "west":  { "uv": [ 0, 6.5, 0.5, 11 ], "texture": "#texture", "cullface": "east" },
        "east":  { "uv": [ 0, 6.5, 0.5, 11 ], "texture": "#texture", "cullface": "east" }
    }
},
{
    "from": [ 15, 2, 12 ],
    "to": [ 16, 3, 13 ],
    "faces": {
        "north": { "uv": [ 1, 9, 1.5, 9.5 ], "texture": "#texture" },
        "south": { "uv": [ 1, 9, 1.5, 9.5 ], "texture": "#texture" },
        "east":  { "uv": [ 12, 14, 12.5, 14.5 ], "texture": "#texture", "cullface": "east" }
    }
},
{
    "from": [ 15, 3, 12 ],
    "to": [ 16, 4, 14 ],
    "faces": {
        "down":  { "uv": [ 1, 8, 1.5, 8.5 ], "texture": "#texture" },
        "north": { "uv": [ 1, 8, 1.5, 8.5 ], "texture": "#texture" },
        "south": { "uv": [ 1, 8, 1.5, 8.5 ], "texture": "#texture" },
        "west":  { "uv": [ 11.5, 13.5, 12.5, 14 ], "texture": "#texture" },
        "east":  { "uv": [ 11.5, 13.5, 12.5, 14 ], "texture": "#texture", "cullface": "east" }
    }
},
{
    "from": [ 15, 4, 12 ],
    "to": [ 16, 5, 14 ],
    "faces": {
        "north": { "uv": [ 1, 7.5, 1.5, 8 ], "texture": "#texture" },
        "south": { "uv": [ 1, 7.5, 1.5, 8 ], "texture": "#texture" },
        "west":  { "uv": [ 11.5, 13, 12.5, 13.5 ], "texture": "#texture" },
        "east":  { "uv": [ 12.5, 13, 11.5, 13.5 ], "texture": "#texture", "cullface": "east" }
    }
},
{
    "from": [ 0, 5, 12 ],
    "to": [ 2, 6, 15 ],
    "faces": {
        "down":  { "uv": [ 0.5, 7.5, 1.5, 8 ], "texture": "#texture" },
        "north": { "uv": [ 0.5, 7.5, 1.5, 8 ], "texture": "#texture" },
        "south": { "uv": [ 0.5, 7.5, 1.5, 8 ], "texture": "#texture" },
        "west":  { "uv": [ 11.5, 12.5, 13, 13 ], "texture": "#texture", "cullface": "west" },
        "east":  { "uv": [ 11.5, 12.5, 13, 13 ], "texture": "#texture" }
    }
},
{
    "from": [ 15, 5, 12 ],
    "to": [ 16, 6, 15 ],
    "faces": {
        "down":  { "uv": [ 1, 7.5, 1.5, 8 ], "texture": "#texture" },
        "north": { "uv": [ 1, 7.5, 1.5, 8 ], "texture": "#texture" },
        "south": { "uv": [ 1, 7.5, 1.5, 8 ], "texture": "#texture" },
        "west":  { "uv": [ 11.5, 12.5, 13, 13 ], "texture": "#texture" },
        "east":  { "uv": [ 13, 12.5, 11.5, 13 ], "texture": "#texture", "cullface": "east" }
    }
},
{
    "from": [ 0, 6, 12 ],
    "to": [ 2, 8, 15 ],
    "faces": {
        "up":    { "uv": [ 0.5, 6.5, 1.5, 7 ], "texture": "#texture" },
        "north": { "uv": [ 0.5, 6.5, 1.5, 7 ], "texture": "#texture" },
        "south": { "uv": [ 0.5, 6.5, 1.5, 7 ], "texture": "#texture" },
        "west":  { "uv": [ 11.5, 12, 13, 12.5 ], "texture": "#texture", "cullface": "west" },
        "east":  { "uv": [ 11.5, 12, 13, 12.5 ], "texture": "#texture" }
    }
},
{
    "from": [ 15, 6, 12 ],
    "to": [ 16, 8, 15 ],
    "faces": {
        "up":    { "uv": [ 1, 6.5, 1.5, 7 ], "texture": "#texture" },
        "north": { "uv": [ 1, 6.5, 1.5, 7 ], "texture": "#texture" },
        "south": { "uv": [ 1, 6.5, 1.5, 7 ], "texture": "#texture" },
        "west":  { "uv": [ 11.5, 12, 13, 12.5 ], "texture": "#texture" },
        "east":  { "uv": [ 13, 12, 11.5, 12.5 ], "texture": "#texture", "cullface": "east" }
    }
},
{
    "from": [ 1, 7, 15 ],
    "to": [ 2, 8, 16 ],
    "faces": {
        "down":  { "uv": [ 0.5, 7, 1, 7.5 ], "texture": "#texture" },
        "up":    { "uv": [ 0.5, 7, 1, 7.5 ], "texture": "#texture" },
        "south": { "uv": [ 0.5, 7, 1, 7.5 ], "texture": "#texture", "cullface": "south" },
        "west":  { "uv": [ 0.5, 7, 1, 7.5 ], "texture": "#texture" },
        "east":  { "uv": [ 0.5, 7, 1, 7.5 ], "texture": "#texture" }
    }
},
{
    "from": [ 15, 7, 15 ],
    "to": [ 16, 8, 16 ],
    "faces": {
        "down":  { "uv": [ 0.5, 7, 1, 7.5 ], "texture": "#texture" },
        "south": { "uv": [ 0.5, 7, 1, 7.5 ], "texture": "#texture", "cullface": "south" },
        "west":  { "uv": [ 0, 7, 0.5, 11 ], "texture": "#texture" },
        "east":  { "uv": [ 0, 7, 0.5, 11 ], "texture": "#texture", "cullface": "east" }
    }
},
{
    "from": [ 14, 8, 14 ],
    "to": [ 16, 9, 16 ],
    "faces": {
        "down":  { "uv": [ 0.5, 6, 1, 6.5 ], "texture": "#texture" },
        "up":    { "uv": [ 0.5, 6, 1, 6.5 ], "texture": "#texture" },
        "south": { "uv": [ 0.5, 6, 1, 6.5 ], "texture": "#texture", "cullface": "south" },
        "west":  { "uv": [ 12.5, 11.5, 13.5, 12 ], "texture": "#texture" },
        "east":  { "uv": [ 12.5, 11.5, 13.5, 12 ], "texture": "#texture", "cullface": "east" }
    }
},
{
    "from": [ 1, 10, 15 ],
    "to": [ 2, 11, 18 ],
    "faces": {
        "down":  { "uv": [ 1, 5, 1.5, 5.5 ], "texture": "#texture", "cullface": "south" },
        "up":    { "uv": [ 1, 5, 1.5, 5.5 ], "texture": "#texture", "cullface": "south" },
        "south": { "uv": [ 1, 5, 1.5, 5.5 ], "texture": "#texture", "cullface": "south" },
        "west":  { "uv": [ 14.5, 10, 13, 10.5 ], "texture": "#texture", "cullface": "south" }
    }
},
{
    "from": [ 1, 11, 16 ],
    "to": [ 4, 12, 18 ],
    "faces": {
        "down":  { "uv": [ 1, 4.5, 2.5, 5 ], "texture": "#texture", "cullface": "south" },
        "south": { "uv": [ 1, 4.5, 2.5, 5 ], "texture": "#texture", "cullface": "south" },
        "west":  { "uv": [ 13.5, 9.5, 14.5, 10 ], "texture": "#texture", "cullface": "south" },
        "east":  { "uv": [ 13.5, 9.5, 14.5, 10 ], "texture": "#texture", "cullface": "south" }
    }
},
{
    "from": [ 0, 12, 16 ],
    "to": [ 5, 14, 18 ],
    "faces": {
        "down":  { "uv": [ 0.5, 4, 3, 4.5 ], "texture": "#texture", "cullface": "south" },
        "up":    { "uv": [ 0.5, 3.5, 3, 4 ], "texture": "#texture", "cullface": "south" },
        "south": { "uv": [ 0.5, 3.5, 3, 4.5 ], "texture": "#texture", "cullface": "south" },
        "west":  { "uv": [ 0.5, 3.5, 1, 4.5 ], "texture": "#texture", "cullface": "south" },
        "east":  { "uv": [ 2.5, 3.5, 3, 4.5 ], "texture": "#texture", "cullface": "south" }
    }
},
{
    "from": [ 0.9375, 14, 16 ],
    "to": [ 2.9375, 15, 18 ],
    "faces": {
        "up":    { "uv": [ 1, 3, 2, 3.5 ], "texture": "#texture", "cullface": "south" },
        "south": { "uv": [ 1, 3, 2, 3.5 ], "texture": "#texture", "cullface": "south" },
        "west":  { "uv": [ 1, 3, 2, 3.5 ], "texture": "#texture", "cullface": "south" },
        "east":  { "uv": [ 1, 3, 2, 3.5 ], "texture": "#texture", "cullface": "south" }
    }
},
{
    "from": [ 10, 10, 16 ],
    "to": [ 14, 11, 19 ],
    "faces": {
        "down":  { "uv": [ 5.5, 5, 7.5, 5.5 ], "texture": "#texture", "cullface": "south" },
        "north": { "uv": [ 5.5, 5, 7.5, 5.5 ], "texture": "#texture", "cullface": "south" },
        "south": { "uv": [ 5.5, 5, 7.5, 5.5 ], "texture": "#texture", "cullface": "south" },
        "east":  { "uv": [ 6, 5, 6.5, 5.5 ], "texture": "#texture", "cullface": "south" }
    }
},
{
    "from": [ 9, 11, 16 ],
    "to": [ 15, 14, 19 ],
    "faces": {
        "down":  { "uv": [ 5, 4.5, 8, 5 ], "texture": "#texture", "cullface": "south" },
        "up":    { "uv": [ 5, 3.5, 8, 4 ], "texture": "#texture", "cullface": "south" },
        "south": { "uv": [ 5, 3.5, 8, 5 ], "texture": "#texture", "cullface": "south" },
        "west":  { "uv": [ 5, 3.5, 5.5, 5 ], "texture": "#texture", "cullface": "south" },
        "east":  { "uv": [ 7.5, 3.5, 8, 5 ], "texture": "#texture", "cullface": "south" }
    }
},
{
    "from": [ 11, 15, 16 ],
    "to": [ 14, 16, 19 ],
    "faces": {
        "up":    { "uv": [ 6, 2.5, 7.5, 3 ], "texture": "#texture", "cullface": "south" },
        "south": { "uv": [ 6, 2.5, 7.5, 3 ], "texture": "#texture", "cullface": "south" },
        "west":  { "uv": [ 6.5, 3.5, 8, 4 ], "texture": "#texture", "cullface": "south" },
        "east":  { "uv": [ 6.5, 3.5, 8, 4 ], "texture": "#texture", "cullface": "south" }
    }
},
{
    "from": [ 1, 12, 18 ],
    "to": [ 4, 14, 19 ],
    "faces": {
        "down":  { "uv": [ 1, 4, 2.5, 4.5 ], "texture": "#texture", "cullface": "south" },
        "up":    { "uv": [ 1, 3.5, 2.5, 4 ], "texture": "#texture", "cullface": "south" },
        "south": { "uv": [ 1, 3.5, 2.5, 4.5 ], "texture": "#texture", "cullface": "south" },
        "west":  { "uv": [ 1, 3.5, 1.5, 4.5 ], "texture": "#texture", "cullface": "south" },
        "east":  { "uv": [ 15, 8.5, 15.5, 9 ], "texture": "#texture", "cullface": "south" }
    }
},
{
    "from": [ 10, 12, 19 ],
    "to": [ 14, 15, 20 ],
    "faces": {
        "down":  { "uv": [ 5.5, 4, 7.5, 4.5 ], "texture": "#texture", "cullface": "south" },
        "up":    { "uv": [ 5.5, 3, 7.5, 3.5 ], "texture": "#texture", "cullface": "south" },
        "north": { "uv": [ 5.5, 3, 7.5, 4.5 ], "texture": "#texture", "cullface": "south" },
        "south": { "uv": [ 5.5, 3, 7.5, 4.5 ], "texture": "#texture", "cullface": "south" },
        "west":  { "uv": [ 5.5, 3, 6, 4.5 ], "texture": "#texture", "cullface": "south" },
        "east":  { "uv": [ 7, 3, 7.5, 4.5 ], "texture": "#texture", "cullface": "south" }
    }
},
{
    "from": [ 14, 10, 15 ],
    "to": [ 16, 11, 16 ],
    "faces": {
        "south": { "uv": [ 7.5, 5, 8.5, 5.5 ], "texture": "#texture", "cullface": "south" },
        "west":  { "uv": [ 13, 10, 13.5, 10.5 ], "texture": "#texture" },
        "east":  { "uv": [ 13, 10, 13.5, 10.5 ], "texture": "#texture", "cullface": "east" }
    }
},
{
    "from": [ 5, 11, 16 ],
    "to": [ 8, 12, 19 ],
    "faces": {
        "up":    { "uv": [ 3, 4.5, 4.5, 5 ], "texture": "#texture", "cullface": "south" },
        "south": { "uv": [ 3, 4.5, 4.5, 5 ], "texture": "#texture", "cullface": "south" },
        "west":  { "uv": [ 3, 4.5, 3.5, 5 ], "texture": "#texture", "cullface": "south" },
        "east":  { "uv": [ 3, 4.5, 3.5, 5 ], "texture": "#texture", "cullface": "south" }
    }
},
{
    "from": [ 6, 12, 16 ],
    "to": [ 8, 13, 18 ],
    "faces": {
        "up":    { "uv": [ 3, 4.5, 4.5, 5 ], "texture": "#texture", "cullface": "south" },
        "south": { "uv": [ 3, 4.5, 4.5, 5 ], "texture": "#texture", "cullface": "south" },
        "west":  { "uv": [ 3, 4.5, 3.5, 5 ], "texture": "#texture", "cullface": "south" },
        "east":  { "uv": [ 3, 4.5, 3.5, 5 ], "texture": "#texture", "cullface": "south" }
    }
},
{
    "from": [ 4, 15, 16 ],
    "to": [ 10, 16, 17 ],
    "faces": {
        "down":  { "uv": [ 2.5, 2.5, 5.5, 3 ], "texture": "#texture", "cullface": "south" },
        "up":    { "uv": [ 2.5, 2.5, 5.5, 3 ], "texture": "#texture", "cullface": "south" },
        "south": { "uv": [ 2.5, 2.5, 5.5, 3 ], "texture": "#texture", "cullface": "south" },
        "west":  { "uv": [ 14, 7.5, 14.5, 8 ], "texture": "#texture", "cullface": "south" },
        "east":  { "uv": [ 14, 7.5, 14.5, 8 ], "texture": "#texture", "cullface": "south" }
    }
},
{
    "from": [ 1, 14, 16 ],
    "to": [ 10, 16, 17 ],
    "faces": {
        "down":  { "uv": [ 1, 2.5, 5.5, 3 ], "texture": "#texture", "cullface": "south" },
        "up":    { "uv": [ 1, 2.5, 5.5, 3 ], "texture": "#texture", "cullface": "south" },
        "south": { "uv": [ 1, 2.5, 5.5, 3.5 ], "texture": "#texture", "cullface": "south" },
        "west":  { "uv": [ 13.5, 7.5, 14, 8 ], "texture": "#texture", "cullface": "south" },
        "east":  { "uv": [ 13.5, 7.5, 14, 8 ], "texture": "#texture", "cullface": "south" }
    }
},
{
    "from": [ 0.5, 11, 0 ],
    "to": [ 2.5, 14, 12 ],
    "faces": {
        "down":  { "uv": [ 8.5, 15, 2.5, 15.5 ], "texture": "#texture" },
        "up":    { "uv": [ 2.5, 14, 8.5, 14.5 ], "rotation": 90, "texture": "#texture" },
        "north": { "uv": [ 2.5, 14, 3, 15.5 ], "texture": "#texture", "cullface": "north" },
        "west":  { "uv": [ 2.5, 14, 8.5, 15.5 ], "texture": "#texture" },
        "east":  { "uv": [ 2.5, 14, 8.5, 15.5 ], "texture": "#texture" }
    }
},
{
    "from": [ -1, -1, 11 ],
    "to": [ 0, 8, 12 ],
    "faces": {
        "down":  { "uv": [ 0, 7, 0.5, 7.5 ], "texture": "#texture", "cullface": "west" },
        "up":    { "uv": [ 0, 6.5, 0.5, 7 ], "texture": "#texture", "cullface": "west" },
        "north": { "uv": [ 0, 6.5, 0.5, 11 ], "texture": "#texture", "cullface": "west" },
        "south": { "uv": [ 0, 6.5, 0.5, 11 ], "texture": "#texture", "cullface": "west" },
        "west":  { "uv": [ 0, 6.5, 0.5, 11 ], "texture": "#texture", "cullface": "west" },
        "east":  { "uv": [ 0, 6.5, 0.5, 11 ], "texture": "#texture", "cullface": "west" }
    }
},
{
    "from": [ 16, 11, 12 ],
    "to": [ 17, 14, 13 ],
    "faces": {
        "up":    { "uv": [ 11.5, 8.5, 12, 10 ], "texture": "#texture", "cullface": "east" },
        "north": { "uv": [ 11.5, 8.5, 12, 10 ], "texture": "#texture", "cullface": "east" },
        "south": { "uv": [ 11.5, 8.5, 12, 10 ], "texture": "#texture", "cullface": "east" },
        "east":  { "uv": [ 11.5, 8.5, 12, 10 ], "texture": "#texture", "cullface": "east" }
    }
},
{
    "from": [ -1, 11, 12 ],
    "to": [ 0, 14, 13 ],
    "faces": {
        "up":    { "uv": [ 11.5, 8.5, 12, 10 ], "texture": "#texture", "cullface": "west" },
        "north": { "uv": [ 11.5, 8.5, 12, 10 ], "texture": "#texture", "cullface": "west" },
        "south": { "uv": [ 11.5, 8.5, 12, 10 ], "texture": "#texture", "cullface": "west" },
        "west":  { "uv": [ 11.5, 8.5, 12, 10 ], "texture": "#texture", "cullface": "west" }
    }
},
{
    "from": [ 16, 15, 12 ],
    "to": [ 17, 16, 14 ],
    "faces": {
        "down":  { "uv": [ 0, 2.5, 0.5, 3 ], "texture": "#texture", "cullface": "east" },
        "up":    { "uv": [ 0, 2.5, 0.5, 3 ], "texture": "#texture", "cullface": "east" },
        "north": { "uv": [ 0, 2.5, 0.5, 3 ], "texture": "#texture", "cullface": "east" },
        "south": { "uv": [ 0, 2.5, 0.5, 3 ], "texture": "#texture", "cullface": "east" },
        "east":  { "uv": [ 12.5, 7.5, 11.5, 8 ], "texture": "#texture", "cullface": "east" }
    }
},
{
    "from": [ 0, 17, 13 ],
    "to": [ 5, 18, 16.5 ],
    "faces": {
        "down":  { "uv": [ 0.5, 1.5, 3, 2 ], "texture": "#texture", "cullface": "south" },
        "up":    { "uv": [ 0.5, 1.5, 3, 2 ], "texture": "#texture", "cullface": "south" },
        "north": { "uv": [ 0.5, 1.5, 1.5, 2 ], "texture": "#texture", "cullface": "south" },
        "south": { "uv": [ 0.5, 1.5, 3, 2 ], "texture": "#texture", "cullface": "south" },
        "west":  { "uv": [ 12, 6.5, 14.5, 7 ], "texture": "#texture", "cullface": "south" },
        "east":  { "uv": [ 14.5, 6.5, 12, 7 ], "texture": "#texture", "cullface": "south" }
    }
},
{
    "from": [ 0, 18, 14 ],
    "to": [ 3, 19, 16.5 ],
    "faces": {
        "up":    { "uv": [ 0.5, 1, 2, 1.5 ], "texture": "#texture", "cullface": "south" },
        "north": { "uv": [ 1, 1, 0.5, 1.5 ], "texture": "#texture", "cullface": "south" },
        "south": { "uv": [ 0.5, 1, 2, 1.5 ], "texture": "#texture", "cullface": "south" },
        "west":  { "uv": [ 12.5, 6, 14.5, 6.5 ], "texture": "#texture", "cullface": "south" },
        "east":  { "uv": [ 12.5, 6, 14.5, 6.5 ], "texture": "#texture", "cullface": "south" }
    }
},
{
    "from": [ 1, 19, 14.0625 ],
    "to": [ 3, 20, 17.0625 ],
    "faces": {
        "down":  { "uv": [ 1, 0.5, 2, 1 ], "texture": "#texture", "cullface": "south" },
        "up":    { "uv": [ 1, 0.5, 2, 1 ], "texture": "#texture", "cullface": "south" },
        "north": { "uv": [ 2, 0.5, 1, 1 ], "texture": "#texture", "cullface": "south" },
        "south": { "uv": [ 1, 0.5, 2, 1 ], "texture": "#texture", "cullface": "south" },
        "west":  { "uv": [ 12.5, 5.5, 14.5, 6 ], "texture": "#texture", "cullface": "south" },
        "east":  { "uv": [ 12.5, 5.5, 14.5, 6 ], "texture": "#texture", "cullface": "south" }
    }
},
{
    "from": [ -1, 20, 16 ],
    "to": [ 3, 22, 18 ],
    "faces": {
        "down":  { "uv": [ 0.5, 0, 2.5, 0.5 ], "texture": "#texture", "cullface": "west" },
        "up":    { "uv": [ 0.5, 0, 2.5, 0.5 ], "texture": "#texture", "cullface": "west" },
        "north": { "uv": [ 10, 1.5, 12, 2.5 ], "texture": "#texture", "cullface": "west" },
        "south": { "uv": [ 10, 2.5, 12, 3.5 ], "texture": "#texture", "cullface": "west" },
        "west":  { "uv": [ 0.5, 0, 1, 0.5 ], "texture": "#texture", "cullface": "west" },
        "east":  { "uv": [ 2, 0, 2.5, 0.5 ], "texture": "#texture", "cullface": "west" }
    }
},
{
    "from": [ 11, 19, 15 ],
    "to": [ 17, 20, 17 ],
    "faces": {
        "down":  { "uv": [ 0.5, 0, 2.5, 0.5 ], "texture": "#texture", "cullface": "east" },
        "up":    { "uv": [ 0.5, 0, 2.5, 0.5 ], "texture": "#texture", "cullface": "east" },
        "north": { "uv": [ 0.5, 0, 2.5, 0.5 ], "texture": "#texture", "cullface": "east" },
        "south": { "uv": [ 0.5, 0, 2.5, 0.5 ], "texture": "#texture", "cullface": "east" },
        "west":  { "uv": [ 0.5, 0, 1, 0.5 ], "texture": "#texture", "cullface": "east" },
        "east":  { "uv": [ 2, 0, 2.5, 0.5 ], "texture": "#texture", "cullface": "east" }
    }
},
{
    "from": [ 10, 17, 15 ],
    "to": [ 17, 19, 16 ],
    "faces": {
        "up":    { "uv": [ 5.5, 1.5, 9, 2 ], "texture": "#texture", "cullface": "east" },
        "north": { "uv": [ 9, 1, 5.5, 2 ], "texture": "#texture", "cullface": "east" },
        "south": { "uv": [ 5.5, 1, 9, 2 ], "texture": "#texture", "cullface": "east" },
        "west":  { "uv": [ 0.5, 0, 1, 0.5 ], "texture": "#texture", "cullface": "east" },
        "east":  { "uv": [ 2, 0, 2.5, 0.5 ], "texture": "#texture", "cullface": "east" }
    }
},
{
    "from": [ -1, 19, 15 ],
    "to": [ 5, 20, 17 ],
    "faces": {
        "down":  { "uv": [ 0.5, 0, 2.5, 0.5 ], "texture": "#texture", "cullface": "west" },
        "up":    { "uv": [ 0.5, 0, 2.5, 0.5 ], "texture": "#texture", "cullface": "west" },
        "north": { "uv": [ 0.5, 0, 2.5, 0.5 ], "texture": "#texture", "cullface": "west" },
        "south": { "uv": [ 0.5, 0, 2.5, 0.5 ], "texture": "#texture", "cullface": "west" },
        "west":  { "uv": [ 0.5, 0, 1, 0.5 ], "texture": "#texture", "cullface": "west" },
        "east":  { "uv": [ 2, 0, 2.5, 0.5 ], "texture": "#texture", "cullface": "west" }
    }
},
{
    "from": [ -1, 17, 15 ],
    "to": [ 6, 19, 16 ],
    "faces": {
        "up":    { "uv": [ 0, 1, 3.5, 1.5 ], "texture": "#texture", "cullface": "west" },
        "north": { "uv": [ 3.5, 1, 0, 2 ], "texture": "#texture", "cullface": "west" },
        "south": { "uv": [ 0, 1, 3.5, 2 ], "texture": "#texture", "cullface": "west" },
        "west":  { "uv": [ 0.5, 0, 1, 0.5 ], "texture": "#texture", "cullface": "west" },
        "east":  { "uv": [ 2, 0, 2.5, 0.5 ], "texture": "#texture", "cullface": "west" }
    }
},
{
    "from": [ -1, 16, 14 ],
    "to": [ 17, 17, 16 ],
    "faces": {
        "down":  { "uv": [ 0, 2, 9, 2.5 ], "texture": "#texture", "cullface": "up" },
        "up":    { "uv": [ 0, 2, 9, 2.5 ], "texture": "#texture", "cullface": "up" },
        "north": { "uv": [ 0.5, 2, 1.5, 2.5 ], "texture": "#texture", "cullface": "up" },
        "south": { "uv": [ 0, 2, 9, 2.5 ], "texture": "#texture", "cullface": "up" },
        "west":  { "uv": [ 0, 2.5, 0.5, 3 ], "texture": "#texture", "cullface": "up" },
        "east":  { "uv": [ 0, 2.5, 0.5, 3 ], "texture": "#texture", "cullface": "up" }
    }
},
{
    "from": [ 5, 18, 12 ],
    "to": [ 11, 19, 15 ],
    "faces": {
        "up":    { "uv": [ 3.5, 0.5, 5.5, 1 ], "texture": "#texture", "cullface": "up" },
        "north": { "uv": [ 3.5, 1, 5.5, 1.5 ], "texture": "#texture", "cullface": "up" },
        "south": { "uv": [ 3.5, 1, 5.5, 1.5 ], "texture": "#texture", "cullface": "up" },
        "west":  { "uv": [ 10.5, 6, 12, 6.5 ], "texture": "#texture", "cullface": "up" },
        "east":  { "uv": [ 10.5, 6, 12, 6.5 ], "texture": "#texture", "cullface": "up" }
    }
},
{
    "from": [ 5, 17, 12 ],
    "to": [ 11, 18, 15 ],
    "faces": {
        "down":  { "uv": [ 10.5, 6.5, 12, 7 ], "texture": "#texture", "cullface": "up" },
        "north": { "uv": [ 3.5, 1.5, 5.5, 2 ], "texture": "#texture", "cullface": "up" },
        "south": { "uv": [ 3.5, 1.5, 5.5, 2 ], "texture": "#texture", "cullface": "up" },
        "west":  { "uv": [ 10.5, 6.5, 12, 7 ], "texture": "#texture", "cullface": "up" },
        "east":  { "uv": [ 10.5, 6.5, 12, 7 ], "texture": "#texture", "cullface": "up" }
    }
},
{
    "from": [ 1.5, 11.5, 0.0625 ],
    "to": [ 14.5, 13.5, 1.0625 ],
    "faces": {
        "down":  { "uv": [ 5.5, 14, 6, 14.5 ], "texture": "#texture" },
        "up":    { "uv": [ 5.5, 14, 6, 14.5 ], "texture": "#texture" },
        "north": { "uv": [ 5.5, 14, 6, 14.5 ], "texture": "#texture" },
        "south": { "uv": [ 5.5, 14, 6, 14.5 ], "texture": "#texture" },
        "west":  { "uv": [ 5.5, 14, 6, 14.5 ], "texture": "#texture" },
        "east":  { "uv": [ 5.5, 14, 6, 14.5 ], "texture": "#texture" }
    }
},
{
    "from": [ 1.5, 3.5, 0.0625 ],
    "to": [ 14.5, 5.5, 1.0625 ],
    "faces": {
        "down":  { "uv": [ 5.5, 14, 6, 14.5 ], "texture": "#texture" },
        "up":    { "uv": [ 5.5, 14, 6, 14.5 ], "texture": "#texture" },
        "north": { "uv": [ 5.5, 14, 6, 14.5 ], "texture": "#texture" },
        "south": { "uv": [ 5.5, 14, 6, 14.5 ], "texture": "#texture" },
        "west":  { "uv": [ 5.5, 14, 6, 14.5 ], "texture": "#texture" },
        "east":  { "uv": [ 5.5, 14, 6, 14.5 ], "texture": "#texture" }
    }
},
{
    "from": [ 13.5, 11, 0 ],
    "to": [ 15.5, 14, 12 ],
    "faces": {
        "down":  { "uv": [ 8.5, 15, 2.5, 15.5 ], "texture": "#texture" },
        "up":    { "uv": [ 2.5, 14, 8.5, 14.5 ], "rotation": 90, "texture": "#texture" },
        "north": { "uv": [ 2.5, 14, 3, 15.5 ], "texture": "#texture", "cullface": "north" },
        "west":  { "uv": [ 2.5, 14, 8.5, 15.5 ], "texture": "#texture" },
        "east":  { "uv": [ 8.5, 14, 2.5, 15.5 ], "texture": "#texture" }
    }
},
{
    "from": [ 13.5, 3, 0 ],
    "to": [ 15.5, 6, 12 ],
    "faces": {
        "down":  { "uv": [ 8.5, 15, 2.5, 15.5 ], "texture": "#texture" },
        "up":    { "uv": [ 2.5, 14, 8.5, 14.5 ], "rotation": 90, "texture": "#texture" },
        "north": { "uv": [ 2.5, 14, 3, 15.5 ], "texture": "#texture", "cullface": "north" },
        "south": { "uv": [ 8, 14, 8.5, 15.5 ], "texture": "#texture" },
        "west":  { "uv": [ 2.5, 14, 8.5, 15.5 ], "texture": "#texture" },
        "east":  { "uv": [ 8.5, 14, 2.5, 15.5 ], "texture": "#texture" }
    }
},
{
    "from": [ 2, 2, 12 ],
    "to": [ 15, 8, 13 ],
    "faces": {
        "north": { "uv": [ 3.5, 7.5, 2, 9 ], "texture": "#texture" },
        "south": { "uv": [ 3.5, 7.5, 2, 9 ], "texture": "#texture" },
        "west":  { "uv": [ 2, 6.5, 2.5, 9.5 ], "texture": "#texture" },
        "east":  { "uv": [ 2, 6.5, 2.5, 9.5 ], "texture": "#texture" }
    }
},
{
    "from": [ 11, 11, 19 ],
    "to": [ 14, 12, 20 ],
    "faces": {
        "down":  { "uv": [ 6, 4.5, 7.5, 5 ], "texture": "#texture", "cullface": "south" },
        "south": { "uv": [ 6, 4.5, 7.5, 5 ], "texture": "#texture", "cullface": "south" },
        "west":  { "uv": [ 6, 4.5, 6.5, 5 ], "texture": "#texture", "cullface": "south" },
        "east":  { "uv": [ 6, 4.5, 6.5, 5 ], "texture": "#texture", "cullface": "south" }
    }
},
{
    "from": [ 10, 14, 16 ],
    "to": [ 15, 15, 19 ],
    "faces": {
        "up":    { "uv": [ 6, 2.5, 7.5, 3 ], "texture": "#texture", "cullface": "south" },
        "south": { "uv": [ 6, 2.5, 7.5, 3 ], "texture": "#texture", "cullface": "south" },
        "west":  { "uv": [ 6.5, 3.5, 8, 4 ], "texture": "#texture", "cullface": "south" },
        "east":  { "uv": [ 6.5, 3.5, 8, 4 ], "texture": "#texture", "cullface": "south" }
    }
},
{
    "from": [ 12, -1, 14 ],
    "to": [ 13, 0, 18 ],
    "faces": {
        "down":  { "uv": [ 6.5, 10.5, 7, 11 ], "texture": "#texture", "cullface": "south" },
        "south": { "uv": [ 6.5, 10.5, 7, 11 ], "texture": "#texture", "cullface": "south" },
        "east":  { "uv": [ 12.5, 15.5, 14, 16 ], "texture": "#texture", "cullface": "south" }
    }
},
{
    "from": [ -1, 5, 12 ],
    "to": [ 0, 8, 14 ],
    "faces": {
        "down":  { "uv": [ 12, 12.5, 12.5, 13 ], "texture": "#texture", "cullface": "west" },
        "south": { "uv": [ 12, 11.5, 12.5, 13 ], "texture": "#texture", "cullface": "west" },
        "west":  { "uv": [ 11.5, 11.5, 12.5, 13 ], "texture": "#texture", "cullface": "west" },
        "east":  { "uv": [ 12.5, 11.5, 11.5, 13 ], "texture": "#texture", "cullface": "west" }
    }
},
{
    "from": [ 16, 5, 12 ],
    "to": [ 17, 8, 14 ],
    "faces": {
        "down":  { "uv": [ 12, 12.5, 12.5, 13 ], "texture": "#texture", "cullface": "east" },
        "south": { "uv": [ 12, 11.5, 12.5, 13 ], "texture": "#texture", "cullface": "east" },
        "west":  { "uv": [ 11.5, 11.5, 12.5, 13 ], "texture": "#texture", "cullface": "east" },
        "east":  { "uv": [ 12.5, 11.5, 11.5, 13 ], "texture": "#texture", "cullface": "east" }
    }
},
{
    "from": [ -1, 4, 12 ],
    "to": [ 0, 5, 13 ],
    "faces": {
        "down":  { "uv": [ 11.5, 13, 12, 13.5 ], "texture": "#texture", "cullface": "west" },
        "south": { "uv": [ 11.5, 13, 12, 13.5 ], "texture": "#texture", "cullface": "west" },
        "west":  { "uv": [ 11.5, 13, 12, 13.5 ], "texture": "#texture", "cullface": "west" }
    }
},
{
    "from": [ 16, 4, 12 ],
    "to": [ 17, 5, 13 ],
    "faces": {
        "down":  { "uv": [ 11.5, 13, 12, 13.5 ], "texture": "#texture", "cullface": "east" },
        "south": { "uv": [ 11.5, 13, 12, 13.5 ], "texture": "#texture", "cullface": "east" },
        "east":  { "uv": [ 11.5, 13, 12, 13.5 ], "texture": "#texture", "cullface": "east" }
    }
},
{
    "from": [ -1, 22, 16.5 ],
    "to": [ 3, 24, 18 ],
    "faces": {
        "up":    { "uv": [ 0.5, 0, 2.5, 0.5 ], "texture": "#texture", "cullface": "west" },
        "north": { "uv": [ 10, 1.5, 12, 2.5 ], "texture": "#texture", "cullface": "west" },
        "south": { "uv": [ 10, 1.5, 12, 2.5 ], "texture": "#texture", "cullface": "west" },
        "west":  { "uv": [ 0.5, 0, 1, 0.5 ], "texture": "#texture", "cullface": "west" },
        "east":  { "uv": [ 2, 0, 2.5, 0.5 ], "texture": "#texture", "cullface": "west" }
    }
},
{
    "from": [ 3, 20, 16 ],
    "to": [ 4, 21, 18 ],
    "faces": {
        "down":  { "uv": [ 1, 0, 1.5, 0.5 ], "texture": "#texture", "cullface": "south" },
        "up":    { "uv": [ 1, 0, 1.5, 0.5 ], "texture": "#texture", "cullface": "south" },
        "north": { "uv": [ 10, 1.5, 10.5, 2 ], "texture": "#texture", "cullface": "south" },
        "south": { "uv": [ 10, 1.5, 10.5, 2 ], "texture": "#texture", "cullface": "south" },
        "east":  { "uv": [ 2, 0, 2.5, 0.5 ], "texture": "#texture", "cullface": "south" }
    }
},
{
    "from": [ 0, 24, 17.5 ],
    "to": [ 2, 26, 18.5 ],
    "faces": {
        "down":  { "uv": [ 0.5, 0, 1.5, 0.5 ], "texture": "#texture", "cullface": "south" },
        "up":    { "uv": [ 0.5, 0, 1.5, 0.5 ], "texture": "#texture", "cullface": "south" },
        "north": { "uv": [ 10.5, 0.5, 11.5, 1.5 ], "texture": "#texture", "cullface": "south" },
        "south": { "uv": [ 10.5, 0.5, 11.5, 1.5 ], "texture": "#texture", "cullface": "south" },
        "west":  { "uv": [ 0.5, 0, 1, 0.5 ], "texture": "#texture", "cullface": "south" },
        "east":  { "uv": [ 2, 0, 2.5, 0.5 ], "texture": "#texture", "cullface": "south" }
    }
},
{
    "from": [ 0, 26, 17.5 ],
    "to": [ 1, 27, 18.5 ],
    "faces": {
        "up":    { "uv": [ 0.5, 0, 1.5, 0.5 ], "texture": "#texture", "cullface": "south" },
        "north": { "uv": [ 10.5, 0.5, 11.5, 1.5 ], "texture": "#texture", "cullface": "south" },
        "south": { "uv": [ 10.5, 0.5, 11.5, 1.5 ], "texture": "#texture", "cullface": "south" },
        "west":  { "uv": [ 0.5, 0, 1, 0.5 ], "texture": "#texture", "cullface": "south" },
        "east":  { "uv": [ 2, 0, 2.5, 0.5 ], "texture": "#texture", "cullface": "south" }
    }
},
{
    "from": [ 12, 20, 16 ],
    "to": [ 16, 22, 18 ],
    "faces": {
        "down":  { "uv": [ 0.5, 0, 2.5, 0.5 ], "texture": "#texture", "cullface": "south" },
        "up":    { "uv": [ 0.5, 0, 2.5, 0.5 ], "texture": "#texture", "cullface": "south" },
        "north": { "uv": [ 12, 1.5, 10, 2.5 ], "texture": "#texture", "cullface": "south" },
        "south": { "uv": [ 12, 2.5, 10, 3.5 ], "texture": "#texture", "cullface": "south" },
        "west":  { "uv": [ 0.5, 0, 1, 0.5 ], "texture": "#texture", "cullface": "south" },
        "east":  { "uv": [ 2, 0, 2.5, 0.5 ], "texture": "#texture", "cullface": "south" }
    }
},
{
    "from": [ 12, 22, 16.5 ],
    "to": [ 16, 24, 18 ],
    "faces": {
        "up":    { "uv": [ 0.5, 0, 2.5, 0.5 ], "texture": "#texture", "cullface": "south" },
        "north": { "uv": [ 12, 1.5, 10, 2.5 ], "texture": "#texture", "cullface": "south" },
        "south": { "uv": [ 12, 1.5, 10, 2.5 ], "texture": "#texture", "cullface": "south" },
        "west":  { "uv": [ 0.5, 0, 1, 0.5 ], "texture": "#texture", "cullface": "south" },
        "east":  { "uv": [ 2, 0, 2.5, 0.5 ], "texture": "#texture", "cullface": "south" }
    }
},
{
    "from": [ 13, 24, 17.5 ],
    "to": [ 15, 26, 18.5 ],
    "faces": {
        "down":  { "uv": [ 0.5, 0, 1.5, 0.5 ], "texture": "#texture", "cullface": "south" },
        "up":    { "uv": [ 0.5, 0, 1.5, 0.5 ], "texture": "#texture", "cullface": "south" },
        "north": { "uv": [ 10.5, 0.5, 11.5, 1.5 ], "texture": "#texture", "cullface": "south" },
        "south": { "uv": [ 10.5, 0.5, 11.5, 1.5 ], "texture": "#texture", "cullface": "south" },
        "west":  { "uv": [ 0.5, 0, 1, 0.5 ], "texture": "#texture", "cullface": "south" },
        "east":  { "uv": [ 2, 0, 2.5, 0.5 ], "texture": "#texture", "cullface": "south" }
    }
},
{
    "from": [ 14, 26, 17.5 ],
    "to": [ 15, 27, 18.5 ],
    "faces": {
        "up":    { "uv": [ 0.5, 0, 1.5, 0.5 ], "texture": "#texture", "cullface": "south" },
        "north": { "uv": [ 10.5, 0.5, 11.5, 1.5 ], "texture": "#texture", "cullface": "south" },
        "south": { "uv": [ 10.5, 0.5, 11.5, 1.5 ], "texture": "#texture", "cullface": "south" },
        "west":  { "uv": [ 0.5, 0, 1, 0.5 ], "texture": "#texture", "cullface": "south" },
        "east":  { "uv": [ 2, 0, 2.5, 0.5 ], "texture": "#texture", "cullface": "south" }
    }
},
{
    "from": [ 6.5, 19, 12 ],
    "to": [ 9.5, 20, 15 ],
    "faces": {
        "up":    { "uv": [ 3.5, 0.5, 4, 1 ], "texture": "#texture", "cullface": "up" },
        "north": { "uv": [ 3.5, 1, 4, 1.5 ], "texture": "#texture", "cullface": "up" },
        "south": { "uv": [ 3.5, 1, 4, 1.5 ], "texture": "#texture", "cullface": "up" },
        "west":  { "uv": [ 10.5, 6, 12, 6.5 ], "texture": "#texture", "cullface": "up" },
        "east":  { "uv": [ 10.5, 6, 12, 6.5 ], "texture": "#texture", "cullface": "up" }
    }
},
{
    "from": [ 11, 17, 13 ],
    "to": [ 16, 18, 16.5 ],
    "faces": {
        "down":  { "uv": [ 0.5, 1.5, 3, 2 ], "texture": "#texture", "cullface": "south" },
        "up":    { "uv": [ 0.5, 1.5, 3, 2 ], "texture": "#texture", "cullface": "south" },
        "north": { "uv": [ 0.5, 1.5, 1.5, 2 ], "texture": "#texture", "cullface": "south" },
        "south": { "uv": [ 6, 1.5, 8.5, 2 ], "texture": "#texture", "cullface": "south" },
        "west":  { "uv": [ 12, 6.5, 14.5, 7 ], "texture": "#texture", "cullface": "south" },
        "east":  { "uv": [ 14.5, 6.5, 12, 7 ], "texture": "#texture", "cullface": "south" }
    }
},
{
    "from": [ 13, 18, 14 ],
    "to": [ 16, 19, 16.5 ],
    "faces": {
        "up":    { "uv": [ 0.5, 1, 2, 1.5 ], "texture": "#texture", "cullface": "south" },
        "north": { "uv": [ 1, 1, 0.5, 1.5 ], "texture": "#texture", "cullface": "south" },
        "south": { "uv": [ 7, 1, 8.5, 1.5 ], "texture": "#texture", "cullface": "south" },
        "west":  { "uv": [ 12.5, 6, 14.5, 6.5 ], "texture": "#texture", "cullface": "south" },
        "east":  { "uv": [ 12.5, 6, 14.5, 6.5 ], "texture": "#texture", "cullface": "south" }
    }
},
{
    "from": [ 13.5, 19, 14.0625 ],
    "to": [ 15.5, 20, 17.0625 ],
    "faces": {
        "down":  { "uv": [ 1, 0.5, 2, 1 ], "texture": "#texture", "cullface": "south" },
        "up":    { "uv": [ 1, 0.5, 2, 1 ], "texture": "#texture", "cullface": "south" },
        "north": { "uv": [ 2, 0.5, 1, 1 ], "texture": "#texture", "cullface": "south" },
        "south": { "uv": [ 1, 0.5, 2, 1 ], "texture": "#texture", "cullface": "south" },
        "west":  { "uv": [ 12.5, 5.5, 14.5, 6 ], "texture": "#texture", "cullface": "south" },
        "east":  { "uv": [ 12.5, 5.5, 14.5, 6 ], "texture": "#texture", "cullface": "south" }
    }
}
],
"display": {
    "head": {
        "rotation": [ 0, 180, 0 ],
        "translation": [ 0, -0.6, -0.8 ],
        "scale": [ 1.3, 1.3, 1.3 ]
    },
    "gui": {
        "rotation": [ -30, 135, 0 ],
        "translation": [ 0, -2.4, 0 ],
        "scale": [ 0.8, 0.8, 0.8 ]
    }
}
}