{"__comment":"Designed by Hypixel minecraft server with BDcraft Cubik PRO 0.95 Beta - http://bdcraft.net","textures":{"particle":"blocks/spider","texture":"blocks/spider","spider_left_legs":"blocks/spider_left_legs","spider_right_legs":"blocks/spider_right_legs"},"elements":[{"from":[7.25,-9.25,11],"to":[7.75,-8.75,11.5],"faces":{"down":{"uv":[7,12.5,7.5,12],"texture":"#texture"},"up":{"uv":[7,12,7.5,12.5],"texture":"#texture"},"north":{"uv":[7,12,7.5,12.5],"texture":"#texture"},"south":{"uv":[7,12.5,7.5,12],"texture":"#texture"},"west":{"uv":[7,12,7.5,12.5],"texture":"#texture"},"east":{"uv":[7.5,12,7,12.5],"texture":"#texture"}}},{"from":[8.25,-9.25,11],"to":[8.75,-8.75,11.5],"faces":{"down":{"uv":[7,12.5,7.5,12],"texture":"#texture"},"up":{"uv":[7,12,7.5,12.5],"texture":"#texture"},"north":{"uv":[7,12,7.5,12.5],"texture":"#texture"},"south":{"uv":[7,12.5,7.5,12],"texture":"#texture"},"west":{"uv":[7,12,7.5,12.5],"texture":"#texture"},"east":{"uv":[7.5,12,7,12.5],"texture":"#texture"}}},{"from":[8.5,-10,11.5],"to":[9,-9.5,12],"faces":{"down":{"uv":[7,12.5,7.5,12],"texture":"#texture"},"up":{"uv":[7,12,7.5,12.5],"texture":"#texture"},"north":{"uv":[7,12,7.5,12.5],"texture":"#texture"},"south":{"uv":[7,12.5,7.5,12],"texture":"#texture"},"west":{"uv":[7,12,7.5,12.5],"texture":"#texture"},"east":{"uv":[7.5,12,7,12.5],"texture":"#texture"}}},{"from":[7,-10,11.5],"to":[7.5,-9.5,12],"faces":{"down":{"uv":[7,12.5,7.5,12],"texture":"#texture"},"up":{"uv":[7,12,7.5,12.5],"texture":"#texture"},"north":{"uv":[7,12,7.5,12.5],"texture":"#texture"},"south":{"uv":[7,12.5,7.5,12],"texture":"#texture"},"west":{"uv":[7,12,7.5,12.5],"texture":"#texture"},"east":{"uv":[7.5,12,7,12.5],"texture":"#texture"}}},{"from":[6.5,-11,10],"to":[9.5,-9.5,11.5],"rotation":{"origin":[6.5,-9.5,10],"axis":"x","angle":-22.5},"faces":{"down":{"uv":[6.5,12,9.5,10.5],"texture":"#texture"},"up":{"uv":[6.5,10.5,9.5,12],"texture":"#texture"},"north":{"uv":[6.5,10.5,9.5,11],"texture":"#texture"},"south":{"uv":[6.5,13,9.5,14.5],"texture":"#texture"},"west":{"uv":[9,4,10,5.5],"texture":"#texture"},"east":{"uv":[10,4,9,5.5],"texture":"#texture"}}},{"from":[7,-10.75,9.5],"to":[9,-9.75,10.5],"faces":{"down":{"uv":[7,10.5,9,9.5],"texture":"#texture"},"up":{"uv":[7,9.5,9,10.5],"texture":"#texture"},"north":{"uv":[7,9.5,9,10],"texture":"#texture"},"south":{"uv":[7,10,9,10.5],"texture":"#texture"},"west":{"uv":[7,9.5,8,10.5],"rotation":270,"texture":"#texture"},"east":{"uv":[7,9.5,8,10.5],"rotation":90,"texture":"#texture"}}},{"from":[7.5,-12.0625,6.5],"to":[8.5,-9.25,9.5],"faces":{"down":{"uv":[6.5,6.5,7,9.5],"texture":"#texture"},"up":{"uv":[7.5,6.5,8.5,9.5],"texture":"#texture"},"north":{"uv":[6.5,8.5,7,9.5],"texture":"#texture"},"south":{"uv":[6.5,6.5,7,7],"texture":"#texture"},"west":{"uv":[6.5,7,9.5,9],"texture":"#texture"},"east":{"uv":[6.5,7,9.5,9],"texture":"#texture"}}},{"from":[7.5,-11.25,6.5],"to":[9.5,-9.25,9.5],"rotation":{"origin":[7.5,-9.25,6.5],"axis":"z","angle":-45},"faces":{"down":{"uv":[6,6.5,7,9.5],"texture":"#texture"},"up":{"uv":[6.5,6.5,7,9.5],"texture":"#texture"},"north":{"uv":[6.5,8.5,7,9.5],"texture":"#texture"},"south":{"uv":[6.5,6.5,7,7],"texture":"#texture"},"west":{"uv":[6,6.5,8,9.5],"rotation":270,"texture":"#texture"},"east":{"uv":[6,6.5,8,9.5],"texture":"#texture"}}},{"from":[8.5,-11.25,6.5],"to":[10.5,-9.25,9.5],"rotation":{"origin":[8.5,-9.25,6.5],"axis":"z","angle":-45},"faces":{"down":{"uv":[6.5,6.5,7,9.5],"texture":"#texture"},"up":{"uv":[8,6.5,10,9.5],"texture":"#texture"},"north":{"uv":[6.5,6.5,7.5,7],"texture":"#texture"},"south":{"uv":[6.5,6.5,7,7],"texture":"#texture"},"west":{"uv":[8,6.5,6,9.5],"rotation":90,"texture":"#texture"},"east":{"uv":[6,6.5,7,9.5],"rotation":90,"texture":"#texture"}}},{"from":[8,-11.25,6],"to":[10,-9.25,6.5],"rotation":{"origin":[8,-9.25,6],"axis":"z","angle":-45},"faces":{"down":{"uv":[7,6.5,7.5,6],"texture":"#texture"},"up":{"uv":[7,6,7.5,6.5],"texture":"#texture"},"north":{"uv":[7,6,7.5,6.5],"texture":"#texture"},"south":{"uv":[7,6.5,7.5,6],"texture":"#texture"},"west":{"uv":[7,6,7.5,6.5],"texture":"#texture"},"east":{"uv":[7.5,6,7,6.5],"texture":"#texture"}}},{"from":[6.5,-11.75,1.25],"to":[9.5,-8.75,5.25],"faces":{"down":{"uv":[6.5,1,9.5,5],"texture":"#texture"},"up":{"uv":[6.5,1,9.5,5],"texture":"#texture"},"north":{"uv":[6.5,4,9.5,7],"texture":"#texture"},"south":{"uv":[6.5,4,9.5,7],"texture":"#texture"},"west":{"uv":[6,3,10,6],"texture":"#texture"},"east":{"uv":[6,3,10,6],"texture":"#texture"}}},{"from":[6,-11.5,1.5],"to":[10,-8.5,5.75],"faces":{"down":{"uv":[6,1.5,10,6],"texture":"#texture"},"up":{"uv":[6,1.5,10,6],"texture":"#texture"},"north":{"uv":[6,1.5,10,4.5],"texture":"#texture"},"south":{"uv":[6,1.5,10,4.5],"texture":"#texture"},"west":{"uv":[6,2.5,10,5.5],"texture":"#texture"},"east":{"uv":[6,2.5,10,5.5],"texture":"#texture"}}},{"from":[5.5,-11.75,3.5],"to":[10.5,-8.75,6],"faces":{"down":{"uv":[5.5,3,10.5,5.5],"texture":"#texture"},"up":{"uv":[5.5,3,10.5,5.5],"texture":"#texture"},"north":{"uv":[5.5,3,10.5,6],"texture":"#texture"},"south":{"uv":[5.5,3,10.5,6],"texture":"#texture"},"west":{"uv":[5.5,3,8,6],"texture":"#texture"},"east":{"uv":[8,3,10.5,6],"texture":"#texture"}}},{"from":[2,-12.6047,-1.25],"to":[7.5,-12.5422,16.75],"rotation":{"origin":[2,-12.5422,-1.25],"axis":"z","angle":22.5},"faces":{"down":{"uv":[4.5,12.5,7.5,3.25],"texture":"#spider_left_legs"},"up":{"uv":[4.5,3.25,7.5,12.5],"texture":"#spider_left_legs"}}},{"from":[8.9375,-10.5625,-1.25],"to":[14.4375,-10.5,16.75],"rotation":{"origin":[8.9375,-10.5,-1.25],"axis":"z","angle":-22.5},"faces":{"down":{"uv":[8.5,12.5,11.5,3.25],"texture":"#spider_right_legs"},"up":{"uv":[8.5,3.25,11.5,12.5],"texture":"#spider_right_legs"}}},{"from":[7.25,-11,11.25],"to":[7.75,-10,11.75],"faces":{"down":{"uv":[3.5,3,4,2.5],"texture":"#texture"},"up":{"uv":[3.5,2.5,4,3],"texture":"#texture"},"north":{"uv":[3.5,2.5,4,3],"texture":"#texture"},"south":{"uv":[3.5,3,4,2.5],"texture":"#texture"},"west":{"uv":[3.5,2.5,4,3],"texture":"#texture"},"east":{"uv":[4,2.5,3.5,3],"texture":"#texture"}}},{"from":[8.25,-11,11.25],"to":[8.75,-10,11.75],"faces":{"down":{"uv":[3.5,3,4,2.5],"texture":"#texture"},"up":{"uv":[3.5,2.5,4,3],"texture":"#texture"},"north":{"uv":[3.5,2.5,4,3],"texture":"#texture"},"south":{"uv":[3.5,3,4,2.5],"texture":"#texture"},"west":{"uv":[3.5,2.5,4,3],"texture":"#texture"},"east":{"uv":[4,2.5,3.5,3],"texture":"#texture"}}}],"display":{"head":{"rotation":[0,180,0],"translation":[0,-5.5,0],"scale":[1.5,1.5,1.5]}}}