{
"__comment": "Designed by Hypixel minecraft server with BDcraft Cubik PRO 0.90 Beta - http://bdcraft.net",
"textures": {
    "particle": "blocks/pug",
    "texture": "blocks/pug",
    "pugbody": "blocks/pugbody"
},
"elements": [ 
{
    "from": [ 3, -12.5, 7.5 ],
    "to": [ 5, -8.5, 9.5 ],
    "rotation": { "origin": [ 3, -8.5, 7.5 ], "axis": "x", "angle": -22.5 },
    "faces": {
        "down":  { "uv": [ 14, 15.5, 16, 16 ], "texture": "#pugbody", "cullface": "down" },
        "up":    { "uv": [ 14, 12, 16, 14 ], "texture": "#pugbody", "cullface": "down" },
        "north": { "uv": [ 14, 12, 16, 16 ], "texture": "#pugbody", "cullface": "down" },
        "south": { "uv": [ 14, 12, 16, 16 ], "texture": "#pugbody", "cullface": "down" },
        "west":  { "uv": [ 14, 12, 16, 16 ], "texture": "#pugbody", "cullface": "down" },
        "east":  { "uv": [ 14, 12, 16, 16 ], "texture": "#pugbody", "cullface": "down" }
    }
},
{
    "from": [ 4, -11.5, 0 ],
    "to": [ 6, -7.5, 2 ],
    "rotation": { "origin": [ 4, -7.5, 0 ], "axis": "x", "angle": 22.5 },
    "faces": {
        "down":  { "uv": [ 14, 15.5, 16, 16 ], "texture": "#pugbody", "cullface": "down" },
        "up":    { "uv": [ 14, 12, 16, 14 ], "texture": "#pugbody", "cullface": "down" },
        "north": { "uv": [ 14, 12, 16, 16 ], "texture": "#pugbody", "cullface": "down" },
        "south": { "uv": [ 14, 12, 16, 16 ], "texture": "#pugbody", "cullface": "down" },
        "west":  { "uv": [ 14, 12, 16, 16 ], "texture": "#pugbody", "cullface": "down" },
        "east":  { "uv": [ 14, 12, 16, 16 ], "texture": "#pugbody", "cullface": "down" }
    }
},
{
    "from": [ 7, -5.5, -2.5 ],
    "to": [ 9, -3.5, -0.5 ],
    "faces": {
        "down":  { "uv": [ 11, 1.5, 9, 0 ], "texture": "#pugbody", "cullface": "north" },
        "up":    { "uv": [ 9, 0, 11, 1.5 ], "texture": "#pugbody", "cullface": "north" },
        "north": { "uv": [ 9, 0, 11, 2 ], "texture": "#pugbody", "cullface": "north" },
        "west":  { "uv": [ 9, 0, 10.5, 2 ], "texture": "#pugbody", "cullface": "north" },
        "east":  { "uv": [ 9, 0, 10.5, 2 ], "texture": "#pugbody", "cullface": "north" }
    }
},
{
    "from": [ 3.5, -10, 1.5 ],
    "to": [ 12.5, -1, 10.5 ],
    "faces": {
        "down":  { "uv": [ 0, 15.5, 0.5, 16 ], "texture": "#pugbody", "cullface": "down" },
        "up":    { "uv": [ 0, 0, 9, 9 ], "texture": "#pugbody", "cullface": "down" },
        "north": { "uv": [ 0, 7, 9, 16 ], "texture": "#pugbody", "cullface": "down" },
        "south": { "uv": [ 9, 7, 0, 16 ], "texture": "#pugbody", "cullface": "down" },
        "west":  { "uv": [ 0, 7, 9, 16 ], "texture": "#pugbody", "cullface": "down" },
        "east":  { "uv": [ 9, 7, 0, 16 ], "texture": "#pugbody", "cullface": "down" }
    }
},
{
    "from": [ 2, -3.5, 13.5 ],
    "to": [ 2.5, -2.5, 15 ],
    "faces": {
        "down":  { "uv": [ 12.5, 7.5, 14, 8 ], "rotation": 270, "texture": "#texture", "cullface": "down" },
        "up":    { "uv": [ 12.5, 7, 14, 7.5 ], "rotation": 90, "texture": "#texture", "cullface": "down" },
        "south": { "uv": [ 2, 7, 2.5, 8 ], "texture": "#texture", "cullface": "down" },
        "west":  { "uv": [ 12.5, 7, 14, 8 ], "texture": "#texture", "cullface": "down" }
    }
},
{
    "from": [ 1.5, -4.5, 14 ],
    "to": [ 2, -3, 15 ],
    "faces": {
        "down":  { "uv": [ 2, 8.5, 2.5, 9 ], "texture": "#texture", "cullface": "down" },
        "up":    { "uv": [ 2, 7.5, 2.5, 8.5 ], "texture": "#texture", "cullface": "down" },
        "north": { "uv": [ 2, 7.5, 2.5, 9 ], "texture": "#texture", "cullface": "down" },
        "south": { "uv": [ 2, 7.5, 2.5, 9 ], "texture": "#texture", "cullface": "down" },
        "west":  { "uv": [ 2, 7.5, 2.5, 9 ], "texture": "#texture", "cullface": "down" }
    }
},
{
    "from": [ 2, -4.5, 14 ],
    "to": [ 2.5, -3, 15.5 ],
    "faces": {
        "down":  { "uv": [ 2, 8.5, 2.5, 9 ], "texture": "#texture", "cullface": "down" },
        "up":    { "uv": [ 2, 7.5, 2.5, 8.5 ], "texture": "#texture", "cullface": "down" },
        "north": { "uv": [ 2, 7.5, 2.5, 9 ], "texture": "#texture", "cullface": "down" },
        "south": { "uv": [ 2, 7.5, 2.5, 9 ], "texture": "#texture", "cullface": "down" },
        "west":  { "uv": [ 2, 7.5, 2.5, 9 ], "texture": "#texture", "cullface": "down" },
        "east":  { "uv": [ 2, 7.5, 2.5, 9 ], "texture": "#texture", "cullface": "down" }
    }
},
{
    "from": [ 1.5, -3.5, 13.5 ],
    "to": [ 2.5, -3, 14 ],
    "faces": {
        "down":  { "uv": [ 2, 8, 3, 8.5 ], "texture": "#texture", "cullface": "down" },
        "up":    { "uv": [ 2, 8, 3, 8.5 ], "texture": "#texture", "cullface": "down" },
        "north": { "uv": [ 3, 8, 2, 8.5 ], "texture": "#texture", "cullface": "down" },
        "south": { "uv": [ 2, 8, 3, 8.5 ], "texture": "#texture", "cullface": "down" },
        "west":  { "uv": [ 2, 8, 2.5, 8.5 ], "texture": "#texture", "cullface": "down" }
    }
},
{
    "from": [ 14, -4.5, 15 ],
    "to": [ 14.5, -3, 15.5 ],
    "faces": {
        "down":  { "uv": [ 1.5, 9, 2, 9.5 ], "texture": "#texture", "cullface": "down" },
        "up":    { "uv": [ 1.5, 8, 2, 8.5 ], "texture": "#texture", "cullface": "down" },
        "north": { "uv": [ 1.5, 8, 2, 9.5 ], "texture": "#texture", "cullface": "down" },
        "south": { "uv": [ 1.5, 8, 2, 9.5 ], "texture": "#texture", "cullface": "down" },
        "west":  { "uv": [ 1.5, 8, 2, 9.5 ], "texture": "#texture", "cullface": "down" },
        "east":  { "uv": [ 1.5, 8, 2, 9.5 ], "texture": "#texture", "cullface": "down" }
    }
},
{
    "from": [ 13.5, -4, 14 ],
    "to": [ 14, -2.5, 15.5 ],
    "faces": {
        "down":  { "uv": [ 2, 8.5, 2.5, 9 ], "texture": "#texture", "cullface": "down" },
        "up":    { "uv": [ 2, 7.5, 2.5, 8.5 ], "texture": "#texture", "cullface": "down" },
        "north": { "uv": [ 2, 7.5, 2.5, 9 ], "texture": "#texture", "cullface": "down" },
        "south": { "uv": [ 2, 7.5, 2.5, 9 ], "texture": "#texture", "cullface": "down" },
        "west":  { "uv": [ 2, 7.5, 2.5, 9 ], "texture": "#texture", "cullface": "down" },
        "east":  { "uv": [ 2, 7.5, 2.5, 9 ], "texture": "#texture", "cullface": "down" }
    }
},
{
    "from": [ 14, -4, 14 ],
    "to": [ 14.5, -2.5, 15 ],
    "faces": {
        "down":  { "uv": [ 2, 8.5, 2.5, 9 ], "texture": "#texture", "cullface": "down" },
        "up":    { "uv": [ 2, 7.5, 2.5, 8.5 ], "texture": "#texture", "cullface": "down" },
        "north": { "uv": [ 2, 7.5, 2.5, 9 ], "texture": "#texture", "cullface": "down" },
        "south": { "uv": [ 2, 7.5, 2.5, 9 ], "texture": "#texture", "cullface": "down" },
        "east":  { "uv": [ 2, 7.5, 2.5, 9 ], "texture": "#texture", "cullface": "down" }
    }
},
{
    "from": [ 13.5, -3.5, 13.5 ],
    "to": [ 14.5, -3, 14 ],
    "faces": {
        "down":  { "uv": [ 13, 8, 14, 8.5 ], "texture": "#texture", "cullface": "down" },
        "up":    { "uv": [ 13, 8, 14, 8.5 ], "texture": "#texture", "cullface": "down" },
        "north": { "uv": [ 14, 8, 13, 8.5 ], "texture": "#texture", "cullface": "down" },
        "south": { "uv": [ 13, 8, 14, 8.5 ], "texture": "#texture", "cullface": "down" },
        "east":  { "uv": [ 2, 8, 2.5, 8.5 ], "texture": "#texture", "cullface": "down" }
    }
},
{
    "from": [ 2, -3.5, 13.5 ],
    "to": [ 2.5, -2.5, 15 ],
    "faces": {
        "down":  { "uv": [ 12.5, 7.5, 14, 8 ], "rotation": 270, "texture": "#texture", "cullface": "down" },
        "up":    { "uv": [ 12.5, 7, 14, 7.5 ], "rotation": 90, "texture": "#texture", "cullface": "down" },
        "south": { "uv": [ 2, 7, 2.5, 8 ], "texture": "#texture", "cullface": "down" },
        "west":  { "uv": [ 12.5, 7, 14, 8 ], "texture": "#texture", "cullface": "down" }
    }
},
{
    "from": [ 2.5, -3.5, 13.5 ],
    "to": [ 3, -2, 15 ],
    "faces": {
        "down":  { "uv": [ 2.5, 8, 3, 8.5 ], "texture": "#texture", "cullface": "down" },
        "up":    { "uv": [ 2.5, 7, 3, 7.5 ], "texture": "#texture", "cullface": "down" },
        "north": { "uv": [ 2.5, 7, 3, 8.5 ], "texture": "#texture", "cullface": "down" },
        "south": { "uv": [ 2.5, 7, 3, 8.5 ], "texture": "#texture", "cullface": "down" },
        "west":  { "uv": [ 2.5, 7, 3, 8.5 ], "texture": "#texture", "cullface": "down" },
        "east":  { "uv": [ 2.5, 7, 3, 8.5 ], "texture": "#texture", "cullface": "down" }
    }
},
{
    "from": [ 1.5, -5.5, 15.5 ],
    "to": [ 2, -4, 16 ],
    "faces": {
        "down":  { "uv": [ 1.5, 9, 2, 9.5 ], "texture": "#texture", "cullface": "down" },
        "up":    { "uv": [ 1.5, 8, 2, 8.5 ], "texture": "#texture", "cullface": "down" },
        "north": { "uv": [ 1.5, 8, 2, 9.5 ], "texture": "#texture", "cullface": "down" },
        "south": { "uv": [ 1.5, 8, 2, 9.5 ], "texture": "#texture", "cullface": "down" },
        "west":  { "uv": [ 1.5, 8, 2, 9.5 ], "texture": "#texture", "cullface": "down" },
        "east":  { "uv": [ 1.5, 8, 2, 9.5 ], "texture": "#texture", "cullface": "down" }
    }
},
{
    "from": [ 13, -3.5, 13.5 ],
    "to": [ 13.5, -2, 15 ],
    "faces": {
        "down":  { "uv": [ 2.5, 8, 3, 8.5 ], "texture": "#texture", "cullface": "down" },
        "up":    { "uv": [ 2.5, 7, 3, 7.5 ], "texture": "#texture", "cullface": "down" },
        "north": { "uv": [ 2.5, 7, 3, 8.5 ], "texture": "#texture", "cullface": "down" },
        "south": { "uv": [ 2.5, 7, 3, 8.5 ], "texture": "#texture", "cullface": "down" },
        "west":  { "uv": [ 2.5, 7, 3, 8.5 ], "texture": "#texture", "cullface": "down" },
        "east":  { "uv": [ 2.5, 7, 3, 8.5 ], "texture": "#texture", "cullface": "down" }
    }
},
{
    "from": [ 14, -5, 15.5 ],
    "to": [ 14.5, -3.5, 16 ],
    "faces": {
        "down":  { "uv": [ 1.5, 9, 2, 9.5 ], "texture": "#texture", "cullface": "down" },
        "up":    { "uv": [ 1.5, 8, 2, 8.5 ], "texture": "#texture", "cullface": "down" },
        "north": { "uv": [ 1.5, 8, 2, 9.5 ], "texture": "#texture", "cullface": "down" },
        "south": { "uv": [ 1.5, 8, 2, 9.5 ], "texture": "#texture", "cullface": "down" },
        "west":  { "uv": [ 1.5, 8, 2, 9.5 ], "texture": "#texture", "cullface": "down" },
        "east":  { "uv": [ 1.5, 8, 2, 9.5 ], "texture": "#texture", "cullface": "down" }
    }
},
{
    "from": [ 13.5, -3, 13.5 ],
    "to": [ 14, -2, 15 ],
    "faces": {
        "down":  { "uv": [ 12.5, 7.5, 14, 8 ], "rotation": 270, "texture": "#texture", "cullface": "down" },
        "up":    { "uv": [ 12.5, 7, 14, 7.5 ], "rotation": 90, "texture": "#texture", "cullface": "down" },
        "south": { "uv": [ 2, 7, 2.5, 8 ], "texture": "#texture", "cullface": "down" },
        "east":  { "uv": [ 14, 7, 12.5, 8 ], "texture": "#texture", "cullface": "down" }
    }
},
{
    "from": [ 2, -3.5, 12 ],
    "to": [ 2.5, -2, 13.5 ],
    "faces": {
        "down":  { "uv": [ 2.5, 9, 3, 7.5 ], "texture": "#texture", "cullface": "down" },
        "up":    { "uv": [ 1.5, 7.5, 2, 9 ], "texture": "#texture", "cullface": "down" },
        "north": { "uv": [ 2, 7, 2.5, 8.5 ], "texture": "#texture", "cullface": "down" },
        "south": { "uv": [ 2, 7, 2.5, 8.5 ], "texture": "#texture", "cullface": "down" },
        "west":  { "uv": [ 1.5, 7.5, 3, 9 ], "texture": "#texture", "cullface": "down" },
        "east":  { "uv": [ 3, 7.5, 1.5, 9 ], "texture": "#texture", "cullface": "down" }
    }
},
{
    "from": [ 13.5, -3.5, 12 ],
    "to": [ 14, -2, 13.5 ],
    "faces": {
        "down":  { "uv": [ 2.5, 9, 3, 7.5 ], "texture": "#texture", "cullface": "down" },
        "up":    { "uv": [ 1.5, 7.5, 2, 9 ], "texture": "#texture", "cullface": "down" },
        "north": { "uv": [ 2, 7, 2.5, 8.5 ], "texture": "#texture", "cullface": "down" },
        "south": { "uv": [ 2, 7, 2.5, 8.5 ], "texture": "#texture", "cullface": "down" },
        "west":  { "uv": [ 1.5, 7.5, 3, 9 ], "texture": "#texture", "cullface": "down" },
        "east":  { "uv": [ 3, 7.5, 1.5, 9 ], "texture": "#texture", "cullface": "down" }
    }
},
{
    "from": [ 2, -3.5, 11.5 ],
    "to": [ 2.5, -2.5, 12 ],
    "faces": {
        "up":    { "uv": [ 2, 7.5, 2.5, 8 ], "texture": "#texture", "cullface": "down" },
        "north": { "uv": [ 2, 7.5, 2.5, 8.5 ], "texture": "#texture", "cullface": "down" },
        "west":  { "uv": [ 2, 7.5, 2.5, 8.5 ], "texture": "#texture", "cullface": "down" }
    }
},
{
    "from": [ 13.5, -3.5, 11.5 ],
    "to": [ 14, -2.5, 12 ],
    "faces": {
        "up":    { "uv": [ 2, 7.5, 2.5, 8 ], "texture": "#texture", "cullface": "down" },
        "north": { "uv": [ 2, 7.5, 2.5, 8.5 ], "texture": "#texture", "cullface": "down" },
        "east":  { "uv": [ 2, 7.5, 2.5, 8.5 ], "texture": "#texture", "cullface": "down" }
    }
},
{
    "from": [ 2, -3.5, 11 ],
    "to": [ 2.5, -3, 11.5 ],
    "faces": {
        "up":    { "uv": [ 2, 7.5, 2.5, 8 ], "texture": "#texture", "cullface": "down" },
        "north": { "uv": [ 2, 7.5, 2.5, 8.5 ], "texture": "#texture", "cullface": "down" },
        "west":  { "uv": [ 2, 7.5, 2.5, 8.5 ], "texture": "#texture", "cullface": "down" }
    }
},
{
    "from": [ 13.5, -3.5, 11 ],
    "to": [ 14, -3, 11.5 ],
    "faces": {
        "up":    { "uv": [ 2, 7.5, 2.5, 8 ], "texture": "#texture", "cullface": "down" },
        "north": { "uv": [ 2, 7.5, 2.5, 8.5 ], "texture": "#texture", "cullface": "down" },
        "east":  { "uv": [ 2, 7.5, 2.5, 8.5 ], "texture": "#texture", "cullface": "down" }
    }
},
{
    "from": [ 3, -2.5, 13 ],
    "to": [ 5.5, -1.5, 14 ],
    "faces": {
        "down":  { "uv": [ 3, 7, 5.5, 7.5 ], "texture": "#texture", "cullface": "down" },
        "up":    { "uv": [ 3, 6.5, 5.5, 7 ], "texture": "#texture", "cullface": "down" },
        "south": { "uv": [ 3, 6.5, 5.5, 7.5 ], "texture": "#texture", "cullface": "down" },
        "west":  { "uv": [ 12.5, 6.5, 13, 7.5 ], "texture": "#texture", "cullface": "down" },
        "east":  { "uv": [ 5, 6.5, 5.5, 7.5 ], "texture": "#texture", "cullface": "down" }
    }
},
{
    "from": [ 2.5, -2.5, 12.5 ],
    "to": [ 3, -1.5, 13.5 ],
    "faces": {
        "down":  { "uv": [ 2, 7.5, 2.5, 8 ], "texture": "#texture", "cullface": "down" },
        "up":    { "uv": [ 2, 7.5, 2.5, 8 ], "texture": "#texture", "cullface": "down" },
        "north": { "uv": [ 2, 7.5, 2.5, 8.5 ], "texture": "#texture", "cullface": "down" },
        "south": { "uv": [ 2, 7.5, 2.5, 8.5 ], "texture": "#texture", "cullface": "down" },
        "west":  { "uv": [ 2, 7.5, 2.5, 8.5 ], "texture": "#texture", "cullface": "down" },
        "east":  { "uv": [ 2, 7.5, 2.5, 8.5 ], "texture": "#texture", "cullface": "down" }
    }
},
{
    "from": [ 13, -2.5, 12.5 ],
    "to": [ 13.5, -1.5, 13.5 ],
    "faces": {
        "down":  { "uv": [ 2, 7.5, 2.5, 8 ], "texture": "#texture", "cullface": "down" },
        "up":    { "uv": [ 2, 7.5, 2.5, 8 ], "texture": "#texture", "cullface": "down" },
        "north": { "uv": [ 2, 7.5, 2.5, 8.5 ], "texture": "#texture", "cullface": "down" },
        "south": { "uv": [ 2, 7.5, 2.5, 8.5 ], "texture": "#texture", "cullface": "down" },
        "west":  { "uv": [ 2, 7.5, 2.5, 8.5 ], "texture": "#texture", "cullface": "down" },
        "east":  { "uv": [ 2, 7.5, 2.5, 8.5 ], "texture": "#texture", "cullface": "down" }
    }
},
{
    "from": [ 3, -2.5, 14 ],
    "to": [ 4, -2, 14.5 ],
    "faces": {
        "down":  { "uv": [ 2, 7.5, 2.5, 8 ], "texture": "#texture", "cullface": "down" },
        "up":    { "uv": [ 2, 7.5, 2.5, 8 ], "texture": "#texture", "cullface": "down" },
        "south": { "uv": [ 2, 7.5, 2.5, 8.5 ], "texture": "#texture", "cullface": "down" },
        "east":  { "uv": [ 2, 7.5, 2.5, 8.5 ], "texture": "#texture", "cullface": "down" }
    }
},
{
    "from": [ 12, -2.5, 14 ],
    "to": [ 13, -2, 14.5 ],
    "faces": {
        "down":  { "uv": [ 2, 7.5, 2.5, 8 ], "texture": "#texture", "cullface": "down" },
        "up":    { "uv": [ 2, 7.5, 2.5, 8 ], "texture": "#texture", "cullface": "down" },
        "south": { "uv": [ 2, 7.5, 2.5, 8.5 ], "texture": "#texture", "cullface": "down" },
        "west":  { "uv": [ 2, 7.5, 2.5, 8.5 ], "texture": "#texture", "cullface": "down" }
    }
},
{
    "from": [ 3, -3, 11 ],
    "to": [ 13, -1.5, 12.5 ],
    "faces": {
        "down":  { "uv": [ 5.5, 7, 6, 6.5 ], "texture": "#texture", "cullface": "down" },
        "up":    { "uv": [ 5.5, 6.5, 6, 7 ], "texture": "#texture", "cullface": "down" },
        "west":  { "uv": [ 5.5, 6.5, 6, 7 ], "texture": "#texture", "cullface": "down" },
        "east":  { "uv": [ 6, 6.5, 5.5, 7 ], "texture": "#texture", "cullface": "down" }
    }
},
{
    "from": [ 2.5, -3, 11.5 ],
    "to": [ 13.5, -2, 12.5 ],
    "faces": {
        "down":  { "uv": [ 5.5, 7, 6, 6.5 ], "texture": "#texture", "cullface": "down" },
        "up":    { "uv": [ 5.5, 6.5, 6, 7 ], "texture": "#texture", "cullface": "down" },
        "north": { "uv": [ 5.5, 6.5, 6, 7 ], "texture": "#texture", "cullface": "down" },
        "south": { "uv": [ 5.5, 7, 6, 6.5 ], "texture": "#texture", "cullface": "down" },
        "west":  { "uv": [ 5.5, 6.5, 6, 7 ], "texture": "#texture", "cullface": "down" },
        "east":  { "uv": [ 6, 6.5, 5.5, 7 ], "texture": "#texture", "cullface": "down" }
    }
},
{
    "from": [ 2.5, -3.5, 11 ],
    "to": [ 13.5, -2.5, 12 ],
    "faces": {
        "down":  { "uv": [ 5.5, 7, 6, 6.5 ], "texture": "#texture", "cullface": "down" },
        "up":    { "uv": [ 5.5, 6.5, 6, 7 ], "texture": "#texture", "cullface": "down" },
        "north": { "uv": [ 5.5, 6.5, 6, 7 ], "texture": "#texture", "cullface": "down" },
        "south": { "uv": [ 5.5, 7, 6, 6.5 ], "texture": "#texture", "cullface": "down" },
        "west":  { "uv": [ 5.5, 6.5, 6, 7 ], "texture": "#texture", "cullface": "down" },
        "east":  { "uv": [ 6, 6.5, 5.5, 7 ], "texture": "#texture", "cullface": "down" }
    }
},
{
    "from": [ 2.5, -2, 12 ],
    "to": [ 13.5, -1.5, 12.5 ],
    "faces": {
        "up":    { "uv": [ 5.5, 6.5, 6, 7 ], "texture": "#texture", "cullface": "down" },
        "north": { "uv": [ 5.5, 6.5, 6, 7 ], "texture": "#texture", "cullface": "down" },
        "south": { "uv": [ 5.5, 7, 6, 6.5 ], "texture": "#texture", "cullface": "down" },
        "west":  { "uv": [ 5.5, 6.5, 6, 7 ], "texture": "#texture", "cullface": "down" },
        "east":  { "uv": [ 6, 6.5, 5.5, 7 ], "texture": "#texture", "cullface": "down" }
    }
},
{
    "from": [ 3.5, -1.5, 11 ],
    "to": [ 12.5, -1, 12 ],
    "faces": {
        "up":    { "uv": [ 5.5, 6.5, 6, 7 ], "texture": "#texture", "cullface": "down" },
        "south": { "uv": [ 5.5, 7, 6, 6.5 ], "texture": "#texture", "cullface": "down" },
        "west":  { "uv": [ 5.5, 6.5, 6, 7 ], "texture": "#texture", "cullface": "down" },
        "east":  { "uv": [ 6, 6.5, 5.5, 7 ], "texture": "#texture", "cullface": "down" }
    }
},
{
    "from": [ 4, -1.5, 12 ],
    "to": [ 12, -1, 12.5 ],
    "faces": {
        "up":    { "uv": [ 5.5, 6.5, 6, 7 ], "texture": "#texture", "cullface": "down" },
        "south": { "uv": [ 5.5, 7, 6, 6.5 ], "texture": "#texture", "cullface": "down" },
        "west":  { "uv": [ 5.5, 6.5, 6, 7 ], "texture": "#texture", "cullface": "down" },
        "east":  { "uv": [ 6, 6.5, 5.5, 7 ], "texture": "#texture", "cullface": "down" }
    }
},
{
    "from": [ 5.5, -1.5, 12.5 ],
    "to": [ 10.5, -1, 13 ],
    "faces": {
        "up":    { "uv": [ 5.5, 6.5, 6, 7 ], "texture": "#texture", "cullface": "down" },
        "south": { "uv": [ 5.5, 7, 6, 6.5 ], "texture": "#texture", "cullface": "down" },
        "west":  { "uv": [ 5.5, 6.5, 6, 7 ], "texture": "#texture", "cullface": "down" },
        "east":  { "uv": [ 6, 6.5, 5.5, 7 ], "texture": "#texture", "cullface": "down" }
    }
},
{
    "from": [ 10.5, -2.5, 13 ],
    "to": [ 13, -1.5, 14 ],
    "faces": {
        "down":  { "uv": [ 5.5, 7, 3, 7.5 ], "texture": "#texture", "cullface": "down" },
        "up":    { "uv": [ 10.5, 6.5, 13, 7 ], "texture": "#texture", "cullface": "down" },
        "south": { "uv": [ 5.5, 6.5, 3, 7.5 ], "texture": "#texture", "cullface": "down" },
        "west":  { "uv": [ 5, 6.5, 5.5, 7.5 ], "texture": "#texture", "cullface": "down" },
        "east":  { "uv": [ 12.5, 6.5, 13, 7.5 ], "texture": "#texture", "cullface": "down" }
    }
},
{
    "from": [ 5.5, -2.5, 13 ],
    "to": [ 10.5, -1.5, 13.5 ],
    "faces": {
        "up":    { "uv": [ 5.5, 6.5, 10.5, 7 ], "texture": "#texture", "cullface": "down" },
        "south": { "uv": [ 5.5, 6.5, 10.5, 7.5 ], "texture": "#texture", "cullface": "down" }
    }
},
{
    "from": [ 5.5, -2.5, 13.5 ],
    "to": [ 6, -2, 14 ],
    "faces": {
        "up":    { "uv": [ 5.5, 7, 6, 7.5 ], "texture": "#texture", "cullface": "down" },
        "south": { "uv": [ 5.5, 7.5, 6, 7 ], "texture": "#texture", "cullface": "down" },
        "east":  { "uv": [ 6, 7, 5.5, 7.5 ], "texture": "#texture", "cullface": "down" }
    }
},
{
    "from": [ 10, -2.5, 13.5 ],
    "to": [ 10.5, -2, 14 ],
    "faces": {
        "up":    { "uv": [ 5.5, 7, 6, 7.5 ], "texture": "#texture", "cullface": "down" },
        "south": { "uv": [ 5.5, 7.5, 6, 7 ], "texture": "#texture", "cullface": "down" },
        "west":  { "uv": [ 5.5, 7, 6, 7.5 ], "texture": "#texture", "cullface": "down" }
    }
},
{
    "from": [ 3, -3, 12.5 ],
    "to": [ 13, -1.5, 13 ],
    "faces": {
        "down":  { "uv": [ 5, 7, 5.5, 6.5 ], "texture": "#texture", "cullface": "down" },
        "up":    { "uv": [ 5, 6.5, 5.5, 7 ], "texture": "#texture", "cullface": "down" },
        "south": { "uv": [ 5, 7, 5.5, 6.5 ], "texture": "#texture", "cullface": "down" },
        "west":  { "uv": [ 5, 6.5, 5.5, 7 ], "texture": "#texture", "cullface": "down" },
        "east":  { "uv": [ 5.5, 6.5, 5, 7 ], "texture": "#texture", "cullface": "down" }
    }
},
{
    "from": [ 3, -3, 12.5 ],
    "to": [ 5.5, -2.5, 13.5 ],
    "faces": {
        "down":  { "uv": [ 3.5, 8, 4, 7.5 ], "texture": "#texture", "cullface": "down" },
        "up":    { "uv": [ 3.5, 7.5, 4, 8 ], "texture": "#texture", "cullface": "down" },
        "south": { "uv": [ 3.5, 8, 4, 7.5 ], "texture": "#texture", "cullface": "down" },
        "west":  { "uv": [ 3.5, 7.5, 4, 8 ], "texture": "#texture", "cullface": "down" },
        "east":  { "uv": [ 4, 7.5, 3.5, 8 ], "texture": "#texture", "cullface": "down" }
    }
},
{
    "from": [ 10.5, -3, 12.5 ],
    "to": [ 13, -2.5, 13.5 ],
    "faces": {
        "down":  { "uv": [ 3.5, 8, 4, 7.5 ], "texture": "#texture", "cullface": "down" },
        "up":    { "uv": [ 3.5, 7.5, 4, 8 ], "texture": "#texture", "cullface": "down" },
        "south": { "uv": [ 3.5, 8, 4, 7.5 ], "texture": "#texture", "cullface": "down" },
        "west":  { "uv": [ 3.5, 7.5, 4, 8 ], "texture": "#texture", "cullface": "down" },
        "east":  { "uv": [ 4, 7.5, 3.5, 8 ], "texture": "#texture", "cullface": "down" }
    }
},
{
    "from": [ 12, -3, 13.5 ],
    "to": [ 13, -2.5, 14 ],
    "faces": {
        "down":  { "uv": [ 3.5, 8, 4, 7.5 ], "texture": "#texture", "cullface": "down" },
        "south": { "uv": [ 3.5, 8, 4, 7.5 ], "texture": "#texture", "cullface": "down" },
        "west":  { "uv": [ 3.5, 7.5, 4, 8 ], "texture": "#texture", "cullface": "down" }
    }
},
{
    "from": [ 3, -3, 13.5 ],
    "to": [ 4, -2.5, 14 ],
    "faces": {
        "down":  { "uv": [ 3.5, 8, 4, 7.5 ], "texture": "#texture", "cullface": "down" },
        "south": { "uv": [ 3.5, 8, 4, 7.5 ], "texture": "#texture", "cullface": "down" },
        "east":  { "uv": [ 4, 7.5, 3.5, 8 ], "texture": "#texture", "cullface": "down" }
    }
},
{
    "from": [ 5.5, -3, 13 ],
    "to": [ 10.5, -2.5, 14 ],
    "faces": {
        "up":    { "uv": [ 5.5, 7.5, 10.5, 8 ], "texture": "#texture", "cullface": "down" },
        "south": { "uv": [ 5.5, 7.5, 10.5, 8 ], "texture": "#texture", "cullface": "down" },
        "west":  { "uv": [ 5.5, 7.5, 6.5, 8 ], "texture": "#texture", "cullface": "down" },
        "east":  { "uv": [ 5.5, 7.5, 6.5, 8 ], "texture": "#texture", "cullface": "down" }
    }
},
{
    "from": [ 5, -3.5, 13 ],
    "to": [ 11, -3, 14 ],
    "faces": {
        "down":  { "uv": [ 5, 8, 11, 8.5 ], "texture": "#texture", "cullface": "down" },
        "up":    { "uv": [ 5, 8, 11, 8.5 ], "texture": "#texture", "cullface": "down" },
        "north": { "uv": [ 5, 8, 11, 8.5 ], "texture": "#texture", "cullface": "down" },
        "south": { "uv": [ 5, 8, 11, 8.5 ], "texture": "#texture", "cullface": "down" },
        "west":  { "uv": [ 5, 8, 5.5, 8.5 ], "texture": "#texture", "cullface": "down" },
        "east":  { "uv": [ 5, 8, 5.5, 8.5 ], "texture": "#texture", "cullface": "down" }
    }
},
{
    "from": [ 7, -4, 13 ],
    "to": [ 7.5, -3.5, 14 ],
    "faces": {
        "north": { "uv": [ 7, 7.5, 7.5, 8 ], "texture": "#texture", "cullface": "down" },
        "south": { "uv": [ 7, 8.5, 7.5, 8 ], "texture": "#texture", "cullface": "down" },
        "west":  { "uv": [ 7, 7.5, 7.5, 8 ], "texture": "#texture", "cullface": "down" },
        "east":  { "uv": [ 7.5, 7.5, 7, 8 ], "texture": "#texture", "cullface": "down" }
    }
},
{
    "from": [ 8, -4, 13 ],
    "to": [ 9, -3.5, 14 ],
    "faces": {
        "down":  { "uv": [ 7, 8.5, 7.5, 7.5 ], "texture": "#texture", "cullface": "down" },
        "north": { "uv": [ 7, 7.5, 7.5, 8 ], "texture": "#texture", "cullface": "down" },
        "south": { "uv": [ 7, 8.5, 7.5, 8 ], "texture": "#texture", "cullface": "down" },
        "west":  { "uv": [ 7, 7.5, 7.5, 8 ], "texture": "#texture", "cullface": "down" },
        "east":  { "uv": [ 7.5, 7.5, 7, 8 ], "texture": "#texture", "cullface": "down" }
    }
},
{
    "from": [ 5, -4, 13 ],
    "to": [ 6, -3.5, 14 ],
    "faces": {
        "north": { "uv": [ 7, 7.5, 7.5, 8 ], "texture": "#texture", "cullface": "down" },
        "south": { "uv": [ 7, 8.5, 7.5, 8 ], "texture": "#texture", "cullface": "down" },
        "west":  { "uv": [ 7, 7.5, 7.5, 8 ], "texture": "#texture", "cullface": "down" },
        "east":  { "uv": [ 7.5, 7.5, 7, 8 ], "texture": "#texture", "cullface": "down" }
    }
},
{
    "from": [ 10, -4, 13 ],
    "to": [ 11, -3.5, 14 ],
    "faces": {
        "north": { "uv": [ 7, 7.5, 7.5, 8 ], "texture": "#texture", "cullface": "down" },
        "south": { "uv": [ 7, 8.5, 7.5, 8 ], "texture": "#texture", "cullface": "down" },
        "west":  { "uv": [ 7, 7.5, 7.5, 8 ], "texture": "#texture", "cullface": "down" },
        "east":  { "uv": [ 7.5, 7.5, 7, 8 ], "texture": "#texture", "cullface": "down" }
    }
},
{
    "from": [ 5, -4.5, 13 ],
    "to": [ 7.5, -4, 14 ],
    "faces": {
        "down":  { "uv": [ 5, 9.5, 7.5, 9 ], "texture": "#texture", "cullface": "down" },
        "up":    { "uv": [ 5, 9, 7.5, 9.5 ], "texture": "#texture", "cullface": "down" },
        "north": { "uv": [ 5, 9, 7.5, 9.5 ], "texture": "#texture", "cullface": "down" },
        "south": { "uv": [ 5, 9.5, 7.5, 9 ], "texture": "#texture", "cullface": "down" },
        "west":  { "uv": [ 5, 9, 5.5, 9.5 ], "texture": "#texture", "cullface": "down" },
        "east":  { "uv": [ 7.5, 9, 7, 9.5 ], "texture": "#texture", "cullface": "down" }
    }
},
{
    "from": [ 4.5, -5, 13 ],
    "to": [ 7, -4.5, 14 ],
    "faces": {
        "up":    { "uv": [ 4.5, 9.5, 7, 10 ], "texture": "#texture", "cullface": "down" },
        "north": { "uv": [ 4.5, 9.5, 7, 10 ], "texture": "#texture", "cullface": "down" },
        "south": { "uv": [ 4.5, 10, 7, 9.5 ], "texture": "#texture", "cullface": "down" },
        "west":  { "uv": [ 4.5, 9.5, 5, 10 ], "texture": "#texture", "cullface": "down" },
        "east":  { "uv": [ 7, 9.5, 6.5, 10 ], "texture": "#texture", "cullface": "down" }
    }
},
{
    "from": [ 9, -4.5, 13 ],
    "to": [ 11, -4, 14 ],
    "faces": {
        "up":    { "uv": [ 5, 9, 6.5, 9.5 ], "texture": "#texture", "cullface": "down" },
        "north": { "uv": [ 5, 9, 6.5, 9.5 ], "texture": "#texture", "cullface": "down" },
        "south": { "uv": [ 5, 9.5, 6.5, 9 ], "texture": "#texture", "cullface": "down" },
        "west":  { "uv": [ 5, 9, 5.5, 9.5 ], "texture": "#texture", "cullface": "down" },
        "east":  { "uv": [ 6.5, 9, 6, 9.5 ], "texture": "#texture", "cullface": "down" }
    }
},
{
    "from": [ 9, -5, 13 ],
    "to": [ 11.5, -4.5, 14 ],
    "faces": {
        "down":  { "uv": [ 9, 10, 11.5, 9.5 ], "texture": "#texture", "cullface": "down" },
        "up":    { "uv": [ 9, 9.5, 11.5, 10 ], "texture": "#texture", "cullface": "down" },
        "north": { "uv": [ 9, 9.5, 11.5, 10 ], "texture": "#texture", "cullface": "down" },
        "south": { "uv": [ 9, 10, 11.5, 9.5 ], "texture": "#texture", "cullface": "down" },
        "west":  { "uv": [ 9, 9.5, 9.5, 10 ], "texture": "#texture", "cullface": "down" },
        "east":  { "uv": [ 11.5, 9.5, 11, 10 ], "texture": "#texture", "cullface": "down" }
    }
},
{
    "from": [ 4, -5.5, 13 ],
    "to": [ 7, -5, 14 ],
    "faces": {
        "down":  { "uv": [ 4, 10.5, 7, 10 ], "texture": "#texture", "cullface": "down" },
        "up":    { "uv": [ 4, 10, 7, 10.5 ], "texture": "#texture", "cullface": "down" },
        "north": { "uv": [ 4, 10, 7, 10.5 ], "texture": "#texture", "cullface": "down" },
        "south": { "uv": [ 4, 10.5, 7, 10 ], "texture": "#texture", "cullface": "down" },
        "west":  { "uv": [ 4, 10, 4.5, 10.5 ], "texture": "#texture", "cullface": "down" },
        "east":  { "uv": [ 7, 10, 6.5, 10.5 ], "texture": "#texture", "cullface": "down" }
    }
},
{
    "from": [ 10, -5.5, 13 ],
    "to": [ 11.5, -5, 14 ],
    "faces": {
        "north": { "uv": [ 10, 10, 11.5, 10.5 ], "texture": "#texture", "cullface": "down" },
        "south": { "uv": [ 10, 10.5, 11.5, 10 ], "texture": "#texture", "cullface": "down" },
        "west":  { "uv": [ 10, 10, 10.5, 10.5 ], "texture": "#texture", "cullface": "down" },
        "east":  { "uv": [ 11.5, 10, 11, 10.5 ], "texture": "#texture", "cullface": "down" }
    }
},
{
    "from": [ 5, -5, 14 ],
    "to": [ 6.5, -4.5, 14.5 ],
    "faces": {
        "down":  { "uv": [ 5, 10, 6.5, 9.5 ], "texture": "#texture", "cullface": "down" },
        "up":    { "uv": [ 5, 9.5, 6.5, 10 ], "texture": "#texture", "cullface": "down" },
        "south": { "uv": [ 5, 10, 6.5, 9.5 ], "texture": "#texture", "cullface": "down" },
        "west":  { "uv": [ 5, 9.5, 5.5, 10 ], "texture": "#texture", "cullface": "down" },
        "east":  { "uv": [ 6.5, 9.5, 6, 10 ], "texture": "#texture", "cullface": "down" }
    }
},
{
    "from": [ 5.5, -4.5, 14 ],
    "to": [ 7, -4, 14.5 ],
    "faces": {
        "down":  { "uv": [ 5, 10, 6.5, 9.5 ], "texture": "#texture", "cullface": "down" },
        "up":    { "uv": [ 5, 9.5, 6.5, 10 ], "texture": "#texture", "cullface": "down" },
        "south": { "uv": [ 5, 10, 6.5, 9.5 ], "texture": "#texture", "cullface": "down" },
        "west":  { "uv": [ 5, 9.5, 5.5, 10 ], "texture": "#texture", "cullface": "down" },
        "east":  { "uv": [ 6.5, 9.5, 6, 10 ], "texture": "#texture", "cullface": "down" }
    }
},
{
    "from": [ 9.5, -4.5, 14 ],
    "to": [ 11, -4, 14.5 ],
    "faces": {
        "down":  { "uv": [ 5, 10, 6.5, 9.5 ], "texture": "#texture", "cullface": "down" },
        "up":    { "uv": [ 5, 9.5, 6.5, 10 ], "texture": "#texture", "cullface": "down" },
        "south": { "uv": [ 5, 10, 6.5, 9.5 ], "texture": "#texture", "cullface": "down" },
        "west":  { "uv": [ 5, 9.5, 5.5, 10 ], "texture": "#texture", "cullface": "down" },
        "east":  { "uv": [ 6.5, 9.5, 6, 10 ], "texture": "#texture", "cullface": "down" }
    }
},
{
    "from": [ 10, -5, 14 ],
    "to": [ 11, -4.5, 14.5 ],
    "faces": {
        "down":  { "uv": [ 5, 10, 6.5, 9.5 ], "texture": "#texture", "cullface": "down" },
        "south": { "uv": [ 5, 10, 6.5, 9.5 ], "texture": "#texture", "cullface": "down" },
        "west":  { "uv": [ 5, 9.5, 5.5, 10 ], "texture": "#texture", "cullface": "down" },
        "east":  { "uv": [ 6.5, 9.5, 6, 10 ], "texture": "#texture", "cullface": "down" }
    }
},
{
    "from": [ 4.5, -5, 13 ],
    "to": [ 8.5, -3.5, 13.5 ],
    "faces": {
        "down":  { "uv": [ 4.5, 9.5, 8.5, 10 ], "texture": "#texture", "cullface": "down" },
        "up":    { "uv": [ 4.5, 8.5, 8.5, 9 ], "texture": "#texture", "cullface": "down" },
        "north": { "uv": [ 4.5, 8.5, 8.5, 10 ], "texture": "#texture", "cullface": "down" },
        "south": { "uv": [ 4.5, 8.5, 8.5, 10 ], "texture": "#texture", "cullface": "down" },
        "west":  { "uv": [ 4.5, 8.5, 5, 10 ], "texture": "#texture", "cullface": "down" },
        "east":  { "uv": [ 8, 8.5, 8.5, 10 ], "texture": "#texture", "cullface": "down" }
    }
},
{
    "from": [ 9, -5, 13 ],
    "to": [ 11.5, -3.5, 13.5 ],
    "faces": {
        "down":  { "uv": [ 9, 9.5, 11.5, 10 ], "texture": "#texture", "cullface": "down" },
        "up":    { "uv": [ 9, 8.5, 11.5, 9 ], "texture": "#texture", "cullface": "down" },
        "north": { "uv": [ 9, 8.5, 11.5, 10 ], "texture": "#texture", "cullface": "down" },
        "south": { "uv": [ 9, 8.5, 11.5, 10 ], "texture": "#texture", "cullface": "down" },
        "west":  { "uv": [ 9, 8.5, 9.5, 10 ], "texture": "#texture", "cullface": "down" },
        "east":  { "uv": [ 11, 8.5, 11.5, 10 ], "texture": "#texture", "cullface": "down" }
    }
},
{
    "from": [ 7, -5.5, 12.5 ],
    "to": [ 10, -4, 13 ],
    "faces": {
        "up":    { "uv": [ 7, 9, 10, 9.5 ], "texture": "#texture", "cullface": "down" },
        "north": { "uv": [ 7, 9, 10, 10.5 ], "texture": "#texture", "cullface": "down" },
        "south": { "uv": [ 7, 9, 10, 10.5 ], "texture": "#texture", "cullface": "down" },
        "west":  { "uv": [ 7, 9, 7.5, 10.5 ], "texture": "#texture", "cullface": "down" },
        "east":  { "uv": [ 9.5, 9, 10, 10.5 ], "texture": "#texture", "cullface": "down" }
    }
},
{
    "from": [ 3.5, -5.5, 12 ],
    "to": [ 5, -3, 13 ],
    "faces": {
        "down":  { "uv": [ 3.5, 12, 5, 13 ], "texture": "#texture", "cullface": "down" },
        "up":    { "uv": [ 3.5, 12, 5, 13 ], "texture": "#texture", "cullface": "down" },
        "north": { "uv": [ 3.5, 8, 5, 10.5 ], "texture": "#texture", "cullface": "down" },
        "south": { "uv": [ 3.5, 8, 5, 10.5 ], "texture": "#texture", "cullface": "down" },
        "west":  { "uv": [ 12, 8, 13, 10.5 ], "texture": "#texture", "cullface": "down" },
        "east":  { "uv": [ 12, 8, 13, 10.5 ], "texture": "#texture", "cullface": "down" }
    }
},
{
    "from": [ 11, -5.5, 12 ],
    "to": [ 12.5, -3, 13 ],
    "faces": {
        "down":  { "uv": [ 11, 12, 12.5, 13 ], "texture": "#texture", "cullface": "down" },
        "up":    { "uv": [ 11, 12, 12.5, 13 ], "texture": "#texture", "cullface": "down" },
        "north": { "uv": [ 11, 8, 12.5, 10.5 ], "texture": "#texture", "cullface": "down" },
        "south": { "uv": [ 11, 8, 12.5, 10.5 ], "texture": "#texture", "cullface": "down" },
        "west":  { "uv": [ 12, 8, 13, 10.5 ], "texture": "#texture", "cullface": "down" },
        "east":  { "uv": [ 12, 8, 13, 10.5 ], "texture": "#texture", "cullface": "down" }
    }
},
{
    "from": [ 4, -8, 13 ],
    "to": [ 6, -5.5, 14 ],
    "faces": {
        "down":  { "uv": [ 4, 12.5, 6, 13 ], "texture": "#texture", "cullface": "down" },
        "north": { "uv": [ 4, 10.5, 6, 13 ], "texture": "#texture", "cullface": "down" },
        "south": { "uv": [ 4, 10.5, 6, 13 ], "texture": "#texture", "cullface": "down" },
        "west":  { "uv": [ 4, 10.5, 4.5, 13 ], "texture": "#texture", "cullface": "down" },
        "east":  { "uv": [ 5.5, 10.5, 6, 13 ], "texture": "#texture", "cullface": "down" }
    }
},
{
    "from": [ 4, -7.5, 13 ],
    "to": [ 5, -5.5, 14.5 ],
    "faces": {
        "down":  { "uv": [ 4, 12, 5, 12.5 ], "texture": "#texture", "cullface": "down" },
        "up":    { "uv": [ 4, 10.5, 5, 11 ], "texture": "#texture", "cullface": "down" },
        "north": { "uv": [ 4, 10.5, 5, 12.5 ], "texture": "#texture", "cullface": "down" },
        "south": { "uv": [ 4, 10.5, 5, 12.5 ], "texture": "#texture", "cullface": "down" },
        "west":  { "uv": [ 4, 10.5, 4.5, 12.5 ], "texture": "#texture", "cullface": "down" },
        "east":  { "uv": [ 4.5, 10.5, 5, 12.5 ], "texture": "#texture", "cullface": "down" }
    }
},
{
    "from": [ 3.5, -7, 13 ],
    "to": [ 5.5, -6, 14.5 ],
    "faces": {
        "down":  { "uv": [ 3.5, 11.5, 5.5, 12 ], "texture": "#texture", "cullface": "down" },
        "up":    { "uv": [ 3.5, 11, 5.5, 11.5 ], "texture": "#texture", "cullface": "down" },
        "north": { "uv": [ 3.5, 11, 5.5, 12 ], "texture": "#texture", "cullface": "down" },
        "south": { "uv": [ 3.5, 11, 5.5, 12 ], "texture": "#texture", "cullface": "down" },
        "west":  { "uv": [ 3.5, 11, 4, 12 ], "texture": "#texture", "cullface": "down" },
        "east":  { "uv": [ 5, 11, 5.5, 12 ], "texture": "#texture", "cullface": "down" }
    }
},
{
    "from": [ 4, -7, 14 ],
    "to": [ 5, -6, 14.5 ],
    "faces": {
        "down":  { "uv": [ 4, 11.5, 5, 12 ], "texture": "#texture", "cullface": "down" },
        "up":    { "uv": [ 4, 11, 5, 11.5 ], "texture": "#texture", "cullface": "down" },
        "south": { "uv": [ 4, 11, 5, 12 ], "texture": "#texture", "cullface": "down" },
        "west":  { "uv": [ 4, 11, 4.5, 12 ], "texture": "#texture", "cullface": "down" },
        "east":  { "uv": [ 4.5, 11, 5, 12 ], "texture": "#texture", "cullface": "down" }
    }
},
{
    "from": [ 10.5, -7, 13 ],
    "to": [ 12.5, -6, 14.5 ],
    "faces": {
        "down":  { "uv": [ 3.5, 11.5, 5.5, 12 ], "texture": "#texture", "cullface": "down" },
        "up":    { "uv": [ 3.5, 11, 5.5, 11.5 ], "texture": "#texture", "cullface": "down" },
        "north": { "uv": [ 3.5, 11, 5.5, 12 ], "texture": "#texture", "cullface": "down" },
        "south": { "uv": [ 3.5, 11, 5.5, 12 ], "texture": "#texture", "cullface": "down" },
        "west":  { "uv": [ 3.5, 11, 4, 12 ], "texture": "#texture", "cullface": "down" },
        "east":  { "uv": [ 5, 11, 5.5, 12 ], "texture": "#texture", "cullface": "down" }
    }
},
{
    "from": [ 11, -7.5, 13 ],
    "to": [ 12, -5.5, 14.5 ],
    "faces": {
        "down":  { "uv": [ 4, 12, 5, 12.5 ], "texture": "#texture", "cullface": "down" },
        "up":    { "uv": [ 4, 10.5, 5, 11 ], "texture": "#texture", "cullface": "down" },
        "north": { "uv": [ 4, 10.5, 5, 12.5 ], "texture": "#texture", "cullface": "down" },
        "south": { "uv": [ 4, 10.5, 5, 12.5 ], "texture": "#texture", "cullface": "down" },
        "west":  { "uv": [ 4, 10.5, 4.5, 12.5 ], "texture": "#texture", "cullface": "down" },
        "east":  { "uv": [ 4.5, 10.5, 5, 12.5 ], "texture": "#texture", "cullface": "down" }
    }
},
{
    "from": [ 11, -7, 14 ],
    "to": [ 12, -6, 14.5 ],
    "faces": {
        "down":  { "uv": [ 4, 11.5, 5, 12 ], "texture": "#texture", "cullface": "down" },
        "up":    { "uv": [ 4, 11, 5, 11.5 ], "texture": "#texture", "cullface": "down" },
        "south": { "uv": [ 4, 11, 5, 12 ], "texture": "#texture", "cullface": "down" },
        "west":  { "uv": [ 4, 11, 4.5, 12 ], "texture": "#texture", "cullface": "down" },
        "east":  { "uv": [ 4.5, 11, 5, 12 ], "texture": "#texture", "cullface": "down" }
    }
},
{
    "from": [ 7.5, -6, 12.5 ],
    "to": [ 8.5, -5.5, 13.5 ],
    "faces": {
        "up":    { "uv": [ 7.5, 10.5, 8.5, 11 ], "texture": "#texture", "cullface": "down" },
        "north": { "uv": [ 7.5, 10.5, 8.5, 11 ], "texture": "#texture", "cullface": "down" },
        "south": { "uv": [ 7.5, 11, 8.5, 10.5 ], "texture": "#texture", "cullface": "down" },
        "west":  { "uv": [ 7.5, 10.5, 8, 11 ], "texture": "#texture", "cullface": "down" },
        "east":  { "uv": [ 8.5, 10.5, 8, 11 ], "texture": "#texture", "cullface": "down" }
    }
},
{
    "from": [ 6, -7, 12.5 ],
    "to": [ 10, -5.5, 13 ],
    "faces": {
        "down":  { "uv": [ 6, 12.5, 10, 13 ], "texture": "#texture", "cullface": "down" },
        "up":    { "uv": [ 6, 12.5, 10, 13 ], "texture": "#texture", "cullface": "down" },
        "north": { "uv": [ 6, 10.5, 10, 12 ], "texture": "#texture", "cullface": "down" },
        "south": { "uv": [ 6, 10.5, 10, 12 ], "texture": "#texture", "cullface": "down" },
        "west":  { "uv": [ 12.5, 10.5, 13, 12 ], "texture": "#texture", "cullface": "down" },
        "east":  { "uv": [ 12.5, 10.5, 13, 12 ], "texture": "#texture", "cullface": "down" }
    }
},
{
    "from": [ 4, -10, 12.5 ],
    "to": [ 12, -6, 13.5 ],
    "faces": {
        "down":  { "uv": [ 4, 14.5, 12, 15 ], "texture": "#texture", "cullface": "down" },
        "up":    { "uv": [ 4, 11, 12, 11.5 ], "texture": "#texture", "cullface": "down" },
        "north": { "uv": [ 4, 11, 12, 15 ], "texture": "#texture", "cullface": "down" },
        "south": { "uv": [ 4, 11, 12, 15 ], "texture": "#texture", "cullface": "down" },
        "west":  { "uv": [ 4, 11, 4.5, 15 ], "texture": "#texture", "cullface": "down" },
        "east":  { "uv": [ 11.5, 11, 12, 15 ], "texture": "#texture", "cullface": "down" }
    }
},
{
    "from": [ 6, -6, 12.5 ],
    "to": [ 6.5, -5.5, 13.5 ],
    "faces": {
        "up":    { "uv": [ 7.5, 10.5, 8.5, 11 ], "texture": "#texture", "cullface": "down" },
        "north": { "uv": [ 7.5, 10.5, 8.5, 11 ], "texture": "#texture", "cullface": "down" },
        "south": { "uv": [ 7.5, 11, 8.5, 10.5 ], "texture": "#texture", "cullface": "down" },
        "west":  { "uv": [ 7.5, 10.5, 8, 11 ], "texture": "#texture", "cullface": "down" },
        "east":  { "uv": [ 8.5, 10.5, 8, 11 ], "texture": "#texture", "cullface": "down" }
    }
},
{
    "from": [ 9.5, -6, 12.5 ],
    "to": [ 10, -5.5, 13.5 ],
    "faces": {
        "up":    { "uv": [ 7.5, 10.5, 8.5, 11 ], "texture": "#texture", "cullface": "down" },
        "north": { "uv": [ 7.5, 10.5, 8.5, 11 ], "texture": "#texture", "cullface": "down" },
        "south": { "uv": [ 7.5, 11, 8.5, 10.5 ], "texture": "#texture", "cullface": "down" },
        "west":  { "uv": [ 7.5, 10.5, 8, 11 ], "texture": "#texture", "cullface": "down" },
        "east":  { "uv": [ 8.5, 10.5, 8, 11 ], "texture": "#texture", "cullface": "down" }
    }
},
{
    "from": [ 10, -8, 13 ],
    "to": [ 12, -5.5, 14 ],
    "faces": {
        "down":  { "uv": [ 10, 12.5, 12, 13 ], "texture": "#texture", "cullface": "down" },
        "up":    { "uv": [ 10, 10.5, 12, 11 ], "texture": "#texture", "cullface": "down" },
        "north": { "uv": [ 10, 10.5, 12, 13 ], "texture": "#texture", "cullface": "down" },
        "south": { "uv": [ 10, 10.5, 12, 13 ], "texture": "#texture", "cullface": "down" },
        "west":  { "uv": [ 10, 10.5, 10.5, 13 ], "texture": "#texture", "cullface": "down" },
        "east":  { "uv": [ 11.5, 10.5, 12, 13 ], "texture": "#texture", "cullface": "down" }
    }
},
{
    "from": [ 7, -8, 13.5 ],
    "to": [ 9, -6.5, 14.5 ],
    "faces": {
        "up":    { "uv": [ 7, 11.5, 9, 12 ], "texture": "#texture", "cullface": "down" },
        "south": { "uv": [ 7, 11.5, 9, 13 ], "texture": "#texture", "cullface": "down" },
        "west":  { "uv": [ 7, 11.5, 7.5, 13 ], "texture": "#texture", "cullface": "down" },
        "east":  { "uv": [ 8.5, 11.5, 9, 13 ], "texture": "#texture", "cullface": "down" }
    }
},
{
    "from": [ 9.5, -7.5, 13 ],
    "to": [ 10, -7, 14 ],
    "faces": {
        "up":    { "uv": [ 9.5, 12, 10, 12.5 ], "texture": "#texture", "cullface": "down" },
        "north": { "uv": [ 9.5, 12, 10, 12.5 ], "texture": "#texture", "cullface": "down" },
        "south": { "uv": [ 9.5, 12.5, 10, 12 ], "texture": "#texture", "cullface": "down" },
        "west":  { "uv": [ 9.5, 12, 10, 12.5 ], "texture": "#texture", "cullface": "down" }
    }
},
{
    "from": [ 6, -7.5, 13 ],
    "to": [ 6.5, -7, 14 ],
    "faces": {
        "up":    { "uv": [ 9.5, 12, 10, 12.5 ], "texture": "#texture", "cullface": "down" },
        "north": { "uv": [ 9.5, 12, 10, 12.5 ], "texture": "#texture", "cullface": "down" },
        "south": { "uv": [ 9.5, 12.5, 10, 12 ], "texture": "#texture", "cullface": "down" },
        "east":  { "uv": [ 10, 12, 9.5, 12.5 ], "texture": "#texture", "cullface": "down" }
    }
},
{
    "from": [ 7.5, -6.5, 13 ],
    "to": [ 8.5, -6, 14 ],
    "faces": {
        "down":  { "uv": [ 7.5, 11.5, 8.5, 11 ], "texture": "#texture", "cullface": "down" },
        "up":    { "uv": [ 7.5, 11, 8.5, 11.5 ], "texture": "#texture", "cullface": "down" },
        "south": { "uv": [ 7.5, 11.5, 8.5, 11 ], "texture": "#texture", "cullface": "down" },
        "west":  { "uv": [ 7.5, 11, 8, 11.5 ], "texture": "#texture", "cullface": "down" },
        "east":  { "uv": [ 8.5, 11, 8, 11.5 ], "texture": "#texture", "cullface": "down" }
    }
},
{
    "from": [ 6, -11, 13.5 ],
    "to": [ 10, -8, 15 ],
    "faces": {
        "down":  { "uv": [ 6, 15.5, 10, 16 ], "texture": "#texture", "cullface": "down" },
        "up":    { "uv": [ 6, 13, 10, 13.5 ], "texture": "#texture", "cullface": "down" },
        "north": { "uv": [ 6, 13, 10, 16 ], "texture": "#texture", "cullface": "down" },
        "south": { "uv": [ 6, 13, 10, 16 ], "texture": "#texture", "cullface": "down" },
        "west":  { "uv": [ 5, 13, 6.5, 16 ], "texture": "#texture", "cullface": "down" },
        "east":  { "uv": [ 9.5, 13, 11, 16 ], "texture": "#texture", "cullface": "down" }
    }
},
{
    "from": [ 5, -10.5, 13 ],
    "to": [ 11, -7.5, 14.5 ],
    "faces": {
        "down":  { "uv": [ 5, 15, 11, 15.5 ], "texture": "#texture", "cullface": "down" },
        "up":    { "uv": [ 5, 12.5, 11, 13 ], "texture": "#texture", "cullface": "down" },
        "north": { "uv": [ 5, 12.5, 11, 15.5 ], "texture": "#texture", "cullface": "down" },
        "south": { "uv": [ 5, 12.5, 11, 15.5 ], "texture": "#texture", "cullface": "down" },
        "west":  { "uv": [ 9.5, 12.5, 11, 15.5 ], "texture": "#texture", "cullface": "down" },
        "east":  { "uv": [ 5, 12.5, 6.5, 15.5 ], "texture": "#texture", "cullface": "down" }
    }
},
{
    "from": [ 7, -8, 13.5 ],
    "to": [ 9, -7.5, 15 ],
    "faces": {
        "up":    { "uv": [ 7, 12.5, 9, 13 ], "texture": "#texture", "cullface": "down" },
        "south": { "uv": [ 7, 13, 9, 12.5 ], "texture": "#texture", "cullface": "down" },
        "west":  { "uv": [ 7, 12.5, 7.5, 13 ], "texture": "#texture", "cullface": "down" },
        "east":  { "uv": [ 9, 12.5, 8.5, 13 ], "texture": "#texture", "cullface": "down" }
    }
},
{
    "from": [ 5.5, -10.5, 13.5 ],
    "to": [ 10.5, -8.5, 15 ],
    "faces": {
        "down":  { "uv": [ 5.5, 15, 10.5, 15.5 ], "texture": "#texture", "cullface": "down" },
        "up":    { "uv": [ 5.5, 13.5, 10.5, 14 ], "texture": "#texture", "cullface": "down" },
        "north": { "uv": [ 5.5, 13.5, 10.5, 15.5 ], "texture": "#texture", "cullface": "down" },
        "south": { "uv": [ 5.5, 13.5, 10.5, 15.5 ], "texture": "#texture", "cullface": "down" },
        "west":  { "uv": [ 4.5, 13.5, 6, 15.5 ], "texture": "#texture", "cullface": "down" },
        "east":  { "uv": [ 10, 13.5, 11.5, 15.5 ], "texture": "#texture", "cullface": "down" }
    }
},
{
    "from": [ 3.5, -6, 13 ],
    "to": [ 5, -4.5, 13.5 ],
    "faces": {
        "up":    { "uv": [ 3.5, 9.5, 5, 10 ], "texture": "#texture", "cullface": "down" },
        "north": { "uv": [ 3.5, 9.5, 5, 11 ], "texture": "#texture", "cullface": "down" },
        "south": { "uv": [ 3.5, 9.5, 5, 11 ], "texture": "#texture", "cullface": "down" },
        "west":  { "uv": [ 3.5, 9.5, 4, 11 ], "texture": "#texture", "cullface": "down" },
        "east":  { "uv": [ 4.5, 9.5, 5, 11 ], "texture": "#texture", "cullface": "down" }
    }
},
{
    "from": [ 11, -6, 13 ],
    "to": [ 12.5, -4.5, 13.5 ],
    "faces": {
        "up":    { "uv": [ 11, 9.5, 12.5, 10 ], "texture": "#texture", "cullface": "down" },
        "north": { "uv": [ 11, 9.5, 12.5, 11 ], "texture": "#texture", "cullface": "down" },
        "south": { "uv": [ 11, 9.5, 12.5, 11 ], "texture": "#texture", "cullface": "down" },
        "west":  { "uv": [ 11, 9.5, 11.5, 11 ], "texture": "#texture", "cullface": "down" },
        "east":  { "uv": [ 12, 9.5, 12.5, 11 ], "texture": "#texture", "cullface": "down" }
    }
},
{
    "from": [ 4.5, -9.5, 13 ],
    "to": [ 11.5, -8, 14 ],
    "faces": {
        "down":  { "uv": [ 4.5, 14, 11.5, 14.5 ], "texture": "#texture", "cullface": "down" },
        "up":    { "uv": [ 4.5, 13, 11.5, 13.5 ], "texture": "#texture", "cullface": "down" },
        "north": { "uv": [ 4.5, 13, 11.5, 14.5 ], "texture": "#texture", "cullface": "down" },
        "south": { "uv": [ 4.5, 13, 11.5, 14.5 ], "texture": "#texture", "cullface": "down" },
        "west":  { "uv": [ 4, 13, 5, 14.5 ], "texture": "#texture", "cullface": "down" },
        "east":  { "uv": [ 11, 13, 12, 14.5 ], "texture": "#texture", "cullface": "down" }
    }
},
{
    "from": [ 6.5, -10.5, 15 ],
    "to": [ 9.5, -10, 15.5 ],
    "faces": {
        "down":  { "uv": [ 6.5, 15.5, 9.5, 15 ], "texture": "#texture", "cullface": "down" },
        "up":    { "uv": [ 6.5, 15, 9.5, 15.5 ], "texture": "#texture", "cullface": "down" },
        "south": { "uv": [ 6.5, 15.5, 9.5, 15 ], "texture": "#texture", "cullface": "down" },
        "west":  { "uv": [ 6.5, 15, 7, 15.5 ], "texture": "#texture", "cullface": "down" },
        "east":  { "uv": [ 9.5, 15, 9, 15.5 ], "texture": "#texture", "cullface": "down" }
    }
},
{
    "from": [ 7, -10, 15 ],
    "to": [ 9, -9.5, 15.5 ],
    "faces": {
        "up":    { "uv": [ 7, 14.5, 9, 15 ], "texture": "#texture", "cullface": "down" },
        "south": { "uv": [ 7, 15, 9, 14.5 ], "texture": "#texture", "cullface": "down" },
        "west":  { "uv": [ 7, 14.5, 7.5, 15 ], "texture": "#texture", "cullface": "down" },
        "east":  { "uv": [ 9, 14.5, 8.5, 15 ], "texture": "#texture", "cullface": "down" }
    }
},
{
    "from": [ 7, -11, 15 ],
    "to": [ 9, -10.5, 15.5 ],
    "faces": {
        "down":  { "uv": [ 7, 16, 9, 15.5 ], "texture": "#texture", "cullface": "down" },
        "south": { "uv": [ 7, 16, 9, 15.5 ], "texture": "#texture", "cullface": "down" },
        "west":  { "uv": [ 7, 15.5, 7.5, 16 ], "texture": "#texture", "cullface": "down" },
        "east":  { "uv": [ 9, 15.5, 8.5, 16 ], "texture": "#texture", "cullface": "down" }
    }
},
{
    "from": [ 7, -11.5, 13.5 ],
    "to": [ 9, -11, 15 ],
    "faces": {
        "down":  { "uv": [ 7, 16, 9, 15.5 ], "texture": "#texture", "cullface": "down" },
        "north": { "uv": [ 7, 15.5, 9, 16 ], "texture": "#texture", "cullface": "down" },
        "south": { "uv": [ 7, 16, 9, 15.5 ], "texture": "#texture", "cullface": "down" },
        "west":  { "uv": [ 7, 15.5, 7.5, 16 ], "texture": "#texture", "cullface": "down" },
        "east":  { "uv": [ 9, 15.5, 8.5, 16 ], "texture": "#texture", "cullface": "down" }
    }
},
{
    "from": [ 6.5, -11.5, 13.5 ],
    "to": [ 9.5, -11, 14.5 ],
    "faces": {
        "down":  { "uv": [ 7, 16, 9, 15.5 ], "texture": "#texture", "cullface": "down" },
        "north": { "uv": [ 7, 15.5, 9, 16 ], "texture": "#texture", "cullface": "down" },
        "south": { "uv": [ 7, 16, 9, 15.5 ], "texture": "#texture", "cullface": "down" },
        "west":  { "uv": [ 7, 15.5, 7.5, 16 ], "texture": "#texture", "cullface": "down" },
        "east":  { "uv": [ 9, 15.5, 8.5, 16 ], "texture": "#texture", "cullface": "down" }
    }
},
{
    "from": [ 3.5, -9.5, 11.5 ],
    "to": [ 4, -4, 13 ],
    "faces": {
        "down":  { "uv": [ 3, 14, 3.5, 14.5 ], "texture": "#texture", "cullface": "down" },
        "up":    { "uv": [ 3, 9, 3.5, 9.5 ], "texture": "#texture", "cullface": "down" },
        "north": { "uv": [ 3, 9, 3.5, 14.5 ], "texture": "#texture", "cullface": "down" },
        "south": { "uv": [ 3, 9, 3.5, 14.5 ], "texture": "#texture", "cullface": "down" },
        "west":  { "uv": [ 3, 9, 3.5, 14.5 ], "texture": "#texture", "cullface": "down" },
        "east":  { "uv": [ 3, 9, 3.5, 14.5 ], "texture": "#texture", "cullface": "down" }
    }
},
{
    "from": [ 3, -9, 11 ],
    "to": [ 3.5, -3.5, 12.5 ],
    "faces": {
        "down":  { "uv": [ 3, 14, 3.5, 14.5 ], "texture": "#texture", "cullface": "down" },
        "up":    { "uv": [ 3, 9, 3.5, 9.5 ], "texture": "#texture", "cullface": "down" },
        "north": { "uv": [ 3, 9, 3.5, 14.5 ], "texture": "#texture", "cullface": "down" },
        "south": { "uv": [ 3, 9, 3.5, 14.5 ], "texture": "#texture", "cullface": "down" },
        "west":  { "uv": [ 3, 9, 3.5, 14.5 ], "texture": "#texture", "cullface": "down" },
        "east":  { "uv": [ 3, 9, 3.5, 14.5 ], "texture": "#texture", "cullface": "down" }
    }
},
{
    "from": [ 12, -10, 11.5 ],
    "to": [ 12.5, -4.5, 13 ],
    "faces": {
        "down":  { "uv": [ 3, 14, 3.5, 14.5 ], "texture": "#texture", "cullface": "down" },
        "up":    { "uv": [ 3, 9, 3.5, 9.5 ], "texture": "#texture", "cullface": "down" },
        "north": { "uv": [ 3, 9, 3.5, 14.5 ], "texture": "#texture", "cullface": "down" },
        "south": { "uv": [ 3, 9, 3.5, 14.5 ], "texture": "#texture", "cullface": "down" },
        "west":  { "uv": [ 3, 9, 3.5, 14.5 ], "texture": "#texture", "cullface": "down" },
        "east":  { "uv": [ 3, 9, 3.5, 14.5 ], "texture": "#texture", "cullface": "down" }
    }
},
{
    "from": [ 12.5, -9.5, 11 ],
    "to": [ 13, -4, 12.5 ],
    "faces": {
        "down":  { "uv": [ 3, 14, 3.5, 14.5 ], "texture": "#texture", "cullface": "down" },
        "up":    { "uv": [ 3, 9, 3.5, 9.5 ], "texture": "#texture", "cullface": "down" },
        "north": { "uv": [ 3, 9, 3.5, 14.5 ], "texture": "#texture", "cullface": "down" },
        "south": { "uv": [ 3, 9, 3.5, 14.5 ], "texture": "#texture", "cullface": "down" },
        "west":  { "uv": [ 3, 9, 3.5, 14.5 ], "texture": "#texture", "cullface": "down" },
        "east":  { "uv": [ 3, 9, 3.5, 14.5 ], "texture": "#texture", "cullface": "down" }
    }
},
{
    "from": [ 12.5, -6.5, 12.5 ],
    "to": [ 13, -4.5, 13 ],
    "faces": {
        "down":  { "uv": [ 12.5, 11.5, 13, 12 ], "texture": "#texture", "cullface": "down" },
        "up":    { "uv": [ 12.5, 10, 13, 10.5 ], "texture": "#texture", "cullface": "down" },
        "south": { "uv": [ 12.5, 10, 13, 12 ], "texture": "#texture", "cullface": "down" },
        "east":  { "uv": [ 12.5, 10, 13, 12 ], "texture": "#texture", "cullface": "down" }
    }
},
{
    "from": [ 3, -6, 12.5 ],
    "to": [ 3.5, -4, 13 ],
    "faces": {
        "down":  { "uv": [ 12.5, 11.5, 13, 12 ], "texture": "#texture", "cullface": "down" },
        "up":    { "uv": [ 12.5, 10, 13, 10.5 ], "texture": "#texture", "cullface": "down" },
        "south": { "uv": [ 12.5, 10, 13, 12 ], "texture": "#texture", "cullface": "down" },
        "west":  { "uv": [ 12.5, 10, 13, 12 ], "texture": "#texture", "cullface": "down" }
    }
},
{
    "from": [ 2, -4.5, 11 ],
    "to": [ 3, -3.5, 12 ],
    "faces": {
        "down":  { "uv": [ 3, 9.5, 3.5, 9 ], "texture": "#texture", "cullface": "down" },
        "up":    { "uv": [ 3, 9, 3.5, 9.5 ], "texture": "#texture", "cullface": "down" },
        "north": { "uv": [ 3, 9, 3.5, 9.5 ], "texture": "#texture", "cullface": "down" },
        "south": { "uv": [ 3, 9.5, 3.5, 9 ], "texture": "#texture", "cullface": "down" },
        "west":  { "uv": [ 3, 9, 3.5, 9.5 ], "texture": "#texture", "cullface": "down" }
    }
},
{
    "from": [ 2, -4, 12 ],
    "to": [ 3, -3.5, 12.5 ],
    "faces": {
        "down":  { "uv": [ 3, 9.5, 3.5, 9 ], "texture": "#texture", "cullface": "down" },
        "up":    { "uv": [ 3, 9, 3.5, 9.5 ], "texture": "#texture", "cullface": "down" },
        "south": { "uv": [ 3, 9.5, 3.5, 9 ], "texture": "#texture", "cullface": "down" },
        "west":  { "uv": [ 3, 9, 3.5, 9.5 ], "texture": "#texture", "cullface": "down" }
    }
},
{
    "from": [ 2.5, -5.5, 11 ],
    "to": [ 3, -4, 12 ],
    "faces": {
        "down":  { "uv": [ 3, 9.5, 3.5, 9 ], "texture": "#texture", "cullface": "down" },
        "up":    { "uv": [ 3, 9, 3.5, 9.5 ], "texture": "#texture", "cullface": "down" },
        "north": { "uv": [ 3, 9, 3.5, 9.5 ], "texture": "#texture", "cullface": "down" },
        "south": { "uv": [ 3, 9.5, 3.5, 9 ], "texture": "#texture", "cullface": "down" },
        "west":  { "uv": [ 3, 9, 3.5, 9.5 ], "texture": "#texture", "cullface": "down" }
    }
},
{
    "from": [ 2.5, -5, 11.5 ],
    "to": [ 3, -3.5, 12.5 ],
    "faces": {
        "down":  { "uv": [ 3, 9.5, 3.5, 9 ], "texture": "#texture", "cullface": "down" },
        "up":    { "uv": [ 3, 9, 3.5, 9.5 ], "texture": "#texture", "cullface": "down" },
        "north": { "uv": [ 3, 9, 3.5, 9.5 ], "texture": "#texture", "cullface": "down" },
        "south": { "uv": [ 3, 9.5, 3.5, 9 ], "texture": "#texture", "cullface": "down" },
        "west":  { "uv": [ 3, 9, 3.5, 9.5 ], "texture": "#texture", "cullface": "down" }
    }
},
{
    "from": [ 13, -5.5, 11 ],
    "to": [ 13.5, -4, 12 ],
    "faces": {
        "down":  { "uv": [ 3, 9.5, 3.5, 9 ], "texture": "#texture", "cullface": "down" },
        "up":    { "uv": [ 3, 9, 3.5, 9.5 ], "texture": "#texture", "cullface": "down" },
        "north": { "uv": [ 3, 9, 3.5, 9.5 ], "texture": "#texture", "cullface": "down" },
        "south": { "uv": [ 3, 9.5, 3.5, 9 ], "texture": "#texture", "cullface": "down" },
        "east":  { "uv": [ 3.5, 9, 3, 9.5 ], "texture": "#texture", "cullface": "down" }
    }
},
{
    "from": [ 13, -5, 11.5 ],
    "to": [ 13.5, -3.5, 12.5 ],
    "faces": {
        "down":  { "uv": [ 3, 9.5, 3.5, 9 ], "texture": "#texture", "cullface": "down" },
        "up":    { "uv": [ 3, 9, 3.5, 9.5 ], "texture": "#texture", "cullface": "down" },
        "north": { "uv": [ 3, 9, 3.5, 9.5 ], "texture": "#texture", "cullface": "down" },
        "south": { "uv": [ 3, 9.5, 3.5, 9 ], "texture": "#texture", "cullface": "down" },
        "west":  { "uv": [ 3, 9, 3.5, 9.5 ], "texture": "#texture", "cullface": "down" },
        "east":  { "uv": [ 3.5, 9, 3, 9.5 ], "texture": "#texture", "cullface": "down" }
    }
},
{
    "from": [ 13, -4.5, 11 ],
    "to": [ 14, -3.5, 12 ],
    "faces": {
        "down":  { "uv": [ 3, 9.5, 3.5, 9 ], "texture": "#texture", "cullface": "down" },
        "up":    { "uv": [ 3, 9, 3.5, 9.5 ], "texture": "#texture", "cullface": "down" },
        "north": { "uv": [ 3, 9, 3.5, 9.5 ], "texture": "#texture", "cullface": "down" },
        "south": { "uv": [ 3, 9.5, 3.5, 9 ], "texture": "#texture", "cullface": "down" },
        "west":  { "uv": [ 3, 9, 3.5, 9.5 ], "texture": "#texture", "cullface": "down" },
        "east":  { "uv": [ 3.5, 9, 3, 9.5 ], "texture": "#texture", "cullface": "down" }
    }
},
{
    "from": [ 13, -4, 12 ],
    "to": [ 14, -3.5, 12.5 ],
    "faces": {
        "down":  { "uv": [ 3, 9.5, 3.5, 9 ], "texture": "#texture", "cullface": "down" },
        "up":    { "uv": [ 3, 9, 3.5, 9.5 ], "texture": "#texture", "cullface": "down" },
        "south": { "uv": [ 3, 9.5, 3.5, 9 ], "texture": "#texture", "cullface": "down" },
        "east":  { "uv": [ 3.5, 9, 3, 9.5 ], "texture": "#texture", "cullface": "down" }
    }
},
{
    "from": [ 2.5, -3.5, 12.5 ],
    "to": [ 4, -3, 13.5 ],
    "faces": {
        "down":  { "uv": [ 3.5, 8, 4, 7.5 ], "texture": "#texture", "cullface": "down" },
        "up":    { "uv": [ 3.5, 7.5, 4, 8 ], "texture": "#texture", "cullface": "down" },
        "north": { "uv": [ 3.5, 7.5, 4, 8 ], "texture": "#texture", "cullface": "down" },
        "south": { "uv": [ 3.5, 8, 4, 7.5 ], "texture": "#texture", "cullface": "down" },
        "east":  { "uv": [ 4, 7.5, 3.5, 8 ], "texture": "#texture", "cullface": "down" }
    }
},
{
    "from": [ 12, -3.5, 12.5 ],
    "to": [ 13.5, -3, 13.5 ],
    "faces": {
        "down":  { "uv": [ 3.5, 8, 4, 7.5 ], "texture": "#texture", "cullface": "down" },
        "up":    { "uv": [ 3.5, 7.5, 4, 8 ], "texture": "#texture", "cullface": "down" },
        "north": { "uv": [ 3.5, 7.5, 4, 8 ], "texture": "#texture", "cullface": "down" },
        "south": { "uv": [ 3.5, 8, 4, 7.5 ], "texture": "#texture", "cullface": "down" },
        "west":  { "uv": [ 3.5, 7.5, 4, 8 ], "texture": "#texture", "cullface": "down" }
    }
},
{
    "from": [ 12.5, -4, 12 ],
    "to": [ 13, -3.5, 13 ],
    "faces": {
        "down":  { "uv": [ 11, 8.5, 11.5, 8 ], "texture": "#texture", "cullface": "down" },
        "up":    { "uv": [ 11, 8, 11.5, 8.5 ], "texture": "#texture", "cullface": "down" },
        "north": { "uv": [ 11, 8, 11.5, 8.5 ], "texture": "#texture", "cullface": "down" },
        "south": { "uv": [ 11, 8.5, 11.5, 8 ], "texture": "#texture", "cullface": "down" },
        "east":  { "uv": [ 11.5, 8, 11, 8.5 ], "texture": "#texture", "cullface": "down" }
    }
},
{
    "from": [ 3.5, -8, 13 ],
    "to": [ 4, -7, 13.5 ],
    "faces": {
        "down":  { "uv": [ 3.5, 12.5, 4, 13 ], "texture": "#texture", "cullface": "down" },
        "south": { "uv": [ 3.5, 12, 4, 13 ], "texture": "#texture", "cullface": "down" },
        "west":  { "uv": [ 3.5, 12, 4, 13 ], "texture": "#texture", "cullface": "down" }
    }
},
{
    "from": [ 12, -8, 13 ],
    "to": [ 12.5, -7, 13.5 ],
    "faces": {
        "down":  { "uv": [ 3.5, 12.5, 4, 13 ], "texture": "#texture", "cullface": "down" },
        "south": { "uv": [ 3.5, 12, 4, 13 ], "texture": "#texture", "cullface": "down" },
        "east":  { "uv": [ 3.5, 12, 4, 13 ], "texture": "#texture", "cullface": "down" }
    }
},
{
    "from": [ 3.5, -8.5, 10.5 ],
    "to": [ 12.5, -1, 11 ],
    "faces": {
        "down":  { "uv": [ 14.5, 14.5, 15, 15 ], "texture": "#texture", "cullface": "down" },
        "up":    { "uv": [ 14.5, 7.5, 15, 8 ], "texture": "#texture", "cullface": "down" },
        "south": { "uv": [ 14.5, 7.5, 15, 15 ], "texture": "#texture", "cullface": "down" },
        "west":  { "uv": [ 14.5, 7.5, 15, 15 ], "texture": "#texture", "cullface": "down" },
        "east":  { "uv": [ 14.5, 7.5, 15, 15 ], "texture": "#texture", "cullface": "down" }
    }
},
{
    "from": [ 3, -6.5, 10.5 ],
    "to": [ 13, -1.5, 11 ],
    "faces": {
        "down":  { "uv": [ 14.5, 12, 15, 12.5 ], "rotation": 180, "texture": "#texture", "cullface": "down" },
        "up":    { "uv": [ 14.5, 8.5, 15, 9 ], "rotation": 180, "texture": "#texture", "cullface": "down" },
        "north": { "uv": [ 14.5, 8, 15, 13 ], "texture": "#texture", "cullface": "down" },
        "south": { "uv": [ 14.5, 8, 15, 13 ], "texture": "#texture", "cullface": "down" },
        "west":  { "uv": [ 14.5, 8, 15, 13 ], "texture": "#texture", "cullface": "down" },
        "east":  { "uv": [ 14.5, 8, 15, 13 ], "texture": "#texture", "cullface": "down" }
    }
},
{
    "from": [ 3.5, -9.5, 11 ],
    "to": [ 12.5, -8.5, 12 ],
    "faces": {
        "down":  { "uv": [ 14.5, 11, 15, 10.5 ], "texture": "#texture", "cullface": "down" },
        "up":    { "uv": [ 14.5, 10.5, 15, 11 ], "texture": "#texture", "cullface": "down" },
        "north": { "uv": [ 14.5, 11, 15, 10.5 ], "texture": "#texture", "cullface": "down" },
        "south": { "uv": [ 14.5, 10.5, 15, 11 ], "texture": "#texture", "cullface": "down" },
        "west":  { "uv": [ 15, 10.5, 14.5, 11 ], "texture": "#texture", "cullface": "down" }
    }
},
{
    "from": [ 4, -10, 11.5 ],
    "to": [ 12, -9.5, 12.5 ],
    "faces": {
        "down":  { "uv": [ 14.5, 11, 15, 10.5 ], "texture": "#texture", "cullface": "down" },
        "up":    { "uv": [ 14.5, 10.5, 15, 11 ], "texture": "#texture", "cullface": "down" },
        "north": { "uv": [ 14.5, 11, 15, 10.5 ], "texture": "#texture", "cullface": "down" },
        "west":  { "uv": [ 15, 10.5, 14.5, 11 ], "texture": "#texture", "cullface": "down" }
    }
},
{
    "from": [ 5, -10.5, 12 ],
    "to": [ 11, -10, 13 ],
    "faces": {
        "down":  { "uv": [ 14.5, 11, 15, 10.5 ], "texture": "#texture", "cullface": "down" },
        "up":    { "uv": [ 14.5, 10.5, 15, 11 ], "texture": "#texture", "cullface": "down" },
        "north": { "uv": [ 14.5, 11, 15, 10.5 ], "texture": "#texture", "cullface": "down" },
        "west":  { "uv": [ 15, 10.5, 14.5, 11 ], "texture": "#texture", "cullface": "down" },
        "east":  { "uv": [ 14.5, 10.5, 15, 11 ], "texture": "#texture", "cullface": "down" }
    }
},
{
    "from": [ 10, -11.5, 0 ],
    "to": [ 12, -7.5, 2 ],
    "rotation": { "origin": [ 10, -7.5, 0 ], "axis": "x", "angle": 22.5 },
    "faces": {
        "down":  { "uv": [ 14, 15.5, 16, 16 ], "texture": "#pugbody", "cullface": "down" },
        "up":    { "uv": [ 14, 12, 16, 14 ], "texture": "#pugbody", "cullface": "down" },
        "north": { "uv": [ 14, 12, 16, 16 ], "texture": "#pugbody", "cullface": "down" },
        "south": { "uv": [ 14, 12, 16, 16 ], "texture": "#pugbody", "cullface": "down" },
        "west":  { "uv": [ 14, 12, 16, 16 ], "texture": "#pugbody", "cullface": "down" },
        "east":  { "uv": [ 14, 12, 16, 16 ], "texture": "#pugbody", "cullface": "down" }
    }
},
{
    "from": [ 11, -12.5, 7.5 ],
    "to": [ 13, -8.5, 9.5 ],
    "rotation": { "origin": [ 11, -8.5, 7.5 ], "axis": "x", "angle": -22.5 },
    "faces": {
        "down":  { "uv": [ 14, 15.5, 16, 16 ], "texture": "#pugbody", "cullface": "down" },
        "up":    { "uv": [ 14, 12, 16, 14 ], "texture": "#pugbody", "cullface": "down" },
        "north": { "uv": [ 14, 12, 16, 16 ], "texture": "#pugbody", "cullface": "down" },
        "south": { "uv": [ 14, 12, 16, 16 ], "texture": "#pugbody", "cullface": "down" },
        "west":  { "uv": [ 14, 12, 16, 16 ], "texture": "#pugbody", "cullface": "down" },
        "east":  { "uv": [ 14, 12, 16, 16 ], "texture": "#pugbody", "cullface": "down" }
    }
},
{
    "from": [ 4.5, -10, -0.5 ],
    "to": [ 11.5, -2, 1.5 ],
    "faces": {
        "down":  { "uv": [ 1, 14, 8, 16 ], "texture": "#pugbody", "cullface": "north" },
        "up":    { "uv": [ 1, 7, 8, 9 ], "texture": "#pugbody", "cullface": "north" },
        "north": { "uv": [ 1.5, 8, 8.5, 16 ], "texture": "#pugbody", "cullface": "north" },
        "west":  { "uv": [ 9, 2, 11, 10 ], "texture": "#pugbody", "cullface": "north" },
        "east":  { "uv": [ 11, 2, 9, 10 ], "texture": "#pugbody", "cullface": "north" }
    }
},
{
    "from": [ 3, -12.5, 7.5 ],
    "to": [ 5, -8.5, 9.5 ],
    "faces": {
        "down":  { "uv": [ 12, 15.5, 14, 16 ], "texture": "#pugbody", "cullface": "down" },
        "up":    { "uv": [ 12, 12, 14, 14 ], "texture": "#pugbody", "cullface": "down" },
        "north": { "uv": [ 12, 12, 14, 16 ], "texture": "#pugbody", "cullface": "down" },
        "south": { "uv": [ 12, 12, 14, 16 ], "texture": "#pugbody", "cullface": "down" },
        "west":  { "uv": [ 12, 12, 14, 16 ], "texture": "#pugbody", "cullface": "down" },
        "east":  { "uv": [ 12, 12, 14, 16 ], "texture": "#pugbody", "cullface": "down" }
    }
},
{
    "from": [ 11, -12.5, 7.5 ],
    "to": [ 13, -8.5, 9.5 ],
    "faces": {
        "down":  { "uv": [ 12, 15.5, 14, 16 ], "texture": "#pugbody", "cullface": "down" },
        "up":    { "uv": [ 12, 12, 14, 14 ], "texture": "#pugbody", "cullface": "down" },
        "north": { "uv": [ 12, 12, 14, 16 ], "texture": "#pugbody", "cullface": "down" },
        "south": { "uv": [ 12, 12, 14, 16 ], "texture": "#pugbody", "cullface": "down" },
        "west":  { "uv": [ 12, 12, 14, 16 ], "texture": "#pugbody", "cullface": "down" },
        "east":  { "uv": [ 12, 12, 14, 16 ], "texture": "#pugbody", "cullface": "down" }
    }
},
{
    "from": [ 4, -12, 0 ],
    "to": [ 6, -8, 2 ],
    "faces": {
        "down":  { "uv": [ 12, 15.5, 14, 16 ], "texture": "#pugbody", "cullface": "down" },
        "up":    { "uv": [ 12, 12, 14, 14 ], "texture": "#pugbody", "cullface": "down" },
        "north": { "uv": [ 12, 12, 14, 16 ], "texture": "#pugbody", "cullface": "down" },
        "south": { "uv": [ 12, 12, 14, 16 ], "texture": "#pugbody", "cullface": "down" },
        "west":  { "uv": [ 12, 12, 14, 16 ], "texture": "#pugbody", "cullface": "down" },
        "east":  { "uv": [ 12, 12, 14, 16 ], "texture": "#pugbody", "cullface": "down" }
    }
},
{
    "from": [ 10, -12, 0 ],
    "to": [ 12, -8, 2 ],
    "faces": {
        "down":  { "uv": [ 12, 15.5, 14, 16 ], "texture": "#pugbody", "cullface": "down" },
        "up":    { "uv": [ 12, 12, 14, 14 ], "texture": "#pugbody", "cullface": "down" },
        "north": { "uv": [ 12, 12, 14, 16 ], "texture": "#pugbody", "cullface": "down" },
        "south": { "uv": [ 12, 12, 14, 16 ], "texture": "#pugbody", "cullface": "down" },
        "west":  { "uv": [ 12, 12, 14, 16 ], "texture": "#pugbody", "cullface": "down" },
        "east":  { "uv": [ 12, 12, 14, 16 ], "texture": "#pugbody", "cullface": "down" }
    }
},
{
    "from": [ 7.5, -9.0625, 15 ],
    "to": [ 9, -9, 16 ],
    "faces": {
        "down":  { "uv": [ 14, 1, 12.5, 0 ], "texture": "#pugbody", "cullface": "down" },
        "up":    { "uv": [ 12.5, 0, 14, 1 ], "texture": "#pugbody", "cullface": "down" }
    }
},
{
    "from": [ 7.5, -9.0625, 15 ],
    "to": [ 9, -9, 16 ],
    "rotation": { "origin": [ 7.5, -9, 15 ], "axis": "x", "angle": 22.5 },
    "faces": {
        "down":  { "uv": [ 12.5, 1, 11, 0 ], "texture": "#pugbody", "cullface": "down" },
        "up":    { "uv": [ 11, 0, 12.5, 1 ], "texture": "#pugbody", "cullface": "down" }
    }
}
],
"display": {
    "head": {
        "rotation": [ 0, 180, 0 ],
        "translation": [ 0.2, -11.5, 0 ],
        "scale": [ 1, 1, 1 ]
    }
}
}