{"__comment":"Designed by Hypixel minecraft server with BDcraft Cubik PRO 0.90 Beta - http://bdcraft.net","textures":{"particle":"blocks/botman","texture":"blocks/botman"},"elements":[{"from":[4,0.5,12.5],"to":[12,7.5,13],"faces":{"down":{"uv":[4,15,12,15.5],"texture":"#texture"},"up":{"uv":[4,8.5,12,9],"texture":"#texture"},"north":{"uv":[12,8.5,4,15.5],"texture":"#texture"},"south":{"uv":[4,8.5,12,15.5],"texture":"#texture"},"west":{"uv":[4,8.5,4.5,15.5],"texture":"#texture"},"east":{"uv":[11.5,8.5,12,15.5],"texture":"#texture"}}},{"from":[4,0.5,13],"to":[12,7,13.5],"faces":{"down":{"uv":[4,15,12,15.5],"texture":"#texture"},"up":{"uv":[4,9,12,9.5],"texture":"#texture"},"north":{"uv":[12,9,4,15.5],"texture":"#texture"},"south":{"uv":[4,9,12,15.5],"texture":"#texture"},"west":{"uv":[4,9,4.5,15.5],"texture":"#texture"},"east":{"uv":[11.5,9,12,15.5],"texture":"#texture"}}},{"from":[4.5,0.5,13],"to":[11.5,7.5,13.5],"faces":{"down":{"uv":[4.5,15,11.5,15.5],"texture":"#texture"},"up":{"uv":[4.5,8.5,11.5,9],"texture":"#texture"},"north":{"uv":[11.5,8.5,4.5,15.5],"texture":"#texture"},"south":{"uv":[4.5,8.5,11.5,15.5],"texture":"#texture"},"west":{"uv":[4.5,8.5,5,15.5],"texture":"#texture"},"east":{"uv":[11,8.5,11.5,15.5],"texture":"#texture"}}},{"from":[4.5,4,13.5],"to":[11.5,7,14],"faces":{"down":{"uv":[4.5,11.5,11.5,12],"texture":"#texture"},"up":{"uv":[4.5,9,11.5,9.5],"texture":"#texture"},"north":{"uv":[4.5,9,11.5,12],"texture":"#texture"},"south":{"uv":[4.5,9,11.5,12],"texture":"#texture"},"west":{"uv":[4.5,9,5,12],"texture":"#texture"},"east":{"uv":[11,9,11.5,12],"texture":"#texture"}}},{"from":[4,3.5,13.5],"to":[6,4,14],"faces":{"down":{"uv":[4,12.5,6,12],"texture":"#texture"},"up":{"uv":[4,12,6,12.5],"texture":"#texture"},"north":{"uv":[4,12,6,12.5],"texture":"#texture"},"south":{"uv":[4,12.5,6,12],"texture":"#texture"},"west":{"uv":[4,12,4.5,12.5],"texture":"#texture"},"east":{"uv":[6,12,5.5,12.5],"texture":"#texture"}}},{"from":[10,3.5,13.5],"to":[12,4,14],"faces":{"down":{"uv":[10,12.5,12,12],"texture":"#texture"},"up":{"uv":[10,12,12,12.5],"texture":"#texture"},"north":{"uv":[10,12,12,12.5],"texture":"#texture"},"south":{"uv":[10,12.5,12,12],"texture":"#texture"},"west":{"uv":[10,12,10.5,12.5],"texture":"#texture"},"east":{"uv":[12,12,11.5,12.5],"texture":"#texture"}}},{"from":[4,1.5,13.5],"to":[5.5,3.5,14],"faces":{"down":{"uv":[4,14,5.5,14.5],"texture":"#texture"},"up":{"uv":[4,12.5,5.5,13],"texture":"#texture"},"north":{"uv":[4,12.5,5.5,14.5],"texture":"#texture"},"south":{"uv":[4,12.5,5.5,14.5],"texture":"#texture"},"west":{"uv":[4,12.5,4.5,14.5],"texture":"#texture"},"east":{"uv":[5,12.5,5.5,14.5],"texture":"#texture"}}},{"from":[10.5,1.5,13.5],"to":[12,3.5,14],"faces":{"down":{"uv":[10.5,14,12,14.5],"texture":"#texture"},"up":{"uv":[10.5,12,12,12.5],"texture":"#texture"},"north":{"uv":[12,12.5,10.5,14.5],"texture":"#texture"},"south":{"uv":[10.5,12.5,12,14.5],"texture":"#texture"},"west":{"uv":[10.5,12.5,11,14.5],"texture":"#texture"},"east":{"uv":[11.5,12.5,12,14.5],"texture":"#texture"}}},{"from":[4.5,1,13.5],"to":[6,1.5,14],"faces":{"down":{"uv":[4.5,15,5.5,14.5],"texture":"#texture"},"up":{"uv":[4.5,14.5,5.5,15],"texture":"#texture"},"north":{"uv":[4.5,14.5,5.5,15],"texture":"#texture"},"south":{"uv":[4.5,15,5.5,14.5],"texture":"#texture"},"west":{"uv":[4.5,14.5,5,15],"texture":"#texture"},"east":{"uv":[5.5,14.5,5,15],"texture":"#texture"}}},{"from":[10,1,13.5],"to":[11.5,1.5,14],"faces":{"down":{"uv":[4.5,15,5.5,14.5],"texture":"#texture"},"up":{"uv":[4.5,14.5,5.5,15],"texture":"#texture"},"north":{"uv":[4.5,14.5,5.5,15],"texture":"#texture"},"south":{"uv":[4.5,15,5.5,14.5],"texture":"#texture"},"west":{"uv":[4.5,14.5,5,15],"texture":"#texture"},"east":{"uv":[5.5,14.5,5,15],"texture":"#texture"}}},{"from":[5.5,7,13.5],"to":[10.5,7.5,14],"faces":{"down":{"uv":[5.5,9,10.5,8.5],"texture":"#texture"},"up":{"uv":[5.5,8.5,10.5,9],"texture":"#texture"},"north":{"uv":[5.5,8.5,10.5,9],"texture":"#texture"},"south":{"uv":[5.5,9,10.5,8.5],"texture":"#texture"},"west":{"uv":[5.5,8.5,6,9],"texture":"#texture"},"east":{"uv":[10.5,8.5,10,9],"texture":"#texture"}}},{"from":[5.5,4,14],"to":[10.5,7,14.5],"faces":{"down":{"uv":[5.5,11.5,10.5,12],"texture":"#texture"},"up":{"uv":[5.5,9,10.5,9.5],"texture":"#texture"},"north":{"uv":[5.5,9,10.5,12],"texture":"#texture"},"south":{"uv":[5.5,9,10.5,12],"texture":"#texture"},"west":{"uv":[5.5,9,6,12],"texture":"#texture"},"east":{"uv":[10,9,10.5,12],"texture":"#texture"}}},{"from":[5,4.5,14],"to":[11,5.5,14.5],"faces":{"down":{"uv":[5,11,11,11.5],"texture":"#texture"},"up":{"uv":[5,10.5,11,11],"texture":"#texture"},"north":{"uv":[5,10.5,11,11.5],"texture":"#texture"},"south":{"uv":[5,10.5,11,11.5],"texture":"#texture"},"west":{"uv":[5,10.5,5.5,11.5],"texture":"#texture"},"east":{"uv":[10.5,10.5,11,11.5],"texture":"#texture"}}},{"from":[5.5,6,14.5],"to":[7,6.5,15],"faces":{"down":{"uv":[5.5,10,7,9.5],"texture":"#texture"},"up":{"uv":[5.5,9.5,7,10],"texture":"#texture"},"north":{"uv":[5.5,9.5,7,10],"texture":"#texture"},"south":{"uv":[5.5,10,7,9.5],"texture":"#texture"},"west":{"uv":[5.5,9.5,6,10],"texture":"#texture"},"east":{"uv":[7,9.5,6.5,10],"texture":"#texture"}}},{"from":[6,5.5,14.5],"to":[7.5,6,15],"faces":{"down":{"uv":[5.5,10,7,9.5],"texture":"#texture"},"up":{"uv":[5.5,9.5,7,10],"texture":"#texture"},"north":{"uv":[5.5,9.5,7,10],"texture":"#texture"},"south":{"uv":[5.5,10,7,9.5],"texture":"#texture"},"west":{"uv":[5.5,9.5,6,10],"texture":"#texture"},"east":{"uv":[7,9.5,6.5,10],"texture":"#texture"}}},{"from":[6.5,5,14.5],"to":[9.5,5.5,15],"faces":{"down":{"uv":[6.5,11,9.5,10.5],"texture":"#texture"},"up":{"uv":[6.5,10.5,9.5,11],"texture":"#texture"},"north":{"uv":[6.5,10.5,9.5,11],"texture":"#texture"},"south":{"uv":[6.5,11,9.5,10.5],"texture":"#texture"},"west":{"uv":[6.5,10.5,7,11],"texture":"#texture"},"east":{"uv":[9.5,10.5,9,11],"texture":"#texture"}}},{"from":[9,6,14.5],"to":[10.5,6.5,15],"faces":{"down":{"uv":[9,15,10.5,15.5],"texture":"#texture"},"up":{"uv":[9,9.5,10.5,10],"texture":"#texture"},"north":{"uv":[9,9.5,10.5,10],"texture":"#texture"},"south":{"uv":[9,9.5,10.5,10],"texture":"#texture"},"west":{"uv":[15,9.5,15.5,10],"texture":"#texture"},"east":{"uv":[15,9.5,15.5,10],"texture":"#texture"}}},{"from":[8.5,5.5,14.5],"to":[10,6,15],"faces":{"down":{"uv":[9,15,10.5,15.5],"texture":"#texture"},"up":{"uv":[9,9.5,10.5,10],"texture":"#texture"},"north":{"uv":[9,9.5,10.5,10],"texture":"#texture"},"south":{"uv":[9,9.5,10.5,10],"texture":"#texture"},"west":{"uv":[15,9.5,15.5,10],"texture":"#texture"},"east":{"uv":[15,9.5,15.5,10],"texture":"#texture"}}},{"from":[5,6,14],"to":[11,6.5,14.5],"faces":{"down":{"uv":[5,10,11,9.5],"texture":"#texture"},"up":{"uv":[5,9.5,11,10],"texture":"#texture"},"north":{"uv":[5,9.5,11,10],"texture":"#texture"},"south":{"uv":[5,10,11,9.5],"texture":"#texture"},"west":{"uv":[5,9.5,5.5,10],"texture":"#texture"},"east":{"uv":[11,9.5,10.5,10],"texture":"#texture"}}},{"from":[6,3,13.5],"to":[10,4,14.5],"faces":{"down":{"uv":[6,12.5,10,13],"texture":"#texture"},"up":{"uv":[6,12,10,12.5],"texture":"#texture"},"north":{"uv":[6,12,10,13],"texture":"#texture"},"south":{"uv":[6,12,10,13],"texture":"#texture"},"west":{"uv":[6,12,6.5,13],"texture":"#texture"},"east":{"uv":[6,12,6.5,13],"texture":"#texture"}}},{"from":[5.5,3,13.5],"to":[10.5,3.5,14.5],"faces":{"down":{"uv":[5.5,13,10.5,12.5],"texture":"#texture"},"up":{"uv":[5.5,12.5,10.5,13],"texture":"#texture"},"north":{"uv":[5.5,12.5,10.5,13],"texture":"#texture"},"south":{"uv":[5.5,13,10.5,12.5],"texture":"#texture"},"west":{"uv":[5.5,12.5,6,13],"texture":"#texture"},"east":{"uv":[10.5,12.5,10,13],"texture":"#texture"}}},{"from":[5.5,2,13],"to":[10.5,3,14],"faces":{"down":{"uv":[5.5,13.5,10.5,14],"texture":"#texture"},"up":{"uv":[5.5,13,10.5,13.5],"texture":"#texture"},"north":{"uv":[5.5,13,10.5,14],"texture":"#texture"},"south":{"uv":[5.5,13,10.5,14],"texture":"#texture"},"west":{"uv":[5.5,13,6,14],"texture":"#texture"},"east":{"uv":[5.5,13,6,14],"texture":"#texture"}}},{"from":[6,2.5,13.5],"to":[6.5,3,14.5],"faces":{"down":{"uv":[6,14,6.5,13],"texture":"#texture"},"up":{"uv":[6,13,6.5,14],"texture":"#texture"},"north":{"uv":[6,13,6.5,13.5],"texture":"#texture"},"south":{"uv":[6,14,6.5,13.5],"texture":"#texture"},"west":{"uv":[6,13,6.5,13.5],"texture":"#texture"},"east":{"uv":[6.5,13,6,13.5],"texture":"#texture"}}},{"from":[9.5,2.5,13.5],"to":[10,3,14.5],"faces":{"down":{"uv":[6,14,6.5,13],"texture":"#texture"},"up":{"uv":[6,13,6.5,14],"texture":"#texture"},"north":{"uv":[6,13,6.5,13.5],"texture":"#texture"},"south":{"uv":[6,14,6.5,13.5],"texture":"#texture"},"west":{"uv":[6,13,6.5,13.5],"texture":"#texture"},"east":{"uv":[6.5,13,6,13.5],"texture":"#texture"}}},{"from":[7.5,4,14],"to":[8.5,5,15],"faces":{"down":{"uv":[7.5,11.5,8.5,12],"texture":"#texture"},"up":{"uv":[7.5,11,8.5,11.5],"texture":"#texture"},"north":{"uv":[8.5,11,7.5,12],"texture":"#texture"},"south":{"uv":[7.5,11,8.5,12],"texture":"#texture"},"west":{"uv":[7.5,11,8,12],"texture":"#texture"},"east":{"uv":[8,11,8.5,12],"texture":"#texture"}}},{"from":[3.5,0.5,12],"to":[8,7.5,12.5],"faces":{"down":{"uv":[15,15,15.5,15.5],"texture":"#texture"},"up":{"uv":[14.5,8.5,15.5,9],"texture":"#texture"},"north":{"uv":[15,15.5,15.5,8.5],"texture":"#texture"},"south":{"uv":[15,15.5,15.5,8.5],"texture":"#texture"},"west":{"uv":[15,15.5,15.5,8.5],"texture":"#texture"},"east":{"uv":[15,15.5,15.5,8.5],"texture":"#texture"}}},{"from":[8,0.5,12],"to":[12.5,7.5,12.5],"faces":{"down":{"uv":[15,15,15.5,15.5],"texture":"#texture"},"up":{"uv":[14.5,8,15.5,8.5],"texture":"#texture"},"north":{"uv":[15,8,15.5,15],"texture":"#texture"},"south":{"uv":[15,8,15.5,15],"texture":"#texture"},"west":{"uv":[15,8,15.5,15],"texture":"#texture"},"east":{"uv":[15,8,15.5,15],"texture":"#texture"}}},{"from":[3.5,1.5,12.5],"to":[8,6,13],"faces":{"down":{"uv":[4,11,4.5,10.5],"texture":"#texture"},"up":{"uv":[4,10.5,4.5,11],"texture":"#texture"},"north":{"uv":[4,10.5,4.5,11],"texture":"#texture"},"south":{"uv":[4,11,4.5,10.5],"texture":"#texture"},"west":{"uv":[4,10.5,4.5,11],"texture":"#texture"},"east":{"uv":[4.5,10.5,4,11],"texture":"#texture"}}},{"from":[3.5,2,13],"to":[8,3.5,13.5],"faces":{"down":{"uv":[4,11,4.5,10.5],"texture":"#texture"},"up":{"uv":[4,10.5,4.5,11],"texture":"#texture"},"north":{"uv":[4,10.5,4.5,11],"texture":"#texture"},"south":{"uv":[4,11,4.5,10.5],"texture":"#texture"},"west":{"uv":[4,10.5,4.5,11],"texture":"#texture"},"east":{"uv":[4.5,10.5,4,11],"texture":"#texture"}}},{"from":[8,1.5,12.5],"to":[12.5,6,13],"faces":{"down":{"uv":[4,11,4.5,10.5],"texture":"#texture"},"up":{"uv":[4,10.5,4.5,11],"texture":"#texture"},"north":{"uv":[4,10.5,4.5,11],"texture":"#texture"},"south":{"uv":[4,11,4.5,10.5],"texture":"#texture"},"west":{"uv":[4,10.5,4.5,11],"texture":"#texture"},"east":{"uv":[4.5,10.5,4,11],"texture":"#texture"}}},{"from":[8,2,13],"to":[12.5,3.5,13.5],"faces":{"down":{"uv":[4,11,4.5,10.5],"texture":"#texture"},"up":{"uv":[4,10.5,4.5,11],"texture":"#texture"},"north":{"uv":[4,10.5,4.5,11],"texture":"#texture"},"south":{"uv":[4,11,4.5,10.5],"texture":"#texture"},"west":{"uv":[4,10.5,4.5,11],"texture":"#texture"},"east":{"uv":[4.5,10.5,4,11],"texture":"#texture"}}},{"from":[3.5,0.5,11],"to":[12.5,7.5,12],"faces":{"down":{"uv":[15,11,14.5,10.5],"texture":"#texture"},"up":{"uv":[14,8.5,15,9],"rotation":90,"texture":"#texture"},"north":{"uv":[14,8.5,14.5,15.5],"texture":"#texture"},"south":{"uv":[14.5,8.5,15,15.5],"texture":"#texture"},"west":{"uv":[14,8.5,15,15.5],"texture":"#texture"},"east":{"uv":[15,8.5,14,15.5],"texture":"#texture"}}},{"from":[4,0,11],"to":[12,0.5,12.5],"faces":{"down":{"uv":[4,11,4.5,10.5],"texture":"#texture"},"up":{"uv":[4,10.5,4.5,11],"texture":"#texture"},"north":{"uv":[4,10.5,4.5,11],"texture":"#texture"},"south":{"uv":[4,11,4.5,10.5],"texture":"#texture"},"west":{"uv":[4,10.5,4.5,11],"texture":"#texture"},"east":{"uv":[4.5,10.5,4,11],"texture":"#texture"}}},{"from":[4.5,0,12.5],"to":[11.5,0.5,13],"faces":{"down":{"uv":[4,11,4.5,10.5],"texture":"#texture"},"up":{"uv":[4,10.5,4.5,11],"texture":"#texture"},"north":{"uv":[4,10.5,4.5,11],"texture":"#texture"},"south":{"uv":[4,11,4.5,10.5],"texture":"#texture"},"west":{"uv":[4,10.5,4.5,11],"texture":"#texture"},"east":{"uv":[4.5,10.5,4,11],"texture":"#texture"}}},{"from":[6,0,13],"to":[10,0.5,13.5],"faces":{"down":{"uv":[4,11,4.5,10.5],"texture":"#texture"},"up":{"uv":[4,10.5,4.5,11],"texture":"#texture"},"north":{"uv":[4,10.5,4.5,11],"texture":"#texture"},"south":{"uv":[4,11,4.5,10.5],"texture":"#texture"},"west":{"uv":[4,10.5,4.5,11],"texture":"#texture"},"east":{"uv":[4.5,10.5,4,11],"texture":"#texture"}}},{"from":[4,7.5,11],"to":[12,8,13],"faces":{"down":{"uv":[4,8,12,8.5],"texture":"#texture"},"up":{"uv":[4,8,12,8.5],"texture":"#texture"},"north":{"uv":[4,8,12,8.5],"texture":"#texture"},"south":{"uv":[4,8,12,8.5],"texture":"#texture"},"west":{"uv":[4.5,8,6.5,8.5],"texture":"#texture"},"east":{"uv":[4.5,8,6.5,8.5],"texture":"#texture"}}},{"from":[4.5,7.5,13],"to":[6.5,8,13.5],"faces":{"down":{"uv":[4.5,8.5,6.5,8],"texture":"#texture"},"up":{"uv":[4.5,8,6.5,8.5],"texture":"#texture"},"north":{"uv":[4.5,8,6.5,8.5],"texture":"#texture"},"south":{"uv":[4.5,8.5,6.5,8],"texture":"#texture"},"west":{"uv":[4.5,8,5,8.5],"texture":"#texture"},"east":{"uv":[6.5,8,6,8.5],"texture":"#texture"}}},{"from":[9.5,7.5,13],"to":[11.5,8,13.5],"faces":{"down":{"uv":[4.5,8.5,6.5,8],"texture":"#texture"},"up":{"uv":[4.5,8,6.5,8.5],"texture":"#texture"},"north":{"uv":[4.5,8,6.5,8.5],"texture":"#texture"},"south":{"uv":[4.5,8.5,6.5,8],"texture":"#texture"},"west":{"uv":[4.5,8,5,8.5],"texture":"#texture"},"east":{"uv":[6.5,8,6,8.5],"texture":"#texture"}}},{"from":[4,8,11],"to":[6.5,9,12.5],"faces":{"down":{"uv":[4,7.5,6.5,8],"texture":"#texture"},"up":{"uv":[4,7,6.5,7.5],"texture":"#texture"},"north":{"uv":[6.5,7,4,8],"texture":"#texture"},"south":{"uv":[4,7,6.5,8],"texture":"#texture"},"west":{"uv":[4,7,4.5,8],"texture":"#texture"},"east":{"uv":[6,7,6.5,8],"texture":"#texture"}}},{"from":[4.5,8,12.5],"to":[6,8.5,13],"faces":{"down":{"uv":[4.5,8,6,7.5],"texture":"#texture"},"up":{"uv":[4.5,7.5,6,8],"texture":"#texture"},"north":{"uv":[4.5,7.5,6,8],"texture":"#texture"},"south":{"uv":[4.5,8,6,7.5],"texture":"#texture"},"west":{"uv":[4.5,7.5,5,8],"texture":"#texture"},"east":{"uv":[6,7.5,5.5,8],"texture":"#texture"}}},{"from":[9.5,8,11],"to":[12,9,12.5],"faces":{"down":{"uv":[9.5,7.5,12,8],"texture":"#texture"},"up":{"uv":[9.5,7,12,7.5],"texture":"#texture"},"north":{"uv":[12,7,9.5,8],"texture":"#texture"},"south":{"uv":[9.5,7,12,8],"texture":"#texture"},"west":{"uv":[9.5,7,10,8],"texture":"#texture"},"east":{"uv":[11.5,7,12,8],"texture":"#texture"}}},{"from":[10,8,12.5],"to":[11.5,8.5,13],"faces":{"down":{"uv":[10,8,11.5,7.5],"texture":"#texture"},"up":{"uv":[10,7.5,11.5,8],"texture":"#texture"},"north":{"uv":[10,7.5,11.5,8],"texture":"#texture"},"south":{"uv":[10,8,11.5,7.5],"texture":"#texture"},"west":{"uv":[10,7.5,10.5,8],"texture":"#texture"},"east":{"uv":[11.5,7.5,11,8],"texture":"#texture"}}},{"from":[4,9,11],"to":[6,9.5,12],"faces":{"down":{"uv":[4,7,6,6.5],"texture":"#texture"},"up":{"uv":[4,6.5,6,7],"texture":"#texture"},"north":{"uv":[6,6.5,4,7],"texture":"#texture"},"south":{"uv":[4,7,6,6.5],"texture":"#texture"},"west":{"uv":[4,6.5,4.5,7],"texture":"#texture"},"east":{"uv":[6,6.5,5.5,7],"texture":"#texture"}}},{"from":[10,9,11],"to":[12,9.5,12],"faces":{"down":{"uv":[10,7,12,6.5],"texture":"#texture"},"up":{"uv":[10,6.5,12,7],"texture":"#texture"},"north":{"uv":[12,6.5,10,7],"texture":"#texture"},"south":{"uv":[10,7,12,6.5],"texture":"#texture"},"west":{"uv":[10,6.5,10.5,7],"texture":"#texture"},"east":{"uv":[12,6.5,11.5,7],"texture":"#texture"}}},{"from":[4.5,9,12],"to":[6,9.5,12.5],"faces":{"down":{"uv":[4.5,8,6,7.5],"texture":"#texture"},"up":{"uv":[4.5,7.5,6,8],"texture":"#texture"},"north":{"uv":[4.5,7.5,6,8],"texture":"#texture"},"south":{"uv":[4.5,8,6,7.5],"texture":"#texture"},"west":{"uv":[4.5,7.5,5,8],"texture":"#texture"},"east":{"uv":[6,7.5,5.5,8],"texture":"#texture"}}},{"from":[10,9,12],"to":[11.5,9.5,12.5],"faces":{"down":{"uv":[10,8,11.5,7.5],"texture":"#texture"},"up":{"uv":[10,7.5,11.5,8],"texture":"#texture"},"north":{"uv":[10,7.5,11.5,8],"texture":"#texture"},"south":{"uv":[10,8,11.5,7.5],"texture":"#texture"},"west":{"uv":[10,7.5,10.5,8],"texture":"#texture"},"east":{"uv":[11.5,7.5,11,8],"texture":"#texture"}}},{"from":[4.5,9.5,11],"to":[6,11,12],"faces":{"down":{"uv":[4.5,6,6,6.5],"texture":"#texture"},"up":{"uv":[4.5,5,6,5.5],"texture":"#texture"},"north":{"uv":[6,5,4.5,6.5],"texture":"#texture"},"south":{"uv":[4.5,5,6,6.5],"texture":"#texture"},"west":{"uv":[4.5,5,5,6.5],"texture":"#texture"},"east":{"uv":[5.5,5,6,6.5],"texture":"#texture"}}},{"from":[10,9.5,11],"to":[11.5,11,12],"faces":{"down":{"uv":[10,6,11.5,6.5],"texture":"#texture"},"up":{"uv":[10,5,11.5,5.5],"texture":"#texture"},"north":{"uv":[11.5,5,10,6.5],"texture":"#texture"},"south":{"uv":[10,5,11.5,6.5],"texture":"#texture"},"west":{"uv":[10,5,10.5,6.5],"texture":"#texture"},"east":{"uv":[11,5,11.5,6.5],"texture":"#texture"}}},{"from":[5,9.5,12],"to":[5.5,10.5,12.5],"faces":{"down":{"uv":[5,6,5.5,6.5],"texture":"#texture"},"up":{"uv":[5,5.5,5.5,6],"texture":"#texture"},"north":{"uv":[5,5.5,5.5,6.5],"texture":"#texture"},"south":{"uv":[5,5.5,5.5,6.5],"texture":"#texture"},"west":{"uv":[5,5.5,5.5,6.5],"texture":"#texture"},"east":{"uv":[5,5.5,5.5,6.5],"texture":"#texture"}}},{"from":[10.5,9.5,12],"to":[11,10.5,12.5],"faces":{"down":{"uv":[5,6,5.5,6.5],"texture":"#texture"},"up":{"uv":[5,5.5,5.5,6],"texture":"#texture"},"north":{"uv":[5,5.5,5.5,6.5],"texture":"#texture"},"south":{"uv":[5,5.5,5.5,6.5],"texture":"#texture"},"west":{"uv":[5,5.5,5.5,6.5],"texture":"#texture"},"east":{"uv":[5,5.5,5.5,6.5],"texture":"#texture"}}},{"from":[5.5,9.5,12],"to":[6,10,12.5],"faces":{"down":{"uv":[5.5,6.5,6,6],"texture":"#texture"},"up":{"uv":[5.5,6,6,6.5],"texture":"#texture"},"north":{"uv":[5.5,6,6,6.5],"texture":"#texture"},"south":{"uv":[5.5,6.5,6,6],"texture":"#texture"},"west":{"uv":[5.5,6,6,6.5],"texture":"#texture"},"east":{"uv":[6,6,5.5,6.5],"texture":"#texture"}}},{"from":[10,9.5,12],"to":[10.5,10,12.5],"faces":{"down":{"uv":[5.5,6.5,6,6],"texture":"#texture"},"up":{"uv":[5.5,6,6,6.5],"texture":"#texture"},"north":{"uv":[5.5,6,6,6.5],"texture":"#texture"},"south":{"uv":[5.5,6.5,6,6],"texture":"#texture"},"west":{"uv":[5.5,6,6,6.5],"texture":"#texture"},"east":{"uv":[6,6,5.5,6.5],"texture":"#texture"}}},{"from":[5,11,11],"to":[5.5,12,11.5],"faces":{"down":{"uv":[5,5,5.5,4.5],"texture":"#texture"},"up":{"uv":[5,4.5,5.5,5],"texture":"#texture"},"north":{"uv":[5,4.5,5.5,5],"texture":"#texture"},"south":{"uv":[5,5,5.5,4.5],"texture":"#texture"},"west":{"uv":[5,4.5,5.5,5],"texture":"#texture"},"east":{"uv":[5.5,4.5,5,5],"texture":"#texture"}}},{"from":[10.5,11,11],"to":[11,12,11.5],"faces":{"down":{"uv":[5,5,5.5,4.5],"texture":"#texture"},"up":{"uv":[5,4.5,5.5,5],"texture":"#texture"},"north":{"uv":[5,4.5,5.5,5],"texture":"#texture"},"south":{"uv":[5,5,5.5,4.5],"texture":"#texture"},"west":{"uv":[5,4.5,5.5,5],"texture":"#texture"},"east":{"uv":[5.5,4.5,5,5],"texture":"#texture"}}},{"from":[10,11,11],"to":[10.5,11.5,11.5],"faces":{"down":{"uv":[5,5,5.5,4.5],"texture":"#texture"},"up":{"uv":[5,4.5,5.5,5],"texture":"#texture"},"north":{"uv":[5,4.5,5.5,5],"texture":"#texture"},"south":{"uv":[5,5,5.5,4.5],"texture":"#texture"},"west":{"uv":[5,4.5,5.5,5],"texture":"#texture"},"east":{"uv":[5.5,4.5,5,5],"texture":"#texture"}}},{"from":[5.5,11,11],"to":[6,11.5,11.5],"faces":{"down":{"uv":[5,5,5.5,4.5],"texture":"#texture"},"up":{"uv":[5,4.5,5.5,5],"texture":"#texture"},"north":{"uv":[5,4.5,5.5,5],"texture":"#texture"},"south":{"uv":[5,5,5.5,4.5],"texture":"#texture"},"west":{"uv":[5,4.5,5.5,5],"texture":"#texture"},"east":{"uv":[5.5,4.5,5,5],"texture":"#texture"}}},{"from":[5,11,11.5],"to":[5.5,11.5,12],"faces":{"down":{"uv":[5,5.5,5.5,5],"texture":"#texture"},"up":{"uv":[5,5,5.5,5.5],"texture":"#texture"},"north":{"uv":[5,5,5.5,5.5],"texture":"#texture"},"south":{"uv":[5,5.5,5.5,5],"texture":"#texture"},"west":{"uv":[5,5,5.5,5.5],"texture":"#texture"},"east":{"uv":[5.5,5,5,5.5],"texture":"#texture"}}},{"from":[10.5,11,11.5],"to":[11,11.5,12],"faces":{"down":{"uv":[5,5.5,5.5,5],"texture":"#texture"},"up":{"uv":[5,5,5.5,5.5],"texture":"#texture"},"north":{"uv":[5,5,5.5,5.5],"texture":"#texture"},"south":{"uv":[5,5.5,5.5,5],"texture":"#texture"},"west":{"uv":[5,5,5.5,5.5],"texture":"#texture"},"east":{"uv":[5.5,5,5,5.5],"texture":"#texture"}}},{"from":[3.5,5,10.5],"to":[4,6.5,11],"faces":{"down":{"uv":[15.5,1,16,0.5],"texture":"#texture"},"up":{"uv":[15.5,0.5,16,1],"texture":"#texture"},"north":{"uv":[15.5,0.5,16,1],"texture":"#texture"},"south":{"uv":[15.5,1,16,0.5],"texture":"#texture"},"west":{"uv":[15.5,0.5,16,1],"texture":"#texture"},"east":{"uv":[16,0.5,15.5,1],"texture":"#texture"}}},{"from":[3.5,1.5,10.5],"to":[4,3,11],"faces":{"down":{"uv":[15.5,1,16,0.5],"texture":"#texture"},"up":{"uv":[15.5,0.5,16,1],"texture":"#texture"},"north":{"uv":[15.5,0.5,16,1],"texture":"#texture"},"south":{"uv":[15.5,1,16,0.5],"texture":"#texture"},"west":{"uv":[15.5,0.5,16,1],"texture":"#texture"},"east":{"uv":[16,0.5,15.5,1],"texture":"#texture"}}},{"from":[12,1.5,10.5],"to":[12.5,3,11],"faces":{"down":{"uv":[15.5,1,16,0.5],"texture":"#texture"},"up":{"uv":[15.5,0.5,16,1],"texture":"#texture"},"north":{"uv":[15.5,0.5,16,1],"texture":"#texture"},"south":{"uv":[15.5,1,16,0.5],"texture":"#texture"},"west":{"uv":[15.5,0.5,16,1],"texture":"#texture"},"east":{"uv":[16,0.5,15.5,1],"texture":"#texture"}}},{"from":[12,5,10.5],"to":[12.5,6.5,11],"faces":{"down":{"uv":[15.5,1,16,0.5],"texture":"#texture"},"up":{"uv":[15.5,0.5,16,1],"texture":"#texture"},"north":{"uv":[15.5,0.5,16,1],"texture":"#texture"},"south":{"uv":[15.5,1,16,0.5],"texture":"#texture"},"west":{"uv":[15.5,0.5,16,1],"texture":"#texture"},"east":{"uv":[16,0.5,15.5,1],"texture":"#texture"}}},{"from":[3.5,5,2.5],"to":[4,6.5,10.5],"faces":{"down":{"uv":[11.5,1,12,1.5],"texture":"#texture"},"up":{"uv":[11.5,0,12,0.5],"texture":"#texture"},"north":{"uv":[12,0,12.5,1.5],"texture":"#texture"},"south":{"uv":[12,0,12.5,1.5],"texture":"#texture"},"west":{"uv":[11,0,11.5,1.5],"texture":"#texture"},"east":{"uv":[11,0,11.5,1.5],"texture":"#texture"}}},{"from":[3.5,1.5,2.5],"to":[4,3,10.5],"faces":{"down":{"uv":[11.5,1,12,1.5],"texture":"#texture"},"up":{"uv":[11.5,0,12,0.5],"texture":"#texture"},"north":{"uv":[12,0,12.5,1.5],"texture":"#texture"},"south":{"uv":[12,0,12.5,1.5],"texture":"#texture"},"west":{"uv":[11,0,11.5,1.5],"texture":"#texture"},"east":{"uv":[11,0,11.5,1.5],"texture":"#texture"}}},{"from":[12,1.5,2.5],"to":[12.5,3,10.5],"faces":{"down":{"uv":[11.5,1,12,1.5],"texture":"#texture"},"up":{"uv":[11.5,0,12,0.5],"texture":"#texture"},"north":{"uv":[12,0,12.5,1.5],"texture":"#texture"},"south":{"uv":[12,0,12.5,1.5],"texture":"#texture"},"west":{"uv":[11,0,11.5,1.5],"texture":"#texture"},"east":{"uv":[11,0,11.5,1.5],"texture":"#texture"}}},{"from":[12,5,2.5],"to":[12.5,6.5,10.5],"faces":{"down":{"uv":[11.5,1,12,1.5],"texture":"#texture"},"up":{"uv":[11.5,0,12,0.5],"texture":"#texture"},"north":{"uv":[12,0,12.5,1.5],"texture":"#texture"},"south":{"uv":[12,0,12.5,1.5],"texture":"#texture"},"west":{"uv":[11,0,11.5,1.5],"texture":"#texture"},"east":{"uv":[11,0,11.5,1.5],"texture":"#texture"}}},{"from":[4,5,2],"to":[12,6.5,2.5],"faces":{"down":{"uv":[11.5,1,12,1.5],"texture":"#texture"},"up":{"uv":[11.5,0,12,0.5],"texture":"#texture"},"north":{"uv":[12,0,12.5,1.5],"texture":"#texture"},"south":{"uv":[12,0,12.5,1.5],"texture":"#texture"},"west":{"uv":[11,0,11.5,1.5],"texture":"#texture"},"east":{"uv":[11,0,11.5,1.5],"texture":"#texture"}}},{"from":[4,1.5,2],"to":[12,3,2.5],"faces":{"down":{"uv":[11.5,1,12,1.5],"texture":"#texture"},"up":{"uv":[11.5,0,12,0.5],"texture":"#texture"},"north":{"uv":[12,0,12.5,1.5],"texture":"#texture"},"south":{"uv":[12,0,12.5,1.5],"texture":"#texture"},"west":{"uv":[11,0,11.5,1.5],"texture":"#texture"},"east":{"uv":[11,0,11.5,1.5],"texture":"#texture"}}},{"from":[7,5,1.5],"to":[9,6.5,2],"faces":{"down":{"uv":[10,1,10.5,0.5],"texture":"#texture"},"up":{"uv":[10,0.5,10.5,1],"texture":"#texture"},"north":{"uv":[10,0.5,10.5,1],"texture":"#texture"},"south":{"uv":[10,1,10.5,0.5],"texture":"#texture"},"west":{"uv":[10,0.5,10.5,1],"texture":"#texture"},"east":{"uv":[10.5,0.5,10,1],"texture":"#texture"}}},{"from":[7,4.5,2],"to":[9,5,2.5],"faces":{"down":{"uv":[10,1,10.5,0.5],"texture":"#texture"},"up":{"uv":[10,0.5,10.5,1],"texture":"#texture"},"north":{"uv":[10,0.5,10.5,1],"texture":"#texture"},"south":{"uv":[10,1,10.5,0.5],"texture":"#texture"},"west":{"uv":[10,0.5,10.5,1],"texture":"#texture"},"east":{"uv":[10.5,0.5,10,1],"texture":"#texture"}}},{"from":[7,6.5,2],"to":[9,7,2.5],"faces":{"down":{"uv":[10,1,10.5,0.5],"texture":"#texture"},"up":{"uv":[10,0.5,10.5,1],"texture":"#texture"},"north":{"uv":[10,0.5,10.5,1],"texture":"#texture"},"south":{"uv":[10,1,10.5,0.5],"texture":"#texture"},"west":{"uv":[10,0.5,10.5,1],"texture":"#texture"},"east":{"uv":[10.5,0.5,10,1],"texture":"#texture"}}},{"from":[7,3,2],"to":[9,3.5,2.5],"faces":{"down":{"uv":[10,1,10.5,0.5],"texture":"#texture"},"up":{"uv":[10,0.5,10.5,1],"texture":"#texture"},"north":{"uv":[10,0.5,10.5,1],"texture":"#texture"},"south":{"uv":[10,1,10.5,0.5],"texture":"#texture"},"west":{"uv":[10,0.5,10.5,1],"texture":"#texture"},"east":{"uv":[10.5,0.5,10,1],"texture":"#texture"}}},{"from":[7,1,2],"to":[9,1.5,2.5],"faces":{"down":{"uv":[10,1,10.5,0.5],"texture":"#texture"},"up":{"uv":[10,0.5,10.5,1],"texture":"#texture"},"north":{"uv":[10,0.5,10.5,1],"texture":"#texture"},"south":{"uv":[10,1,10.5,0.5],"texture":"#texture"},"west":{"uv":[10,0.5,10.5,1],"texture":"#texture"},"east":{"uv":[10.5,0.5,10,1],"texture":"#texture"}}},{"from":[7,1.5,1.5],"to":[9,3,2],"faces":{"down":{"uv":[10,1,10.5,0.5],"texture":"#texture"},"up":{"uv":[10,0.5,10.5,1],"texture":"#texture"},"north":{"uv":[10,0.5,10.5,1],"texture":"#texture"},"south":{"uv":[10,1,10.5,0.5],"texture":"#texture"},"west":{"uv":[10,0.5,10.5,1],"texture":"#texture"},"east":{"uv":[10.5,0.5,10,1],"texture":"#texture"}}}],"display":{"head":{"rotation":[0,180,0],"translation":[0,3.4,-1],"scale":[1.7,1.7,1.7]},"fixed":{"rotation":[0,180,0],"translation":[0,2.6,3.1],"scale":[2,2,2]},"gui":{"rotation":[-30,135,0],"translation":[0.1,1.4,0],"scale":[1.4,1.4,1.4]}}}