{
"__comment": "Designed by Hypixel minecraft server with BDcraft Cubik PRO 0.91 Beta - http://bdcraft.net",
"textures": {
    "handle": "items/energyblade_texture1",
    "blade": "items/energyblade_texture2",
    "energyblade_ani1": "items/energyblade_ani2",
    "energyblade_ani2": "items/energyblade_ani1"
},
"elements": [ 
{
    "from": [ 7, -15, 8 ],
    "to": [ 8.5, -12.5, 8.5 ],
    "faces": {
        "down":  { "uv": [ 2, 14, 3.5, 14.5 ], "texture": "#handle" },
        "up":    { "uv": [ 2, 12, 3.5, 12.5 ], "texture": "#handle" },
        "north": { "uv": [ 3.5, 12, 2, 14.5 ], "texture": "#handle" },
        "south": { "uv": [ 2, 12, 3.5, 14.5 ], "texture": "#handle" },
        "west":  { "uv": [ 2, 12, 2.5, 14.5 ], "texture": "#handle" },
        "east":  { "uv": [ 3, 12, 3.5, 14.5 ], "texture": "#handle" }
    }
},
{
    "from": [ 7.5, -16, 8 ],
    "to": [ 8, -15, 8.5 ],
    "faces": {
        "down":  { "uv": [ 3, 15, 2.5, 14.5 ], "texture": "#handle" },
        "up":    { "uv": [ 3, 15, 2.5, 14.5 ], "texture": "#handle" },
        "north": { "uv": [ 2.5, 14.5, 3, 15.5 ], "texture": "#handle" },
        "south": { "uv": [ 2.5, 14.5, 3, 15.5 ], "texture": "#handle" },
        "west":  { "uv": [ 2.5, 14.5, 3, 15.5 ], "texture": "#handle" },
        "east":  { "uv": [ 2.5, 14.5, 3, 15.5 ], "texture": "#handle" }
    }
},
{
    "from": [ 6.5, -10, 8 ],
    "to": [ 8, -6, 8.5 ],
    "faces": {
        "down":  { "uv": [ 1.5, 12, 3.5, 11.5 ], "texture": "#handle" },
        "up":    { "uv": [ 1.5, 10.5, 3.5, 11 ], "texture": "#handle" },
        "north": { "uv": [ 3, 5.5, 1.5, 9.5 ], "texture": "#handle" },
        "south": { "uv": [ 1.5, 5.5, 3, 9.5 ], "texture": "#handle" },
        "west":  { "uv": [ 1.5, 5.5, 2, 9.5 ], "texture": "#handle" },
        "east":  { "uv": [ 3, 5.5, 3.5, 9.5 ], "texture": "#handle" }
    }
},
{
    "from": [ 6, -11.5, 8 ],
    "to": [ 6.5, -8.5, 8.5 ],
    "faces": {
        "down":  { "uv": [ 1.5, 11, 1, 10.5 ], "texture": "#handle" },
        "up":    { "uv": [ 1, 8, 1.5, 8.5 ], "texture": "#handle" },
        "north": { "uv": [ 1, 8, 1.5, 11 ], "texture": "#handle" },
        "south": { "uv": [ 1, 8, 1.5, 11 ], "texture": "#handle" },
        "west":  { "uv": [ 1, 8, 1.5, 11 ], "texture": "#handle" },
        "east":  { "uv": [ 1, 8, 1.5, 11 ], "texture": "#handle" }
    }
},
{
    "from": [ 6, -6, 8 ],
    "to": [ 6.5, -3.5, 8.5 ],
    "faces": {
        "down":  { "uv": [ 1.5, 4.5, 1, 4 ], "texture": "#handle" },
        "up":    { "uv": [ 1.5, 6.5, 2, 7 ], "texture": "#handle" },
        "north": { "uv": [ 1, 3, 1.5, 5.5 ], "texture": "#handle" },
        "south": { "uv": [ 1, 3, 1.5, 5.5 ], "texture": "#handle" },
        "west":  { "uv": [ 1, 3, 1.5, 5.5 ], "texture": "#handle" },
        "east":  { "uv": [ 1, 3, 1.5, 5.5 ], "texture": "#handle" }
    }
},
{
    "from": [ 6.5, -5.5, 8 ],
    "to": [ 7.5, -3.5, 8.5 ],
    "faces": {
        "down":  { "uv": [ 2, 10.5, 3.5, 11 ], "texture": "#handle" },
        "up":    { "uv": [ 2, 10.5, 3.5, 11 ], "texture": "#handle" },
        "north": { "uv": [ 2.5, 3, 1.5, 5 ], "texture": "#handle" },
        "south": { "uv": [ 1.5, 3, 2.5, 5 ], "texture": "#handle" },
        "west":  { "uv": [ 2.5, 3, 3, 5 ], "texture": "#handle" },
        "east":  { "uv": [ 2.5, 3, 3, 5 ], "texture": "#handle" }
    }
},
{
    "from": [ 8, -4.5, 8 ],
    "to": [ 8.5, -3.5, 8.5 ],
    "faces": {
        "down":  { "uv": [ 2.5, 5.5, 3, 6 ], "texture": "#handle" },
        "up":    { "uv": [ 2.5, 5.5, 3, 6 ], "texture": "#handle" },
        "north": { "uv": [ 3, 3, 3.5, 4 ], "texture": "#handle" },
        "south": { "uv": [ 3, 3, 3.5, 4 ], "texture": "#handle" },
        "west":  { "uv": [ 3, 3, 3.5, 4 ], "texture": "#handle" },
        "east":  { "uv": [ 3, 3, 3.5, 4 ], "texture": "#handle" }
    }
},
{
    "from": [ 6.5, -3.5, 8 ],
    "to": [ 9, -2, 8.5 ],
    "faces": {
        "down":  { "uv": [ 1.5, 2.5, 4, 3 ], "texture": "#handle" },
        "up":    { "uv": [ 1.5, 2.5, 4, 3 ], "texture": "#handle" },
        "north": { "uv": [ 4, 1.5, 1.5, 3 ], "texture": "#handle" },
        "south": { "uv": [ 1.5, 1.5, 4, 3 ], "texture": "#handle" },
        "west":  { "uv": [ 1.5, 1.5, 2, 3 ], "texture": "#handle" },
        "east":  { "uv": [ 3.5, 1.5, 4, 3 ], "texture": "#handle" }
    }
},
{
    "from": [ 9, 0, 8 ],
    "to": [ 10, 2, 8.5 ],
    "faces": {
        "down":  { "uv": [ 5, 7, 6.5, 7.5 ], "texture": "#handle" },
        "up":    { "uv": [ 5, 5.5, 6.5, 6 ], "texture": "#handle" },
        "north": { "uv": [ 6.5, 5.5, 5, 7.5 ], "texture": "#handle" },
        "south": { "uv": [ 5, 5.5, 6.5, 7.5 ], "texture": "#handle" },
        "west":  { "uv": [ 5, 5.5, 5.5, 7.5 ], "texture": "#handle" },
        "east":  { "uv": [ 6, 5.5, 6.5, 7.5 ], "texture": "#handle" }
    }
},
{
    "from": [ 8.5, -0.5, 8 ],
    "to": [ 9.5, 0, 8.5 ],
    "faces": {
        "down":  { "uv": [ 4.5, 7.5, 5.5, 8 ], "texture": "#handle" },
        "up":    { "uv": [ 4.5, 7.5, 5.5, 8 ], "texture": "#handle" },
        "north": { "uv": [ 5.5, 7.5, 4.5, 8 ], "texture": "#handle" },
        "south": { "uv": [ 5.5, 7.5, 4.5, 8 ], "texture": "#handle" },
        "west":  { "uv": [ 5.5, 7.5, 6, 8 ], "texture": "#handle" },
        "east":  { "uv": [ 5, 7.5, 5.5, 8 ], "texture": "#handle" }
    }
},
{
    "from": [ 5.5, -1, 8 ],
    "to": [ 6, 0, 8.5 ],
    "faces": {
        "down":  { "uv": [ 1.5, 3.5, 1, 3 ], "texture": "#handle" },
        "up":    { "uv": [ 1.5, 3.5, 1, 3 ], "texture": "#handle" },
        "north": { "uv": [ 1, 0.5, 1.5, 1.5 ], "texture": "#handle" },
        "south": { "uv": [ 1, 0.5, 1.5, 1.5 ], "texture": "#handle" },
        "west":  { "uv": [ 1, 0.5, 1.5, 1.5 ], "texture": "#handle" },
        "east":  { "uv": [ 1, 0.5, 1.5, 1.5 ], "texture": "#handle" }
    }
},
{
    "from": [ 5, 0, 8 ],
    "to": [ 6, 2.5, 8.5 ],
    "faces": {
        "down":  { "uv": [ 4.5, 7.5, 5.5, 8 ], "texture": "#handle" },
        "up":    { "uv": [ 11.5, 12, 12.5, 12.5 ], "texture": "#handle" },
        "north": { "uv": [ 13, 12, 12, 14.5 ], "texture": "#handle" },
        "south": { "uv": [ 12, 12, 13, 14.5 ], "texture": "#handle" },
        "west":  { "uv": [ 13.5, 12.5, 14, 15 ], "texture": "#handle" },
        "east":  { "uv": [ 13, 12.5, 13.5, 15 ], "texture": "#handle" }
    }
},
{
    "from": [ 9, 2, 8 ],
    "to": [ 10, 2.5, 8.5 ],
    "faces": {
        "down":  { "uv": [ 6, 4.5, 7, 5 ], "texture": "#handle" },
        "up":    { "uv": [ 6, 4.5, 7, 5 ], "texture": "#handle" },
        "north": { "uv": [ 6, 4.5, 7, 5 ], "texture": "#handle" },
        "south": { "uv": [ 6, 4.5, 7, 5 ], "texture": "#handle" },
        "west":  { "uv": [ 6.5, 4.5, 7, 5 ], "texture": "#handle" },
        "east":  { "uv": [ 6.5, 4.5, 7, 5 ], "texture": "#handle" }
    }
},
{
    "from": [ 10, 1.5, 8 ],
    "to": [ 11.5, 2.5, 8.5 ],
    "faces": {
        "down":  { "uv": [ 6, 5, 7.5, 5.5 ], "texture": "#handle" },
        "up":    { "uv": [ 6, 4.5, 7.5, 5 ], "texture": "#handle" },
        "north": { "uv": [ 8.5, 4.5, 7, 5.5 ], "texture": "#handle" },
        "south": { "uv": [ 7, 4.5, 8.5, 5.5 ], "texture": "#handle" },
        "west":  { "uv": [ 2.5, 9.5, 3, 10.5 ], "texture": "#handle" },
        "east":  { "uv": [ 2.5, 9.5, 3, 10.5 ], "texture": "#handle" }
    }
},
{
    "from": [ 10, 1, 8 ],
    "to": [ 10.5, 1.5, 8.5 ],
    "faces": {
        "down":  { "uv": [ 10.5, 8.5, 11, 9 ], "texture": "#handle" },
        "up":    { "uv": [ 10.5, 8.5, 11, 9 ], "texture": "#handle" },
        "north": { "uv": [ 6, 7, 6.5, 7.5 ], "texture": "#handle" },
        "south": { "uv": [ 6, 7, 6.5, 7.5 ], "texture": "#handle" },
        "west":  { "uv": [ 12.5, 15, 13, 15.5 ], "texture": "#handle" },
        "east":  { "uv": [ 12.5, 15, 13, 15.5 ], "texture": "#handle" }
    }
},
{
    "from": [ 3.5, 1.5, 8 ],
    "to": [ 5, 2.5, 8.5 ],
    "faces": {
        "down":  { "uv": [ 10.5, 12.5, 12, 13 ], "texture": "#handle" },
        "up":    { "uv": [ 10, 12, 11.5, 12.5 ], "texture": "#handle" },
        "north": { "uv": [ 12, 12, 10.5, 13 ], "texture": "#handle" },
        "south": { "uv": [ 10.5, 12, 12, 13 ], "texture": "#handle" },
        "west":  { "uv": [ 11, 12, 11.5, 13 ], "texture": "#handle" },
        "east":  { "uv": [ 11.5, 12, 12, 13 ], "texture": "#handle" }
    }
},
{
    "from": [ 4.5, 1, 8 ],
    "to": [ 5, 1.5, 8.5 ],
    "faces": {
        "down":  { "uv": [ 12, 14, 12.5, 14.5 ], "texture": "#handle" },
        "up":    { "uv": [ 12, 14, 12.5, 14.5 ], "texture": "#handle" },
        "north": { "uv": [ 12, 14, 12.5, 14.5 ], "texture": "#handle" },
        "south": { "uv": [ 12, 14, 12.5, 14.5 ], "texture": "#handle" },
        "west":  { "uv": [ 12, 14, 12.5, 14.5 ], "texture": "#handle" },
        "east":  { "uv": [ 12, 14, 12.5, 14.5 ], "texture": "#handle" }
    }
},
{
    "from": [ 11.5, 2, 8 ],
    "to": [ 15, 3, 8.5 ],
    "faces": {
        "down":  { "uv": [ 8.5, 4.5, 12, 5 ], "texture": "#handle" },
        "up":    { "uv": [ 8.5, 4, 12, 4.5 ], "texture": "#handle" },
        "north": { "uv": [ 12, 4, 8.5, 5 ], "texture": "#handle" },
        "south": { "uv": [ 8.5, 4, 12, 5 ], "texture": "#handle" },
        "west":  { "uv": [ 8.5, 4, 9, 5 ], "texture": "#handle" },
        "east":  { "uv": [ 11.5, 4, 12, 5 ], "texture": "#handle" }
    }
},
{
    "from": [ 13, 1.5, 8 ],
    "to": [ 18, 2, 8.5 ],
    "faces": {
        "down":  { "uv": [ 10, 5, 15, 5.5 ], "texture": "#handle" },
        "up":    { "uv": [ 10, 5, 15, 5.5 ], "texture": "#handle" },
        "north": { "uv": [ 10, 5, 15, 5.5 ], "texture": "#handle" },
        "south": { "uv": [ 10, 5, 15, 5.5 ], "texture": "#handle" },
        "west":  { "uv": [ 13.5, 5, 14, 5.5 ], "texture": "#handle" },
        "east":  { "uv": [ 13.5, 5, 14, 5.5 ], "texture": "#handle" }
    }
},
{
    "from": [ 15, 2, 8 ],
    "to": [ 17, 2.5, 8.5 ],
    "faces": {
        "down":  { "uv": [ 12.5, 4.5, 13.5, 5 ], "texture": "#handle" },
        "up":    { "uv": [ 12.5, 4.5, 13.5, 5 ], "texture": "#handle" },
        "north": { "uv": [ 12, 4.5, 14, 5 ], "texture": "#handle" },
        "south": { "uv": [ 12, 4.5, 14, 5 ], "texture": "#handle" },
        "west":  { "uv": [ 12.5, 4.5, 13, 5 ], "texture": "#handle" },
        "east":  { "uv": [ 12.5, 4.5, 13, 5 ], "texture": "#handle" }
    }
},
{
    "from": [ 3, 2.5, 8 ],
    "to": [ 3.5, 4, 8.5 ],
    "faces": {
        "down":  { "uv": [ 10, 10.5, 10.5, 11 ], "texture": "#handle" },
        "up":    { "uv": [ 10, 10.5, 10.5, 11 ], "texture": "#handle" },
        "north": { "uv": [ 10, 10.5, 10.5, 12 ], "texture": "#handle" },
        "south": { "uv": [ 10, 10.5, 10.5, 12 ], "texture": "#handle" },
        "west":  { "uv": [ 10, 10.5, 10.5, 12 ], "texture": "#handle" },
        "east":  { "uv": [ 10, 10.5, 10.5, 12 ], "texture": "#handle" }
    }
},
{
    "from": [ 3, 2, 8 ],
    "to": [ 3.5, 2.5, 8.5 ],
    "faces": {
        "down":  { "uv": [ 13, 8.5, 12.5, 8 ], "texture": "#handle" },
        "up":    { "uv": [ 3, 8, 3.5, 8.5 ], "texture": "#handle" },
        "north": { "uv": [ 9.5, 12, 10, 12.5 ], "texture": "#handle" },
        "south": { "uv": [ 9.5, 12, 10, 12.5 ], "texture": "#handle" },
        "west":  { "uv": [ 13, 15, 13.5, 15.5 ], "texture": "#handle" },
        "east":  { "uv": [ 13, 14.5, 13.5, 15 ], "texture": "#handle" }
    }
},
{
    "from": [ 2, 2, 8 ],
    "to": [ 3, 3.5, 8.5 ],
    "faces": {
        "down":  { "uv": [ 9, 12, 10, 12.5 ], "texture": "#handle" },
        "up":    { "uv": [ 9, 11, 10, 11.5 ], "texture": "#handle" },
        "north": { "uv": [ 10, 11, 9, 12.5 ], "texture": "#handle" },
        "south": { "uv": [ 9, 11, 10, 12.5 ], "texture": "#handle" },
        "west":  { "uv": [ 9, 11, 9.5, 12.5 ], "texture": "#handle" },
        "east":  { "uv": [ 9.5, 11, 10, 12.5 ], "texture": "#handle" }
    }
},
{
    "from": [ 4, 4.5, 8 ],
    "to": [ 5, 5, 8.5 ],
    "faces": {
        "down":  { "uv": [ 12.5, 9, 13.5, 9.5 ], "texture": "#handle" },
        "up":    { "uv": [ 12.5, 9, 13.5, 9.5 ], "texture": "#handle" },
        "north": { "uv": [ 11, 9.5, 12, 10 ], "texture": "#handle" },
        "south": { "uv": [ 11, 9.5, 12, 10 ], "texture": "#handle" },
        "west":  { "uv": [ 8, 11.5, 8.5, 12 ], "texture": "#handle" },
        "east":  { "uv": [ 8, 11.5, 8.5, 12 ], "texture": "#handle" }
    }
},
{
    "from": [ 2.5, 3.5, 8 ],
    "to": [ 3, 4, 8.5 ],
    "faces": {
        "down":  { "uv": [ 12.5, 9.5, 12, 9 ], "texture": "#handle" },
        "up":    { "uv": [ 7.5, 11.5, 8, 12 ], "texture": "#handle" },
        "north": { "uv": [ 12, 12, 12.5, 12.5 ], "texture": "#handle" },
        "south": { "uv": [ 6.5, 12, 7, 12.5 ], "texture": "#handle" },
        "west":  { "uv": [ 8, 11.5, 8.5, 12 ], "texture": "#handle" },
        "east":  { "uv": [ 7.5, 11.5, 8, 12 ], "texture": "#handle" }
    }
},
{
    "from": [ 0, 1.5, 8 ],
    "to": [ 2, 3, 8.5 ],
    "faces": {
        "down":  { "uv": [ 7, 12.5, 9, 13 ], "texture": "#handle" },
        "up":    { "uv": [ 7, 11.5, 9, 12 ], "texture": "#handle" },
        "north": { "uv": [ 9, 11.5, 7, 13 ], "texture": "#handle" },
        "south": { "uv": [ 7, 11.5, 9, 13 ], "texture": "#handle" },
        "west":  { "uv": [ 7, 11.5, 7.5, 13 ], "texture": "#handle" },
        "east":  { "uv": [ 8.5, 11.5, 9, 13 ], "texture": "#handle" }
    }
},
{
    "from": [ -2, 1.5, 8 ],
    "to": [ 0, 2.5, 8.5 ],
    "faces": {
        "down":  { "uv": [ 5, 12.5, 7, 13 ], "texture": "#handle" },
        "up":    { "uv": [ 5, 12, 7, 12.5 ], "texture": "#handle" },
        "north": { "uv": [ 5, 12, 7, 13 ], "texture": "#handle" },
        "south": { "uv": [ 5, 12, 7, 13 ], "texture": "#handle" },
        "west":  { "uv": [ 6.5, 12, 7, 13 ], "texture": "#handle" },
        "east":  { "uv": [ 6, 12, 6.5, 13 ], "texture": "#handle" }
    }
},
{
    "from": [ -3, 1.5, 8 ],
    "to": [ -2, 2, 8.5 ],
    "faces": {
        "down":  { "uv": [ 4.5, 12.5, 5, 13 ], "texture": "#handle" },
        "up":    { "uv": [ 4.5, 12.5, 5, 13 ], "texture": "#handle" },
        "north": { "uv": [ 4, 12.5, 5, 13 ], "texture": "#handle" },
        "south": { "uv": [ 4, 12.5, 5, 13 ], "texture": "#handle" },
        "west":  { "uv": [ 4.5, 12.5, 5, 13 ], "texture": "#handle" },
        "east":  { "uv": [ 4.5, 12.5, 5, 13 ], "texture": "#handle" }
    }
},
{
    "from": [ 2.5, 5, 8 ],
    "to": [ 3, 5.5, 8.5 ],
    "faces": {
        "down":  { "uv": [ 9.5, 9, 10, 9.5 ], "texture": "#handle" },
        "up":    { "uv": [ 9.5, 9, 10, 9.5 ], "texture": "#handle" },
        "north": { "uv": [ 9.5, 9, 10, 9.5 ], "texture": "#handle" },
        "south": { "uv": [ 9.5, 9, 10, 9.5 ], "texture": "#handle" },
        "west":  { "uv": [ 9.5, 9, 10, 9.5 ], "texture": "#handle" },
        "east":  { "uv": [ 9.5, 9, 10, 9.5 ], "texture": "#handle" }
    }
},
{
    "from": [ 6, 5, 8 ],
    "to": [ 6.5, 5.5, 8.5 ],
    "faces": {
        "down":  { "uv": [ 13.5, 9.5, 12, 9 ], "texture": "#handle" },
        "up":    { "uv": [ 13.5, 9.5, 12, 9 ], "texture": "#handle" },
        "north": { "uv": [ 13, 9, 12.5, 9.5 ], "texture": "#handle" },
        "south": { "uv": [ 13, 9, 12.5, 9.5 ], "texture": "#handle" },
        "west":  { "uv": [ 13, 9, 13.5, 9.5 ], "texture": "#handle" },
        "east":  { "uv": [ 13, 9, 13.5, 9.5 ], "texture": "#handle" }
    }
},
{
    "from": [ 10.5, 4.5, 8 ],
    "to": [ 11, 5, 8.5 ],
    "faces": {
        "down":  { "uv": [ 8.5, 2.5, 9, 3 ], "texture": "#handle" },
        "up":    { "uv": [ 8.5, 2.5, 9, 3 ], "texture": "#handle" },
        "north": { "uv": [ 8.5, 2.5, 9, 3 ], "texture": "#handle" },
        "south": { "uv": [ 8.5, 2.5, 9, 3 ], "texture": "#handle" },
        "west":  { "uv": [ 7, 2, 7.5, 2.5 ], "texture": "#handle" },
        "east":  { "uv": [ 7, 2, 7.5, 2.5 ], "texture": "#handle" }
    }
},
{
    "from": [ 11, 3, 8 ],
    "to": [ 12, 4.5, 8.5 ],
    "faces": {
        "down":  { "uv": [ 8.5, 4, 9.5, 4.5 ], "texture": "#handle" },
        "up":    { "uv": [ 8.5, 3, 9.5, 3.5 ], "texture": "#handle" },
        "north": { "uv": [ 9, 2.5, 8, 4 ], "texture": "#handle" },
        "south": { "uv": [ 8, 2.5, 9, 4 ], "texture": "#handle" },
        "west":  { "uv": [ 8.5, 2.5, 9, 4 ], "texture": "#handle" },
        "east":  { "uv": [ 8.5, 2.5, 9, 4 ], "texture": "#handle" }
    }
},
{
    "from": [ 12, 3, 8 ],
    "to": [ 12.5, 4, 8.5 ],
    "faces": {
        "down":  { "uv": [ 9.5, 3.5, 10, 4 ], "texture": "#handle" },
        "up":    { "uv": [ 9.5, 3.5, 10, 4 ], "texture": "#handle" },
        "north": { "uv": [ 9, 3, 9.5, 4 ], "texture": "#handle" },
        "south": { "uv": [ 9, 3, 9.5, 4 ], "texture": "#handle" },
        "west":  { "uv": [ 9, 3, 9.5, 4 ], "texture": "#handle" },
        "east":  { "uv": [ 9, 3, 9.5, 4 ], "texture": "#handle" }
    }
},
{
    "from": [ 12.5, 3, 8 ],
    "to": [ 13, 3.5, 8.5 ],
    "faces": {
        "down":  { "uv": [ 12.5, 4.5, 13, 5 ], "texture": "#handle" },
        "up":    { "uv": [ 12.5, 4.5, 13, 5 ], "texture": "#handle" },
        "north": { "uv": [ 9.5, 3.5, 10, 4 ], "texture": "#handle" },
        "south": { "uv": [ 9.5, 3.5, 10, 4 ], "texture": "#handle" },
        "west":  { "uv": [ 9.5, 3.5, 10, 4 ], "texture": "#handle" },
        "east":  { "uv": [ 9.5, 3.5, 10, 4 ], "texture": "#handle" }
    }
},
{
    "from": [ 5.5, 6, 8 ],
    "to": [ 7, 7.5, 8.5 ],
    "faces": {
        "down":  { "uv": [ 12.5, 8, 14, 8.5 ], "texture": "#handle" },
        "up":    { "uv": [ 12, 7, 13.5, 7.5 ], "texture": "#handle" },
        "north": { "uv": [ 14, 7, 12.5, 8.5 ], "texture": "#handle" },
        "south": { "uv": [ 14, 7, 12.5, 8.5 ], "texture": "#handle" },
        "west":  { "uv": [ 12.5, 7, 13, 8.5 ], "texture": "#handle" },
        "east":  { "uv": [ 12.5, 7, 13, 8.5 ], "texture": "#handle" }
    }
},
{
    "from": [ 8, 6, 8 ],
    "to": [ 9.5, 7.5, 8.5 ],
    "faces": {
        "down":  { "uv": [ 12.5, 8, 14, 8.5 ], "texture": "#handle" },
        "up":    { "uv": [ 12.5, 7, 14, 7.5 ], "texture": "#handle" },
        "north": { "uv": [ 12.5, 7, 13.5, 8.5 ], "texture": "#handle" },
        "south": { "uv": [ 12.5, 7, 13.5, 8.5 ], "texture": "#handle" },
        "west":  { "uv": [ 13, 7, 13.5, 8.5 ], "texture": "#handle" },
        "east":  { "uv": [ 13, 7, 13.5, 8.5 ], "texture": "#handle" }
    }
},
{
    "from": [ 9.5, 6.5, 8 ],
    "to": [ 10.5, 7.5, 8.5 ],
    "faces": {
        "down":  { "uv": [ 12, 1.5, 13, 2 ], "texture": "#handle" },
        "up":    { "uv": [ 12, 1, 13, 1.5 ], "texture": "#handle" },
        "north": { "uv": [ 12, 1, 13, 2 ], "texture": "#handle" },
        "south": { "uv": [ 12, 1, 13, 2 ], "texture": "#handle" },
        "west":  { "uv": [ 12, 1, 12.5, 2 ], "texture": "#handle" },
        "east":  { "uv": [ 12, 1, 12.5, 2 ], "texture": "#handle" }
    }
},
{
    "from": [ 4.5, 6.5, 8 ],
    "to": [ 5.5, 7.5, 8.5 ],
    "faces": {
        "down":  { "uv": [ 13, 1, 14, 1.5 ], "texture": "#handle" },
        "up":    { "uv": [ 13, 0.5, 14, 1 ], "texture": "#handle" },
        "north": { "uv": [ 14, 0.5, 13, 1.5 ], "texture": "#handle" },
        "south": { "uv": [ 13, 0.5, 14, 1.5 ], "texture": "#handle" },
        "west":  { "uv": [ 12.5, 0.5, 13, 1.5 ], "texture": "#handle" },
        "east":  { "uv": [ 12.5, 0.5, 13, 1.5 ], "texture": "#handle" }
    }
},
{
    "from": [ 10.5, 6, 8 ],
    "to": [ 11.5, 7, 8.5 ],
    "faces": {
        "down":  { "uv": [ 12, 1.5, 13, 2 ], "texture": "#handle" },
        "up":    { "uv": [ 12, 1, 13, 1.5 ], "texture": "#handle" },
        "north": { "uv": [ 12, 1, 13, 2 ], "texture": "#handle" },
        "south": { "uv": [ 13, 1, 12, 2 ], "texture": "#handle" },
        "west":  { "uv": [ 13.5, 0.5, 14, 1.5 ], "texture": "#handle" },
        "east":  { "uv": [ 13.5, 0.5, 14, 1.5 ], "texture": "#handle" }
    }
},
{
    "from": [ 10, 6, 8 ],
    "to": [ 10.5, 6.5, 8.5 ],
    "faces": {
        "down":  { "uv": [ 11.5, 8, 12, 8.5 ], "texture": "#handle" },
        "up":    { "uv": [ 11.5, 8, 12, 8.5 ], "texture": "#handle" },
        "north": { "uv": [ 12.5, 1.5, 13, 2 ], "texture": "#handle" },
        "south": { "uv": [ 12.5, 1.5, 13, 2 ], "texture": "#handle" },
        "west":  { "uv": [ 12.5, 1.5, 13, 2 ], "texture": "#handle" },
        "east":  { "uv": [ 12.5, 1.5, 13, 2 ], "texture": "#handle" }
    }
},
{
    "from": [ 11.5, 5.5, 8 ],
    "to": [ 12.5, 6.5, 8.5 ],
    "faces": {
        "down":  { "uv": [ 11.5, 8, 12.5, 8.5 ], "texture": "#handle" },
        "up":    { "uv": [ 11.5, 8, 12.5, 8.5 ], "texture": "#handle" },
        "north": { "uv": [ 11, 1.5, 12, 2.5 ], "texture": "#handle" },
        "south": { "uv": [ 12, 1.5, 11, 2.5 ], "texture": "#handle" },
        "west":  { "uv": [ 9.5, 8, 10, 9 ], "texture": "#handle" },
        "east":  { "uv": [ 9.5, 8, 10, 9 ], "texture": "#handle" }
    }
},
{
    "from": [ 11, 5.5, 8 ],
    "to": [ 11.5, 6, 8.5 ],
    "faces": {
        "down":  { "uv": [ 11.5, 2, 12, 2.5 ], "texture": "#handle" },
        "up":    { "uv": [ 11.5, 2, 12, 2.5 ], "texture": "#handle" },
        "north": { "uv": [ 11, 5, 11.5, 5.5 ], "texture": "#handle" },
        "south": { "uv": [ 11, 5, 11.5, 5.5 ], "texture": "#handle" },
        "west":  { "uv": [ 12, 1.5, 12.5, 2 ], "texture": "#handle" },
        "east":  { "uv": [ 12, 1.5, 12.5, 2 ], "texture": "#handle" }
    }
},
{
    "from": [ 12, 5, 8 ],
    "to": [ 13, 5.5, 8.5 ],
    "faces": {
        "down":  { "uv": [ 12, 8, 13, 8.5 ], "texture": "#handle" },
        "up":    { "uv": [ 12, 8, 13, 8.5 ], "texture": "#handle" },
        "north": { "uv": [ 10.5, 2.5, 11.5, 3 ], "texture": "#handle" },
        "south": { "uv": [ 11.5, 2.5, 10.5, 3 ], "texture": "#handle" },
        "west":  { "uv": [ 9, 9, 9.5, 9.5 ], "texture": "#handle" },
        "east":  { "uv": [ 9, 9, 9.5, 9.5 ], "texture": "#handle" }
    }
},
{
    "from": [ 12.5, 4.5, 8 ],
    "to": [ 13, 5, 8.5 ],
    "faces": {
        "down":  { "uv": [ 12.5, 8, 13, 8.5 ], "texture": "#handle" },
        "up":    { "uv": [ 12.5, 8, 13, 8.5 ], "texture": "#handle" },
        "north": { "uv": [ 10.5, 3, 11, 3.5 ], "texture": "#handle" },
        "south": { "uv": [ 10.5, 3, 11, 3.5 ], "texture": "#handle" },
        "west":  { "uv": [ 10.5, 3, 11, 3.5 ], "texture": "#handle" },
        "east":  { "uv": [ 10.5, 3, 11, 3.5 ], "texture": "#handle" }
    }
},
{
    "from": [ 10.5, 7, 8 ],
    "to": [ 11.5, 7.5, 8.5 ],
    "faces": {
        "down":  { "uv": [ 12, 6.5, 13, 7 ], "texture": "#handle" },
        "up":    { "uv": [ 12, 6.5, 13, 7 ], "texture": "#handle" },
        "north": { "uv": [ 13, 0, 14, 0.5 ], "texture": "#handle" },
        "south": { "uv": [ 13, 0, 14, 0.5 ], "texture": "#handle" },
        "west":  { "uv": [ 12, 0.5, 12.5, 1 ], "texture": "#handle" },
        "east":  { "uv": [ 12, 0.5, 12.5, 1 ], "texture": "#handle" }
    }
},
{
    "from": [ 3.5, 7, 8 ],
    "to": [ 4.5, 7.5, 8.5 ],
    "faces": {
        "down":  { "uv": [ 13, 7, 12, 6.5 ], "texture": "#handle" },
        "up":    { "uv": [ 13, 7, 12, 6.5 ], "texture": "#handle" },
        "north": { "uv": [ 10.5, 4, 11.5, 4.5 ], "texture": "#handle" },
        "south": { "uv": [ 10.5, 4, 11.5, 4.5 ], "texture": "#handle" },
        "west":  { "uv": [ 12, 6.5, 12.5, 7 ], "texture": "#handle" },
        "east":  { "uv": [ 12, 6.5, 12.5, 7 ], "texture": "#handle" }
    }
},
{
    "from": [ 3.5, 6, 8 ],
    "to": [ 4.5, 7, 8.5 ],
    "faces": {
        "down":  { "uv": [ 12, 1.5, 13, 2 ], "texture": "#handle" },
        "up":    { "uv": [ 12, 1, 13, 1.5 ], "texture": "#handle" },
        "north": { "uv": [ 12, 1, 13, 2 ], "texture": "#handle" },
        "south": { "uv": [ 12, 1, 13, 2 ], "texture": "#handle" },
        "west":  { "uv": [ 12, 1, 12.5, 2 ], "texture": "#handle" },
        "east":  { "uv": [ 12, 1, 12.5, 2 ], "texture": "#handle" }
    }
},
{
    "from": [ 4.5, 6, 8 ],
    "to": [ 5, 6.5, 8.5 ],
    "faces": {
        "down":  { "uv": [ 10.5, 8, 11, 8.5 ], "texture": "#handle" },
        "up":    { "uv": [ 10.5, 8, 11, 8.5 ], "texture": "#handle" },
        "north": { "uv": [ 11, 8, 11.5, 8.5 ], "texture": "#handle" },
        "south": { "uv": [ 11, 8, 11.5, 8.5 ], "texture": "#handle" },
        "west":  { "uv": [ 11, 8, 11.5, 8.5 ], "texture": "#handle" },
        "east":  { "uv": [ 11, 8, 11.5, 8.5 ], "texture": "#handle" }
    }
},
{
    "from": [ 2.5, 5.5, 8 ],
    "to": [ 3.5, 6.5, 8.5 ],
    "faces": {
        "down":  { "uv": [ 12, 2.5, 11, 2 ], "texture": "#handle" },
        "up":    { "uv": [ 11, 1.5, 12, 2 ], "texture": "#handle" },
        "north": { "uv": [ 12, 1.5, 11, 2.5 ], "texture": "#handle" },
        "south": { "uv": [ 11, 1.5, 12, 2.5 ], "texture": "#handle" },
        "west":  { "uv": [ 11, 1.5, 11.5, 2.5 ], "texture": "#handle" },
        "east":  { "uv": [ 11.5, 1.5, 12, 2.5 ], "texture": "#handle" }
    }
},
{
    "from": [ 3.5, 5.5, 8 ],
    "to": [ 4, 6, 8.5 ],
    "faces": {
        "down":  { "uv": [ 14.5, 2, 14, 1.5 ], "texture": "#handle" },
        "up":    { "uv": [ 14.5, 2, 14, 1.5 ], "texture": "#handle" },
        "north": { "uv": [ 12, 10.5, 12.5, 11 ], "texture": "#handle" },
        "south": { "uv": [ 12, 10.5, 12.5, 11 ], "texture": "#handle" },
        "west":  { "uv": [ 12.5, 8, 13, 8.5 ], "texture": "#handle" },
        "east":  { "uv": [ 12.5, 8, 13, 8.5 ], "texture": "#handle" }
    }
},
{
    "from": [ 2, 4.5, 8 ],
    "to": [ 2.5, 5.5, 8.5 ],
    "faces": {
        "down":  { "uv": [ 13.5, 8, 14, 8.5 ], "texture": "#handle" },
        "up":    { "uv": [ 13.5, 8, 14, 8.5 ], "texture": "#handle" },
        "north": { "uv": [ 9, 9, 9.5, 10 ], "texture": "#handle" },
        "south": { "uv": [ 9, 9, 9.5, 10 ], "texture": "#handle" },
        "west":  { "uv": [ 9, 9, 9.5, 10 ], "texture": "#handle" },
        "east":  { "uv": [ 9, 9, 9.5, 10 ], "texture": "#handle" }
    }
},
{
    "from": [ 9, 10.5, 8 ],
    "to": [ 10.5, 16.5, 8.5 ],
    "faces": {
        "up":    { "uv": [ 6.5, 7.5, 8, 8 ], "texture": "#blade" },
        "north": { "uv": [ 8, 7.5, 6.5, 13.5 ], "texture": "#blade" },
        "south": { "uv": [ 6.5, 7.5, 8, 13.5 ], "texture": "#blade" },
        "west":  { "uv": [ 6.5, 7.5, 7, 13.5 ], "texture": "#blade" },
        "east":  { "uv": [ 7.5, 7.5, 8, 13.5 ], "texture": "#blade" }
    }
},
{
    "from": [ 3.5, 7.5, 8 ],
    "to": [ 4.5, 11, 8.5 ],
    "faces": {
        "down":  { "uv": [ 2.5, 14, 1.5, 13.5 ], "texture": "#blade" },
        "up":    { "uv": [ 1.5, 11, 2.5, 11.5 ], "texture": "#blade" },
        "north": { "uv": [ 2.5, 11, 1.5, 14.5 ], "texture": "#blade" },
        "south": { "uv": [ 1.5, 11, 2.5, 14.5 ], "texture": "#blade" },
        "west":  { "uv": [ 1.5, 11, 2, 14.5 ], "texture": "#blade" },
        "east":  { "uv": [ 2, 11, 2.5, 14.5 ], "texture": "#blade" }
    }
},
{
    "from": [ 10.5, 7.5, 8 ],
    "to": [ 11.5, 11, 8.5 ],
    "faces": {
        "down":  { "uv": [ 7.5, 11, 8.5, 11.5 ], "texture": "#blade" },
        "up":    { "uv": [ 7.5, 11, 8.5, 11.5 ], "texture": "#blade" },
        "north": { "uv": [ 8.5, 11, 7.5, 14.5 ], "texture": "#blade" },
        "south": { "uv": [ 7.5, 11, 8.5, 14.5 ], "texture": "#blade" },
        "west":  { "uv": [ 7.5, 11, 8, 14.5 ], "texture": "#blade" },
        "east":  { "uv": [ 8, 11, 8.5, 14.5 ], "texture": "#blade" }
    }
},
{
    "from": [ 4, 11, 8 ],
    "to": [ 4.5, 12.5, 8.5 ],
    "faces": {
        "up":    { "uv": [ 2, 9.75, 2.5, 10.25 ], "texture": "#blade" },
        "north": { "uv": [ 1.5, 11, 2, 13 ], "texture": "#blade" },
        "south": { "uv": [ 1.5, 11, 2, 13 ], "texture": "#blade" },
        "west":  { "uv": [ 1.5, 11, 2, 13 ], "texture": "#blade" },
        "east":  { "uv": [ 1.5, 11, 2, 13 ], "texture": "#blade" }
    }
},
{
    "from": [ 3, 7, 8 ],
    "to": [ 3.5, 9.5, 8.5 ],
    "faces": {
        "down":  { "uv": [ 1.5, 11.5, 2, 12 ], "texture": "#blade" },
        "up":    { "uv": [ 1.5, 11.5, 2, 12 ], "texture": "#blade" },
        "north": { "uv": [ 1.5, 11, 2, 12.5 ], "texture": "#blade" },
        "south": { "uv": [ 1.5, 11, 2, 12.5 ], "texture": "#blade" },
        "west":  { "uv": [ 1.5, 11, 2, 12.5 ], "texture": "#blade" },
        "east":  { "uv": [ 1.5, 11, 2, 12.5 ], "texture": "#blade" }
    }
},
{
    "from": [ 11.5, 7.25, 8 ],
    "to": [ 12, 9.75, 8.5 ],
    "faces": {
        "down":  { "uv": [ 8.5, 15, 9, 15.5 ], "texture": "#blade" },
        "up":    { "uv": [ 8.5, 13, 9, 13.5 ], "texture": "#blade" },
        "north": { "uv": [ 8.5, 13, 9, 15.5 ], "texture": "#blade" },
        "south": { "uv": [ 8.5, 13, 9, 15.5 ], "texture": "#blade" },
        "west":  { "uv": [ 8.5, 13, 9, 15.5 ], "texture": "#blade" },
        "east":  { "uv": [ 8.5, 13, 9, 15.5 ], "texture": "#blade" }
    }
},
{
    "from": [ 6, 12.5, 8 ],
    "to": [ 6.5, 16.5, 8.5 ],
    "faces": {
        "down":  { "uv": [ 4, 11, 3.5, 10.5 ], "texture": "#blade" },
        "up":    { "uv": [ 4, 8, 3.5, 7.5 ], "texture": "#blade" },
        "north": { "uv": [ 3.5, 7.5, 4, 11.5 ], "texture": "#blade" },
        "south": { "uv": [ 3.5, 7.5, 4, 11.5 ], "texture": "#blade" },
        "east":  { "uv": [ 3.5, 8, 4, 10 ], "texture": "#blade" }
    }
},
{
    "from": [ 8.5, 12.5, 8 ],
    "to": [ 9, 16.5, 8.5 ],
    "faces": {
        "down":  { "uv": [ 6.5, 9, 6, 8.5 ], "texture": "#blade" },
        "up":    { "uv": [ 6.5, 9, 6, 8.5 ], "texture": "#blade" },
        "north": { "uv": [ 6, 8, 6.5, 11.5 ], "texture": "#blade" },
        "south": { "uv": [ 6, 8, 6.5, 11.5 ], "texture": "#blade" },
        "west":  { "uv": [ 6, 8, 6.5, 11.5 ], "texture": "#blade" }
    }
},
{
    "from": [ 6, 20.5, 8 ],
    "to": [ 7, 24.5, 8.5 ],
    "faces": {
        "up":    { "uv": [ 10.5, 1.25, 11.5, 1.75 ], "texture": "#blade" },
        "north": { "uv": [ 11.5, 1.25, 10.5, 1.75 ], "texture": "#blade" },
        "south": { "uv": [ 10.5, 1.25, 11.5, 1.75 ], "texture": "#blade" },
        "west":  { "uv": [ 10.5, 1.25, 11, 1.75 ], "texture": "#blade" },
        "east":  { "uv": [ 11, 1.5, 11.5, 2 ], "texture": "#blade" }
    }
},
{
    "from": [ 6.5, 20, 8 ],
    "to": [ 7, 20.5, 8.5 ],
    "faces": {
        "down":  { "uv": [ 6, 5.5, 6.5, 6 ], "texture": "#blade" },
        "up":    { "uv": [ 6, 5.5, 6.5, 6 ], "texture": "#blade" },
        "north": { "uv": [ 6, 5.75, 6.5, 6.25 ], "texture": "#blade" },
        "south": { "uv": [ 6, 5.75, 6.5, 6.25 ], "texture": "#blade" },
        "west":  { "uv": [ 6, 5.25, 6.5, 5.75 ], "texture": "#blade" },
        "east":  { "uv": [ 6, 5.25, 6.5, 5.75 ], "texture": "#blade" }
    }
},
{
    "from": [ 8, 20, 8 ],
    "to": [ 8.5, 20.5, 8.5 ],
    "faces": {
        "down":  { "uv": [ 6.5, 5.25, 6, 4.75 ], "texture": "#blade" },
        "up":    { "uv": [ 6.5, 5.25, 6, 4.75 ], "texture": "#blade" },
        "north": { "uv": [ 6, 4.75, 6.5, 5.25 ], "texture": "#blade" },
        "south": { "uv": [ 6, 4.75, 6.5, 5.25 ], "texture": "#blade" },
        "west":  { "uv": [ 6, 5.25, 6.5, 5.75 ], "texture": "#blade" },
        "east":  { "uv": [ 6, 5.25, 6.5, 5.75 ], "texture": "#blade" }
    }
},
{
    "from": [ 7.5, -15, 7.5 ],
    "to": [ 8, -12.5, 9 ],
    "faces": {
        "down":  { "uv": [ 3, 13.75, 2.5, 12.25 ], "texture": "#handle" },
        "up":    { "uv": [ 3, 13.75, 2.5, 12.25 ], "texture": "#handle" },
        "north": { "uv": [ 2.5, 12.75, 3, 13.25 ], "texture": "#handle" },
        "south": { "uv": [ 2.5, 12.75, 3, 13.25 ], "texture": "#handle" },
        "west":  { "uv": [ 2.5, 10.75, 3.5, 11.25 ], "texture": "#handle" },
        "east":  { "uv": [ 2.5, 10.75, 3.5, 11.25 ], "texture": "#handle" }
    }
},
{
    "from": [ 8, -13.5, 7.75 ],
    "to": [ 8.5, -10.5, 8.75 ],
    "faces": {
        "down":  { "uv": [ 3, 13.5, 3.5, 14 ], "texture": "#handle" },
        "up":    { "uv": [ 3, 10, 3.5, 10.5 ], "texture": "#handle" },
        "north": { "uv": [ 3, 10, 3.5, 13 ], "texture": "#handle" },
        "south": { "uv": [ 3, 10, 3.5, 13 ], "texture": "#handle" },
        "west":  { "uv": [ 3, 10, 3.5, 13 ], "texture": "#handle" },
        "east":  { "uv": [ 3, 10, 3.5, 13 ], "texture": "#handle" }
    }
},
{
    "from": [ 7.5, -12.5, 7.75 ],
    "to": [ 8, -10, 8.75 ],
    "faces": {
        "down":  { "uv": [ 2.5, 11, 3, 11.5 ], "texture": "#handle" },
        "up":    { "uv": [ 2.5, 9.5, 3, 10 ], "texture": "#handle" },
        "north": { "uv": [ 2.5, 9.5, 3, 12 ], "texture": "#handle" },
        "south": { "uv": [ 2.5, 9.5, 3, 12 ], "texture": "#handle" },
        "west":  { "uv": [ 2.5, 9.5, 3, 11.75 ], "texture": "#handle" },
        "east":  { "uv": [ 2.5, 9.5, 3, 11.75 ], "texture": "#handle" }
    }
},
{
    "from": [ 7, -12, 7.75 ],
    "to": [ 7.5, -9.5, 8.75 ],
    "faces": {
        "down":  { "uv": [ 3, 12, 2.5, 11 ], "texture": "#handle" },
        "up":    { "uv": [ 2.5, 9.5, 3, 10 ], "texture": "#handle" },
        "north": { "uv": [ 2, 9, 2.5, 11.5 ], "texture": "#handle" },
        "south": { "uv": [ 2, 9, 2.5, 11.5 ], "texture": "#handle" },
        "west":  { "uv": [ 2, 9, 2.5, 11.5 ], "texture": "#handle" },
        "east":  { "uv": [ 2, 9, 2.5, 11.5 ], "texture": "#handle" }
    }
},
{
    "from": [ 6.5, -11.5, 7.75 ],
    "to": [ 7, -9, 8.75 ],
    "faces": {
        "down":  { "uv": [ 3, 11.5, 2.5, 11 ], "texture": "#handle" },
        "up":    { "uv": [ 3, 10, 2.5, 9.5 ], "texture": "#handle" },
        "north": { "uv": [ 1.5, 8.5, 2, 11 ], "texture": "#handle" },
        "south": { "uv": [ 1.5, 8.5, 2, 11 ], "texture": "#handle" },
        "west":  { "uv": [ 1.5, 8.5, 2, 11 ], "texture": "#handle" },
        "east":  { "uv": [ 1.5, 8.5, 2, 11 ], "texture": "#handle" }
    }
},
{
    "from": [ 8, -9.5, 7.75 ],
    "to": [ 8.5, -7.5, 8.75 ],
    "faces": {
        "down":  { "uv": [ 3, 7.5, 3.5, 8 ], "texture": "#handle" },
        "up":    { "uv": [ 3, 7.5, 3.5, 8 ], "texture": "#handle" },
        "north": { "uv": [ 3, 7, 3.5, 9 ], "texture": "#handle" },
        "south": { "uv": [ 3, 7, 3.5, 9 ], "texture": "#handle" },
        "west":  { "uv": [ 3, 7.5, 3.5, 8 ], "texture": "#handle" },
        "east":  { "uv": [ 3, 7.5, 3.5, 8 ], "texture": "#handle" }
    }
},
{
    "from": [ 7.5, -8.5, 7.75 ],
    "to": [ 8, -7.5, 8.75 ],
    "faces": {
        "down":  { "uv": [ 2.5, 7.5, 3, 8 ], "texture": "#handle" },
        "up":    { "uv": [ 2.5, 7, 3, 7.5 ], "texture": "#handle" },
        "north": { "uv": [ 2.5, 5, 3, 6 ], "texture": "#handle" },
        "south": { "uv": [ 2.5, 5, 3, 6 ], "texture": "#handle" },
        "west":  { "uv": [ 2.5, 7, 3, 8 ], "texture": "#handle" },
        "east":  { "uv": [ 2.5, 7, 3, 8 ], "texture": "#handle" }
    }
},
{
    "from": [ 8, -7, 7.75 ],
    "to": [ 8.5, -6, 8.75 ],
    "faces": {
        "down":  { "uv": [ 3, 6, 3.5, 6.5 ], "texture": "#handle" },
        "up":    { "uv": [ 3, 5, 3.5, 5.5 ], "texture": "#handle" },
        "north": { "uv": [ 3, 5, 3.5, 6 ], "texture": "#handle" },
        "south": { "uv": [ 3, 5, 3.5, 6 ], "texture": "#handle" },
        "west":  { "uv": [ 3, 5, 3.5, 6 ], "texture": "#handle" },
        "east":  { "uv": [ 3, 5, 3.5, 6 ], "texture": "#handle" }
    }
},
{
    "from": [ 7.5, -7, 7.75 ],
    "to": [ 8, -5, 8.75 ],
    "faces": {
        "down":  { "uv": [ 2.5, 5.5, 3, 6 ], "texture": "#handle" },
        "up":    { "uv": [ 2.5, 4.5, 3, 5 ], "texture": "#handle" },
        "north": { "uv": [ 2.5, 4, 3, 6 ], "texture": "#handle" },
        "south": { "uv": [ 2.5, 4, 3, 6 ], "texture": "#handle" },
        "west":  { "uv": [ 2.5, 4, 3, 6 ], "texture": "#handle" },
        "east":  { "uv": [ 2.5, 4, 3, 6 ], "texture": "#handle" }
    }
},
{
    "from": [ 7, -7, 7.75 ],
    "to": [ 7.5, -4.5, 8.75 ],
    "faces": {
        "down":  { "uv": [ 2.5, 11.5, 2, 10.5 ], "texture": "#handle" },
        "up":    { "uv": [ 1.5, 8.5, 2, 9 ], "texture": "#handle" },
        "north": { "uv": [ 2, 4, 2.5, 6.5 ], "texture": "#handle" },
        "south": { "uv": [ 2, 4, 2.5, 6.5 ], "texture": "#handle" },
        "west":  { "uv": [ 2, 4, 2.5, 6.5 ], "texture": "#handle" },
        "east":  { "uv": [ 2, 4, 2.5, 6.5 ], "texture": "#handle" }
    }
},
{
    "from": [ 6.5, -6, 7.75 ],
    "to": [ 7, -3.5, 8.75 ],
    "faces": {
        "down":  { "uv": [ 1.5, 4, 2, 5 ], "texture": "#handle" },
        "up":    { "uv": [ 1.5, 3, 2, 4 ], "texture": "#handle" },
        "north": { "uv": [ 1.5, 3, 2, 5.5 ], "texture": "#handle" },
        "south": { "uv": [ 1.5, 3, 2, 5.5 ], "texture": "#handle" },
        "west":  { "uv": [ 1.5, 3, 2, 5.5 ], "texture": "#handle" },
        "east":  { "uv": [ 1.5, 3, 2, 5.5 ], "texture": "#handle" }
    }
},
{
    "from": [ 8, -4.5, 7.75 ],
    "to": [ 8.5, -2.5, 8.75 ],
    "faces": {
        "down":  { "uv": [ 3, 3.5, 3.5, 4 ], "texture": "#handle" },
        "up":    { "uv": [ 3, 2, 3.5, 2.5 ], "texture": "#handle" },
        "north": { "uv": [ 3, 2, 3.5, 4 ], "texture": "#handle" },
        "south": { "uv": [ 3, 2, 3.5, 4 ], "texture": "#handle" },
        "west":  { "uv": [ 3, 2, 3.5, 4 ], "texture": "#handle" },
        "east":  { "uv": [ 3, 2, 3.5, 4 ], "texture": "#handle" }
    }
},
{
    "from": [ 7.5, -3.5, 7.75 ],
    "to": [ 8, -1.5, 8.75 ],
    "faces": {
        "down":  { "uv": [ 6, 5, 6.5, 5.5 ], "texture": "#handle" },
        "up":    { "uv": [ 8, 4.5, 8.5, 5 ], "texture": "#handle" },
        "north": { "uv": [ 2.5, 3, 3, 1 ], "rotation": 180, "texture": "#handle" },
        "south": { "uv": [ 2.5, 1, 3, 3 ], "texture": "#handle" },
        "west":  { "uv": [ 2.5, 1, 3, 3 ], "texture": "#handle" },
        "east":  { "uv": [ 2.5, 1, 3, 3 ], "texture": "#handle" }
    }
},
{
    "from": [ 7, -3, 7.75 ],
    "to": [ 7.5, -1, 8.75 ],
    "faces": {
        "down":  { "uv": [ 7.5, 4.5, 8, 5 ], "texture": "#handle" },
        "up":    { "uv": [ 2.5, 5, 3, 5.5 ], "texture": "#handle" },
        "north": { "uv": [ 2, 4, 2.5, 6 ], "texture": "#handle" },
        "south": { "uv": [ 2, 4, 2.5, 6 ], "texture": "#handle" },
        "west":  { "uv": [ 2, 0.5, 2.5, 2.5 ], "texture": "#handle" },
        "east":  { "uv": [ 2, 0.5, 2.5, 2.5 ], "texture": "#handle" }
    }
},
{
    "from": [ 6.5, -2, 7.75 ],
    "to": [ 7, -1, 8.75 ],
    "faces": {
        "down":  { "uv": [ 2.5, 11, 2, 10 ], "texture": "#handle" },
        "up":    { "uv": [ 2.5, 11, 2, 10 ], "texture": "#handle" },
        "north": { "uv": [ 2, 4.5, 2.5, 5.5 ], "texture": "#handle" },
        "south": { "uv": [ 2, 4.5, 2.5, 5.5 ], "texture": "#handle" },
        "west":  { "uv": [ 2, 10.5, 3, 11 ], "texture": "#handle" },
        "east":  { "uv": [ 2, 10.5, 3, 11 ], "texture": "#handle" }
    }
},
{
    "from": [ 5, 0.5, 7.5 ],
    "to": [ 6, 2, 9 ],
    "faces": {
        "down":  { "uv": [ 2.5, 5.5, 3.5, 6 ], "texture": "#handle" },
        "up":    { "uv": [ 6.5, 4.5, 7.5, 5 ], "texture": "#handle" },
        "north": { "uv": [ 13, 12, 12, 13.5 ], "texture": "#handle" },
        "south": { "uv": [ 12, 12, 13, 13.5 ], "texture": "#handle" },
        "west":  { "uv": [ 3, 10, 3.5, 11.5 ], "texture": "#handle" },
        "east":  { "uv": [ 3, 10, 3.5, 11.5 ], "texture": "#handle" }
    }
},
{
    "from": [ 6, 0.5, 7.5 ],
    "to": [ 7.5, 2, 9 ],
    "faces": {
        "down":  { "uv": [ 13, 13.5, 14.5, 14 ], "texture": "#handle" },
        "up":    { "uv": [ 13, 12.5, 14.5, 13 ], "texture": "#handle" },
        "north": { "uv": [ 14.5, 12.5, 13, 14 ], "texture": "#handle" },
        "south": { "uv": [ 13, 12.5, 14.5, 14 ], "texture": "#handle" },
        "west":  { "uv": [ 13, 12.5, 13.5, 14 ], "texture": "#handle" },
        "east":  { "uv": [ 14, 12.5, 14.5, 14 ], "texture": "#handle" }
    }
},
{
    "from": [ 9, 1, 7.5 ],
    "to": [ 10, 2.5, 9 ],
    "faces": {
        "down":  { "uv": [ 7, 6, 6, 5.5 ], "texture": "#handle" },
        "up":    { "uv": [ 10.5, 4, 11.5, 4.5 ], "texture": "#handle" },
        "north": { "uv": [ 6, 4.5, 7, 6 ], "texture": "#handle" },
        "south": { "uv": [ 6, 4.5, 7, 6 ], "texture": "#handle" },
        "west":  { "uv": [ 6, 4.5, 7, 6 ], "texture": "#handle" },
        "east":  { "uv": [ 6, 4.5, 7, 6 ], "texture": "#handle" }
    }
},
{
    "from": [ 10, 2, 7.5 ],
    "to": [ 11, 3.5, 9 ],
    "faces": {
        "down":  { "uv": [ 7, 4.5, 8, 5 ], "texture": "#handle" },
        "up":    { "uv": [ 7, 4, 8, 3.5 ], "texture": "#handle" },
        "north": { "uv": [ 8, 3.5, 7, 5 ], "texture": "#handle" },
        "south": { "uv": [ 7, 3.5, 8, 5 ], "texture": "#handle" },
        "west":  { "uv": [ 7, 3.5, 7.5, 5 ], "texture": "#handle" },
        "east":  { "uv": [ 7.5, 3.5, 8, 5 ], "texture": "#handle" }
    }
},
{
    "from": [ 4, 2, 7.5 ],
    "to": [ 5, 3.5, 9 ],
    "faces": {
        "down":  { "uv": [ 10.5, 12, 11.5, 12.5 ], "texture": "#handle" },
        "up":    { "uv": [ 11, 10.5, 12, 11 ], "texture": "#handle" },
        "north": { "uv": [ 12, 11, 11, 12.5 ], "texture": "#handle" },
        "south": { "uv": [ 11, 11, 12, 12.5 ], "texture": "#handle" },
        "west":  { "uv": [ 11, 11, 11.5, 12.5 ], "texture": "#handle" },
        "east":  { "uv": [ 11.5, 11, 12, 12.5 ], "texture": "#handle" }
    }
},
{
    "from": [ 5, 3.5, 7.5 ],
    "to": [ 6, 4.5, 9 ],
    "faces": {
        "down":  { "uv": [ 13, 11, 12, 10.5 ], "texture": "#handle" },
        "up":    { "uv": [ 12, 10, 13, 10.5 ], "texture": "#handle" },
        "north": { "uv": [ 13, 10, 12, 11 ], "texture": "#handle" },
        "south": { "uv": [ 12, 10, 13, 11 ], "texture": "#handle" },
        "west":  { "uv": [ 11, 11, 11.5, 12 ], "texture": "#handle" },
        "east":  { "uv": [ 11.5, 11, 12, 12 ], "texture": "#handle" }
    }
},
{
    "from": [ 8.5, 3.5, 7.5 ],
    "to": [ 10, 4.5, 9 ],
    "faces": {
        "down":  { "uv": [ 5.5, 3, 7, 3.5 ], "texture": "#handle" },
        "up":    { "uv": [ 5.5, 2.5, 7, 3 ], "texture": "#handle" },
        "north": { "uv": [ 7, 2.5, 5.5, 3.5 ], "texture": "#handle" },
        "south": { "uv": [ 5.5, 2.5, 7, 3.5 ], "texture": "#handle" },
        "west":  { "uv": [ 6.5, 2.5, 7, 3.5 ], "texture": "#handle" },
        "east":  { "uv": [ 5.5, 2.5, 6, 3.5 ], "texture": "#handle" }
    }
},
{
    "from": [ 6, 4, 7.5 ],
    "to": [ 7.5, 5, 9 ],
    "faces": {
        "down":  { "uv": [ 13, 10, 14.5, 10.5 ], "texture": "#handle" },
        "up":    { "uv": [ 13, 9.5, 14.5, 10 ], "texture": "#handle" },
        "north": { "uv": [ 14.5, 9.5, 13, 10.5 ], "texture": "#handle" },
        "south": { "uv": [ 13, 9.5, 14.5, 10.5 ], "texture": "#handle" },
        "west":  { "uv": [ 14, 12.5, 14.5, 13.5 ], "texture": "#handle" },
        "east":  { "uv": [ 14, 12.5, 14.5, 13.5 ], "texture": "#handle" }
    }
},
{
    "from": [ 8.5, 4.25, 7.75 ],
    "to": [ 9.75, 5, 8.75 ],
    "faces": {
        "down":  { "uv": [ 3, 11.5, 2, 11 ], "texture": "#handle" },
        "up":    { "uv": [ 3, 11.5, 2, 11 ], "texture": "#handle" },
        "north": { "uv": [ 5.5, 2, 6.75, 2.75 ], "texture": "#handle" },
        "south": { "uv": [ 5.5, 2, 6.75, 2.75 ], "texture": "#handle" },
        "west":  { "uv": [ 2, 10.5, 3, 11.25 ], "texture": "#handle" },
        "east":  { "uv": [ 2, 10.5, 3, 11.25 ], "texture": "#handle" }
    }
},
{
    "from": [ 5, 4.5, 7.75 ],
    "to": [ 6, 5, 8.75 ],
    "faces": {
        "down":  { "uv": [ 7, 4.5, 8, 5 ], "texture": "#handle" },
        "up":    { "uv": [ 7, 4.5, 8, 5 ], "texture": "#handle" },
        "north": { "uv": [ 5.5, 12, 6.25, 12.5 ], "texture": "#handle" },
        "south": { "uv": [ 5.5, 12, 6.25, 12.5 ], "texture": "#handle" },
        "west":  { "uv": [ 5.5, 12, 6.5, 12.5 ], "texture": "#handle" },
        "east":  { "uv": [ 5.5, 12, 6.5, 12.5 ], "texture": "#handle" }
    }
},
{
    "from": [ 4, 3.5, 7.75 ],
    "to": [ 5, 4.5, 8.75 ],
    "faces": {
        "down":  { "uv": [ 12, 7, 13, 7.5 ], "texture": "#handle" },
        "up":    { "uv": [ 9, 8.5, 10, 9 ], "texture": "#handle" },
        "north": { "uv": [ 12.5, 9.5, 11.5, 10.5 ], "texture": "#handle" },
        "south": { "uv": [ 11.5, 9.5, 12.5, 10.5 ], "texture": "#handle" },
        "west":  { "uv": [ 7.75, 11.5, 8.75, 12.5 ], "texture": "#handle" },
        "east":  { "uv": [ 7.25, 11.5, 8.25, 12.5 ], "texture": "#handle" }
    }
},
{
    "from": [ 10, 3.5, 7.75 ],
    "to": [ 10.5, 5, 8.75 ],
    "faces": {
        "down":  { "uv": [ 14.5, 3, 14, 2.5 ], "texture": "#handle" },
        "up":    { "uv": [ 14.5, 3, 14, 2.5 ], "texture": "#handle" },
        "north": { "uv": [ 5.5, 1.5, 6, 3 ], "texture": "#handle" },
        "south": { "uv": [ 5.5, 1.5, 6, 3 ], "texture": "#handle" },
        "west":  { "uv": [ 5.5, 1.5, 6, 3 ], "texture": "#handle" },
        "east":  { "uv": [ 5.5, 1.5, 6, 3 ], "texture": "#handle" }
    }
},
{
    "from": [ 11, 2, 7.75 ],
    "to": [ 11.5, 3.5, 8.75 ],
    "faces": {
        "down":  { "uv": [ 11.5, 6.5, 12, 7 ], "texture": "#handle" },
        "up":    { "uv": [ 11.5, 6.5, 12, 7 ], "texture": "#handle" },
        "north": { "uv": [ 8, 3.5, 8.5, 5 ], "texture": "#handle" },
        "south": { "uv": [ 8, 3.5, 8.5, 5 ], "texture": "#handle" },
        "west":  { "uv": [ 7.5, 3.5, 8, 5 ], "texture": "#handle" },
        "east":  { "uv": [ 7.5, 3.5, 8, 5 ], "texture": "#handle" }
    }
},
{
    "from": [ 3.5, 2, 7.75 ],
    "to": [ 4, 3.5, 8.75 ],
    "faces": {
        "down":  { "uv": [ 13, 9, 12.5, 8.5 ], "texture": "#handle" },
        "up":    { "uv": [ 13, 9, 12.5, 8.5 ], "texture": "#handle" },
        "north": { "uv": [ 12, 12.5, 12.5, 14 ], "texture": "#handle" },
        "south": { "uv": [ 12, 12.5, 12.5, 14 ], "texture": "#handle" },
        "west":  { "uv": [ 12, 12.5, 12.5, 14 ], "texture": "#handle" },
        "east":  { "uv": [ 12, 12.5, 12.5, 14 ], "texture": "#handle" }
    }
},
{
    "from": [ 3.5, 3.5, 7.75 ],
    "to": [ 4, 4, 8.75 ],
    "faces": {
        "down":  { "uv": [ 12, 9, 12.5, 9.5 ], "texture": "#handle" },
        "up":    { "uv": [ 12, 9, 12.5, 9.5 ], "texture": "#handle" },
        "north": { "uv": [ 9.5, 10.5, 10, 11 ], "texture": "#handle" },
        "south": { "uv": [ 9.5, 10.5, 10, 11 ], "texture": "#handle" },
        "west":  { "uv": [ 7.75, 11.5, 8.75, 12 ], "texture": "#handle" },
        "east":  { "uv": [ 7.75, 11.5, 8.75, 12 ], "texture": "#handle" }
    }
},
{
    "from": [ 5.25, 0, 7.75 ],
    "to": [ 6.25, 1, 8.75 ],
    "faces": {
        "down":  { "uv": [ 12.5, 15, 13.5, 15.5 ], "texture": "#handle" },
        "up":    { "uv": [ 12.5, 14.5, 13.5, 15 ], "texture": "#handle" },
        "north": { "uv": [ 13.5, 14.5, 12.5, 15.5 ], "texture": "#handle" },
        "south": { "uv": [ 12.5, 14.5, 13.5, 15.5 ], "texture": "#handle" },
        "west":  { "uv": [ 12.5, 14.5, 13, 15.5 ], "texture": "#handle" },
        "east":  { "uv": [ 13, 14.5, 13.5, 15.5 ], "texture": "#handle" }
    }
},
{
    "from": [ 0, 2.5, 7.75 ],
    "to": [ 2, 3, 8.75 ],
    "faces": {
        "down":  { "uv": [ 7.5, 11.5, 8.5, 12 ], "texture": "#handle" },
        "up":    { "uv": [ 7.5, 11.5, 8.5, 12 ], "texture": "#handle" },
        "north": { "uv": [ 5, 12, 7, 12.5 ], "texture": "#handle" },
        "south": { "uv": [ 5, 12, 7, 12.5 ], "texture": "#handle" },
        "west":  { "uv": [ 7.5, 11.5, 8.5, 12 ], "texture": "#handle" },
        "east":  { "uv": [ 7.5, 11.5, 8.5, 12 ], "texture": "#handle" }
    }
},
{
    "from": [ -2, 2, 8.25 ],
    "to": [ 0, 2.5, 8.75 ],
    "faces": {
        "down":  { "uv": [ 16, 8.75, 16, 8.25 ], "texture": "#handle" },
        "up":    { "uv": [ 0, 8.25, 0, 8.75 ], "texture": "#handle" },
        "north": { "uv": [ 16, 13.5, 16, 14 ], "texture": "#handle" },
        "south": { "uv": [ 0, 13.5, 0, 14 ], "texture": "#handle" },
        "west":  { "uv": [ 8.25, 13.5, 8.75, 14 ], "texture": "#handle" },
        "east":  { "uv": [ 7.25, 13.5, 7.75, 14 ], "texture": "#handle" }
    }
},
{
    "from": [ 13, 2.5, 7.75 ],
    "to": [ 15, 3, 8.75 ],
    "faces": {
        "down":  { "uv": [ 12, 6.5, 13.5, 7 ], "texture": "#handle" },
        "up":    { "uv": [ 12, 6.5, 13.5, 7 ], "texture": "#handle" },
        "north": { "uv": [ 10, 4, 12, 4.5 ], "texture": "#handle" },
        "south": { "uv": [ 10, 4, 12, 4.5 ], "texture": "#handle" },
        "west":  { "uv": [ 7.5, 11.5, 8.5, 12 ], "texture": "#handle" },
        "east":  { "uv": [ 7.5, 11.5, 8.5, 12 ], "texture": "#handle" }
    }
},
{
    "from": [ 15, 2, 7.75 ],
    "to": [ 17, 2.5, 8.25 ],
    "faces": {
        "down":  { "uv": [ 1, 8.25, 0, 7.75 ], "texture": "#handle" },
        "up":    { "uv": [ 15, 7.75, 16, 8.25 ], "texture": "#handle" },
        "north": { "uv": [ 0, 13.5, 1, 14 ], "texture": "#handle" },
        "south": { "uv": [ 15, 13.5, 16, 14 ], "texture": "#handle" },
        "west":  { "uv": [ 7.75, 13.5, 8.25, 14 ], "texture": "#handle" },
        "east":  { "uv": [ 7.75, 13.5, 8.25, 14 ], "texture": "#handle" }
    }
},
{
    "from": [ 8.25, 5.5, 7.5 ],
    "to": [ 9.25, 7.5, 9 ],
    "faces": {
        "down":  { "uv": [ 13.5, 9, 12.5, 8.5 ], "texture": "#handle" },
        "up":    { "uv": [ 13, 7.5, 12, 7 ], "texture": "#handle" },
        "north": { "uv": [ 12.5, 7, 13.5, 9 ], "texture": "#handle" },
        "south": { "uv": [ 12.5, 7, 13.5, 9 ], "texture": "#handle" },
        "west":  { "uv": [ 12.5, 7, 13.5, 9 ], "texture": "#handle" },
        "east":  { "uv": [ 12.5, 7, 13.5, 9 ], "texture": "#handle" }
    }
},
{
    "from": [ 5.75, 5.5, 7.5 ],
    "to": [ 6.75, 7.5, 9 ],
    "faces": {
        "down":  { "uv": [ 12, 7.5, 13, 8 ], "texture": "#handle" },
        "up":    { "uv": [ 12, 7, 13, 7.5 ], "texture": "#handle" },
        "north": { "uv": [ 13, 7, 14, 9 ], "texture": "#handle" },
        "south": { "uv": [ 13, 7, 14, 9 ], "texture": "#handle" },
        "west":  { "uv": [ 13, 7, 14, 9 ], "texture": "#handle" },
        "east":  { "uv": [ 13, 7, 14, 9 ], "texture": "#handle" }
    }
},
{
    "from": [ 8.5, 7.5, 7.75 ],
    "to": [ 10.5, 8, 8.75 ],
    "faces": {
        "down":  { "uv": [ 11.5, 6, 12, 6.5 ], "texture": "#handle" },
        "up":    { "uv": [ 11.5, 6, 12, 6.5 ], "texture": "#handle" },
        "north": { "uv": [ 11.5, 6, 13.5, 6.5 ], "texture": "#handle" },
        "south": { "uv": [ 11.5, 6, 13.5, 6.5 ], "texture": "#handle" },
        "west":  { "uv": [ 11.75, 6, 12.5, 6.5 ], "texture": "#handle" },
        "east":  { "uv": [ 11.75, 6, 12.5, 6.5 ], "texture": "#handle" }
    }
},
{
    "from": [ 3.5, 7, 7.75 ],
    "to": [ 4.5, 7.5, 8.75 ],
    "faces": {
        "down":  { "uv": [ 12.5, 8.75, 11.5, 7.75 ], "texture": "#handle" },
        "up":    { "uv": [ 3.5, 7.75, 4.5, 8.75 ], "texture": "#handle" },
        "north": { "uv": [ 11.5, 8.5, 12.5, 9 ], "texture": "#handle" },
        "south": { "uv": [ 3.5, 8.5, 4.5, 9 ], "texture": "#handle" },
        "west":  { "uv": [ 7.75, 8.5, 8.75, 9 ], "texture": "#handle" },
        "east":  { "uv": [ 7.25, 8.5, 8.25, 9 ], "texture": "#handle" }
    }
},
{
    "from": [ 3, 6.5, 7.75 ],
    "to": [ 3.5, 7, 8.75 ],
    "faces": {
        "down":  { "uv": [ 12, 6.5, 12.5, 7 ], "texture": "#handle" },
        "up":    { "uv": [ 12, 6.5, 12.5, 7 ], "texture": "#handle" },
        "north": { "uv": [ 10.5, 7, 11, 7.5 ], "texture": "#handle" },
        "south": { "uv": [ 10.5, 7, 11, 7.5 ], "texture": "#handle" },
        "west":  { "uv": [ 10.5, 7, 11, 7.5 ], "texture": "#handle" },
        "east":  { "uv": [ 10.5, 7, 11, 7.5 ], "texture": "#handle" }
    }
},
{
    "from": [ 12, 6.5, 7.75 ],
    "to": [ 12.5, 8.5, 8.75 ],
    "faces": {
        "down":  { "uv": [ 8.5, 14.5, 9, 15.5 ], "texture": "#blade" },
        "up":    { "uv": [ 8.5, 13, 9, 14 ], "texture": "#blade" },
        "north": { "uv": [ 8.5, 13, 9, 15 ], "texture": "#blade" },
        "south": { "uv": [ 8.5, 13, 9, 15 ], "texture": "#blade" },
        "west":  { "uv": [ 8.5, 13, 9, 15 ], "texture": "#blade" },
        "east":  { "uv": [ 8.5, 13, 9, 15 ], "texture": "#blade" }
    }
},
{
    "from": [ 12.5, 5.5, 7.75 ],
    "to": [ 13, 6.5, 8.75 ],
    "faces": {
        "down":  { "uv": [ 9.5, 9, 9, 8.5 ], "texture": "#handle" },
        "up":    { "uv": [ 9.5, 8.5, 9, 8 ], "texture": "#handle" },
        "north": { "uv": [ 9, 8, 9.5, 9 ], "texture": "#handle" },
        "south": { "uv": [ 9, 8, 9.5, 9 ], "texture": "#handle" },
        "west":  { "uv": [ 9, 8, 9.5, 9 ], "texture": "#handle" },
        "east":  { "uv": [ 9, 8, 9.5, 9 ], "texture": "#handle" }
    }
},
{
    "from": [ 2, 5.5, 7.75 ],
    "to": [ 2.5, 6.5, 8.75 ],
    "faces": {
        "down":  { "uv": [ 14, 8.75, 13.5, 7.75 ], "texture": "#handle" },
        "up":    { "uv": [ 9.5, 6.5, 10, 7.5 ], "texture": "#handle" },
        "north": { "uv": [ 9, 8, 9.5, 9 ], "texture": "#handle" },
        "south": { "uv": [ 9, 8, 9.5, 9 ], "texture": "#handle" },
        "west":  { "uv": [ 9, 8, 9.5, 9 ], "texture": "#handle" },
        "east":  { "uv": [ 9, 8, 9.5, 9 ], "texture": "#handle" }
    }
},
{
    "from": [ 5.5, 8, 7.5 ],
    "to": [ 6, 10, 9 ],
    "faces": {
        "down":  { "uv": [ 3.5, 15.5, 3, 14.75 ], "texture": "#blade" },
        "up":    { "uv": [ 3.5, 14, 3, 13.5 ], "texture": "#blade" },
        "north": { "uv": [ 3, 13.5, 3.5, 15.5 ], "texture": "#blade" },
        "south": { "uv": [ 3, 13.5, 3.5, 15.5 ], "texture": "#blade" },
        "west":  { "uv": [ 3, 13.5, 3.5, 15.5 ], "texture": "#blade" },
        "east":  { "uv": [ 3, 13.5, 3.5, 15.5 ], "texture": "#blade" }
    }
},
{
    "from": [ 9, 8, 7.5 ],
    "to": [ 9.5, 10, 9 ],
    "faces": {
        "down":  { "uv": [ 6.5, 14.5, 7, 15 ], "texture": "#blade" },
        "up":    { "uv": [ 6.5, 13.5, 7, 14 ], "texture": "#blade" },
        "north": { "uv": [ 6.5, 13.5, 7, 15.5 ], "texture": "#blade" },
        "south": { "uv": [ 6.5, 13.5, 7, 15.5 ], "texture": "#blade" },
        "west":  { "uv": [ 6.5, 13.5, 7, 15.5 ], "texture": "#blade" },
        "east":  { "uv": [ 6.5, 13.5, 7, 15.5 ], "texture": "#blade" }
    }
},
{
    "from": [ 9.5, 8, 7.5 ],
    "to": [ 10, 9.5, 9 ],
    "faces": {
        "down":  { "uv": [ 6.75, 14.5, 7.25, 15 ], "texture": "#blade" },
        "up":    { "uv": [ 7, 14, 7.5, 14.5 ], "texture": "#blade" },
        "north": { "uv": [ 7, 14, 7.5, 15.5 ], "texture": "#blade" },
        "south": { "uv": [ 7, 14, 7.5, 15.5 ], "texture": "#blade" },
        "west":  { "uv": [ 7, 14, 7.5, 15.5 ], "texture": "#blade" },
        "east":  { "uv": [ 7, 14, 7.5, 15.5 ], "texture": "#blade" }
    }
},
{
    "from": [ 10, 8, 7.5 ],
    "to": [ 10.5, 9, 9 ],
    "faces": {
        "down":  { "uv": [ 7, 14.5, 7.5, 15 ], "texture": "#blade" },
        "up":    { "uv": [ 7.5, 14.5, 8, 15 ], "texture": "#blade" },
        "north": { "uv": [ 7.5, 14.5, 8, 15.5 ], "texture": "#blade" },
        "south": { "uv": [ 7.5, 14.5, 8, 15.5 ], "texture": "#blade" },
        "west":  { "uv": [ 7.5, 14.5, 8, 15.5 ], "texture": "#blade" },
        "east":  { "uv": [ 7.5, 14.5, 8, 15.5 ], "texture": "#blade" }
    }
},
{
    "from": [ 10.5, 7.5, 7.5 ],
    "to": [ 11, 8.5, 9 ],
    "faces": {
        "down":  { "uv": [ 7, 14.75, 7.5, 15.25 ], "texture": "#blade" },
        "up":    { "uv": [ 7, 14, 7.5, 14.5 ], "texture": "#blade" },
        "north": { "uv": [ 7.5, 14.5, 8, 15.5 ], "texture": "#blade" },
        "south": { "uv": [ 7.5, 14.5, 8, 15.5 ], "texture": "#blade" },
        "west":  { "uv": [ 7.5, 14.5, 8, 15.5 ], "texture": "#blade" },
        "east":  { "uv": [ 7.5, 14.5, 8, 15.5 ], "texture": "#blade" }
    }
},
{
    "from": [ 11, 7.5, 7.5 ],
    "to": [ 11.5, 8, 9 ],
    "faces": {
        "down":  { "uv": [ 11, 7.5, 11.5, 9 ], "texture": "#blade" },
        "up":    { "uv": [ 11, 7.5, 11.5, 9 ], "texture": "#blade" },
        "north": { "uv": [ 7.5, 14.5, 8, 15 ], "texture": "#blade" },
        "south": { "uv": [ 7.5, 14.5, 8, 15 ], "texture": "#blade" },
        "west":  { "uv": [ 7, 14, 7.5, 14.5 ], "texture": "#blade" },
        "east":  { "uv": [ 7, 14, 7.5, 14.5 ], "texture": "#blade" }
    }
},
{
    "from": [ 5, 8, 7.5 ],
    "to": [ 5.5, 9.5, 9 ],
    "faces": {
        "down":  { "uv": [ 6.5, 14.5, 7, 15 ], "texture": "#blade" },
        "up":    { "uv": [ 7.5, 8, 8, 8.5 ], "texture": "#blade" },
        "north": { "uv": [ 2.5, 14, 3, 15.5 ], "texture": "#blade" },
        "south": { "uv": [ 2.5, 14, 3, 15.5 ], "texture": "#blade" },
        "west":  { "uv": [ 2.5, 14, 3, 15.5 ], "texture": "#blade" },
        "east":  { "uv": [ 2.5, 14, 3, 15.5 ], "texture": "#blade" }
    }
},
{
    "from": [ 4.5, 8, 7.5 ],
    "to": [ 5, 9, 9 ],
    "faces": {
        "down":  { "uv": [ 2.5, 15, 3, 15.5 ], "texture": "#blade" },
        "up":    { "uv": [ 2.5, 14, 3, 14.5 ], "texture": "#blade" },
        "north": { "uv": [ 2, 14.5, 2.5, 15.5 ], "texture": "#blade" },
        "south": { "uv": [ 2, 14.5, 2.5, 15.5 ], "texture": "#blade" },
        "west":  { "uv": [ 2, 14.5, 2.5, 15.5 ], "texture": "#blade" },
        "east":  { "uv": [ 2, 14.5, 2.5, 15.5 ], "texture": "#blade" }
    }
},
{
    "from": [ 4, 7.5, 7.5 ],
    "to": [ 4.5, 8.5, 9 ],
    "faces": {
        "down":  { "uv": [ 3, 15, 3.5, 15.5 ], "texture": "#blade" },
        "up":    { "uv": [ 3, 13.5, 3.5, 14 ], "texture": "#blade" },
        "north": { "uv": [ 2, 14.5, 2.5, 15.5 ], "texture": "#blade" },
        "south": { "uv": [ 2, 14.5, 2.5, 15.5 ], "texture": "#blade" },
        "west":  { "uv": [ 2, 14.5, 2.5, 15.5 ], "texture": "#blade" },
        "east":  { "uv": [ 2, 14.5, 2.5, 15.5 ], "texture": "#blade" }
    }
},
{
    "from": [ 9, 10, 7.75 ],
    "to": [ 9.5, 10.5, 8.75 ],
    "faces": {
        "up":    { "uv": [ 6, 5, 6.5, 6 ], "texture": "#blade" },
        "north": { "uv": [ 6.5, 13, 7, 13.5 ], "texture": "#blade" },
        "south": { "uv": [ 6.5, 13, 7, 13.5 ], "texture": "#blade" },
        "west":  { "uv": [ 6.5, 12.75, 7, 13.25 ], "texture": "#blade" },
        "east":  { "uv": [ 6.5, 12.75, 7, 13.25 ], "texture": "#blade" }
    }
},
{
    "from": [ 9.5, 9.5, 7.75 ],
    "to": [ 10, 10, 8.75 ],
    "faces": {
        "up":    { "uv": [ 7.25, 12.25, 7.75, 13.25 ], "texture": "#blade" },
        "north": { "uv": [ 7.25, 12.75, 7.75, 13.25 ], "texture": "#blade" },
        "south": { "uv": [ 7.25, 12.75, 7.75, 13.25 ], "texture": "#blade" },
        "west":  { "uv": [ 7.5, 13.5, 8.5, 14 ], "texture": "#blade" },
        "east":  { "uv": [ 7.5, 13.5, 8.5, 14 ], "texture": "#blade" }
    }
},
{
    "from": [ 9.5, 9.5, 7.75 ],
    "to": [ 10, 10, 8.75 ],
    "faces": {
        "down":  { "uv": [ 7.25, 12.5, 7.75, 13.5 ], "texture": "#blade" },
        "up":    { "uv": [ 7.25, 12.5, 7.75, 13.5 ], "texture": "#blade" },
        "north": { "uv": [ 7.25, 13, 7.75, 13.5 ], "texture": "#blade" },
        "south": { "uv": [ 7.25, 13, 7.75, 13.5 ], "texture": "#blade" },
        "west":  { "uv": [ 7.5, 12.75, 8, 13.25 ], "texture": "#blade" },
        "east":  { "uv": [ 7.5, 12.75, 8, 13.25 ], "texture": "#blade" }
    }
},
{
    "from": [ 10, 9, 7.75 ],
    "to": [ 10.5, 9.5, 8.75 ],
    "faces": {
        "up":    { "uv": [ 7.5, 12.5, 8, 13.5 ], "texture": "#blade" },
        "north": { "uv": [ 7.5, 12.5, 8, 13 ], "texture": "#blade" },
        "south": { "uv": [ 7.5, 12.5, 8, 13 ], "texture": "#blade" },
        "west":  { "uv": [ 7, 12.75, 7.75, 13.25 ], "texture": "#blade" },
        "east":  { "uv": [ 7, 12.75, 7.75, 13.25 ], "texture": "#blade" }
    }
},
{
    "from": [ 11, 8, 7.75 ],
    "to": [ 11.5, 8.5, 8.75 ],
    "faces": {
        "down":  { "uv": [ 7.25, 12.25, 7.75, 13.25 ], "texture": "#blade" },
        "up":    { "uv": [ 7.25, 12.25, 7.75, 13.25 ], "texture": "#blade" },
        "north": { "uv": [ 7.75, 13.75, 8.25, 14.25 ], "texture": "#blade" },
        "south": { "uv": [ 7.75, 13.75, 8.25, 14.25 ], "texture": "#blade" },
        "west":  { "uv": [ 7.25, 13.25, 7.75, 13.75 ], "texture": "#blade" },
        "east":  { "uv": [ 7.25, 13.25, 7.75, 13.75 ], "texture": "#blade" }
    }
},
{
    "from": [ 11.5, 6.5, 7.75 ],
    "to": [ 12, 7.5, 8.75 ],
    "faces": {
        "down":  { "uv": [ 7.5, 12.5, 8, 13.5 ], "texture": "#blade" },
        "up":    { "uv": [ 7.5, 12.5, 8, 13.5 ], "texture": "#blade" },
        "north": { "uv": [ 8.5, 14.5, 9, 15.5 ], "texture": "#blade" },
        "south": { "uv": [ 8.5, 14.5, 9, 15.5 ], "texture": "#blade" },
        "west":  { "uv": [ 7.5, 12.75, 8, 13.75 ], "texture": "#blade" },
        "east":  { "uv": [ 7.5, 12.75, 8, 13.75 ], "texture": "#blade" }
    }
},
{
    "from": [ 5.5, 10, 7.75 ],
    "to": [ 6, 10.5, 8.75 ],
    "faces": {
        "up":    { "uv": [ 6.5, 8.5, 7, 9.5 ], "texture": "#blade" },
        "north": { "uv": [ 6.5, 9, 7, 9.5 ], "texture": "#blade" },
        "south": { "uv": [ 6.5, 9, 7, 9.5 ], "texture": "#blade" },
        "west":  { "uv": [ 2, 11, 3, 11.5 ], "texture": "#blade" },
        "east":  { "uv": [ 2, 11, 3, 11.5 ], "texture": "#blade" }
    }
},
{
    "from": [ 5, 9.5, 7.75 ],
    "to": [ 5.5, 10, 8.75 ],
    "faces": {
        "up":    { "uv": [ 2.75, 10.75, 3.25, 11.75 ], "texture": "#blade" },
        "north": { "uv": [ 6.75, 9.25, 7.25, 9.75 ], "texture": "#blade" },
        "south": { "uv": [ 6.75, 9.25, 7.25, 9.75 ], "texture": "#blade" },
        "west":  { "uv": [ 2.5, 10.75, 3.5, 11.25 ], "texture": "#blade" },
        "east":  { "uv": [ 2.5, 10.75, 3.5, 11.25 ], "texture": "#blade" }
    }
},
{
    "from": [ 4.5, 9, 7.75 ],
    "to": [ 5, 9.5, 8.75 ],
    "faces": {
        "up":    { "uv": [ 6.5, 9.5, 7, 10.5 ], "texture": "#blade" },
        "north": { "uv": [ 2, 13.5, 2.5, 14 ], "texture": "#blade" },
        "south": { "uv": [ 2, 13.5, 2.5, 14 ], "texture": "#blade" },
        "west":  { "uv": [ 2.5, 12.5, 3, 13 ], "texture": "#blade" },
        "east":  { "uv": [ 2.5, 12.5, 3, 13 ], "texture": "#blade" }
    }
},
{
    "from": [ 4, 8.5, 7.75 ],
    "to": [ 4.5, 9, 8.75 ],
    "faces": {
        "down":  { "uv": [ 2.5, 11.5, 3, 12.5 ], "texture": "#blade" },
        "up":    { "uv": [ 2.5, 11.5, 3, 12.5 ], "texture": "#blade" },
        "north": { "uv": [ 2.5, 12.5, 3, 13 ], "texture": "#blade" },
        "south": { "uv": [ 2.5, 12.5, 3, 13 ], "texture": "#blade" },
        "west":  { "uv": [ 2.5, 10.5, 3.5, 11 ], "texture": "#blade" },
        "east":  { "uv": [ 2.5, 10.5, 3.5, 11 ], "texture": "#blade" }
    }
},
{
    "from": [ 3.5, 7.5, 7.75 ],
    "to": [ 4, 8.5, 8.75 ],
    "faces": {
        "down":  { "uv": [ 1.5, 15, 2, 15.5 ], "texture": "#blade" },
        "up":    { "uv": [ 1.5, 14.5, 2, 15 ], "texture": "#blade" },
        "north": { "uv": [ 1.5, 14.5, 2, 15.5 ], "texture": "#blade" },
        "south": { "uv": [ 1.5, 14.5, 2, 15.5 ], "texture": "#blade" },
        "west":  { "uv": [ 1.5, 14.5, 2, 15.5 ], "texture": "#blade" },
        "east":  { "uv": [ 1.5, 14.5, 2, 15.5 ], "texture": "#blade" }
    }
},
{
    "from": [ 3, 7, 7.75 ],
    "to": [ 3.5, 8, 8.75 ],
    "faces": {
        "down":  { "uv": [ 3, 6, 2.5, 5 ], "texture": "#blade" },
        "up":    { "uv": [ 3, 6, 2.5, 5 ], "texture": "#blade" },
        "north": { "uv": [ 2, 8, 2.5, 8.5 ], "texture": "#blade" },
        "south": { "uv": [ 2, 8, 2.5, 8.5 ], "texture": "#blade" },
        "west":  { "uv": [ 2.5, 6, 3, 6.5 ], "texture": "#blade" },
        "east":  { "uv": [ 2.5, 6, 3, 6.5 ], "texture": "#blade" }
    }
},
{
    "from": [ 8.75, 8, 7.75 ],
    "to": [ 9.25, 10, 8.75 ],
    "faces": {
        "down":  { "uv": [ 6.5, 14.25, 7, 14.75 ], "texture": "#blade" },
        "up":    { "uv": [ 6.5, 13.5, 7, 14 ], "texture": "#blade" },
        "north": { "uv": [ 6.5, 13.5, 7, 15.5 ], "texture": "#blade" },
        "south": { "uv": [ 6.5, 13.5, 7, 15.5 ], "texture": "#blade" },
        "west":  { "uv": [ 6.5, 13.5, 7, 15.5 ], "texture": "#blade" },
        "east":  { "uv": [ 6.5, 13.5, 7, 15.5 ], "texture": "#blade" }
    }
},
{
    "from": [ 5.75, 8, 7.75 ],
    "to": [ 6.25, 10, 8.75 ],
    "faces": {
        "up":    { "uv": [ 3, 13.5, 3.5, 14 ], "texture": "#blade" },
        "north": { "uv": [ 3, 13.5, 3.5, 15.5 ], "texture": "#blade" },
        "south": { "uv": [ 3, 13.5, 3.5, 15.5 ], "texture": "#blade" },
        "west":  { "uv": [ 3, 13.5, 3.5, 15.5 ], "texture": "#blade" },
        "east":  { "uv": [ 3, 13.5, 3.5, 15.5 ], "texture": "#blade" }
    }
},
{
    "from": [ 8.5, 16.5, 8 ],
    "to": [ 9.5, 20.5, 8.5 ],
    "faces": {
        "up":    { "uv": [ 6, 5.5, 7, 6 ], "texture": "#blade" },
        "north": { "uv": [ 7, 4, 6, 7.5 ], "texture": "#blade" },
        "south": { "uv": [ 6, 4, 7, 7.5 ], "texture": "#blade" },
        "west":  { "uv": [ 6, 4.75, 6.5, 5.25 ], "texture": "#blade" },
        "east":  { "uv": [ 6.5, 4, 7, 7.5 ], "texture": "#blade" }
    }
},
{
    "from": [ 9.5, 16.5, 8.125 ],
    "to": [ 10, 20.5, 8.375 ],
    "faces": {
        "up":    { "uv": [ 7.5, 7.5, 8, 8 ], "texture": "#blade" },
        "north": { "uv": [ 7, 3.5, 7.5, 7.5 ], "texture": "#blade" },
        "south": { "uv": [ 7, 3.5, 7.5, 7.5 ], "texture": "#blade" },
        "west":  { "uv": [ 7.5, 7.5, 8, 8 ], "texture": "#blade" },
        "east":  { "uv": [ 7, 3.5, 7.5, 7.5 ], "texture": "#blade" }
    }
},
{
    "from": [ 5.5, 20.5, 8.125 ],
    "to": [ 6, 24.5, 8.375 ],
    "faces": {
        "up":    { "uv": [ 7.5, 8.75, 8, 9 ], "texture": "#blade" },
        "north": { "uv": [ 2.5, 6.25, 3, 6.75 ], "texture": "#blade" },
        "south": { "uv": [ 2.5, 6.25, 3, 6.75 ], "texture": "#blade" },
        "west":  { "uv": [ 2.5, 6, 3, 6.5 ], "texture": "#blade" },
        "east":  { "uv": [ 2.5, 6, 3, 6.5 ], "texture": "#blade" }
    }
},
{
    "from": [ 8, 20.5, 8 ],
    "to": [ 9, 24.5, 8.5 ],
    "faces": {
        "up":    { "uv": [ 6, 4.5, 7, 5 ], "texture": "#blade" },
        "north": { "uv": [ 5.5, 1, 6.5, 1.5 ], "texture": "#blade" },
        "south": { "uv": [ 5.5, 1, 6.5, 1.5 ], "texture": "#blade" },
        "west":  { "uv": [ 6, 5.25, 6.5, 5.75 ], "texture": "#blade" },
        "east":  { "uv": [ 6.5, 5.25, 7, 5.75 ], "texture": "#blade" }
    }
},
{
    "from": [ 9, 20.5, 8.125 ],
    "to": [ 9.5, 24.5, 8.375 ],
    "faces": {
        "up":    { "uv": [ 7.5, 5.5, 7, 5.25 ], "texture": "#blade" },
        "north": { "uv": [ 7, 4.5, 7.5, 5 ], "texture": "#blade" },
        "south": { "uv": [ 7, 4.5, 7.5, 5 ], "texture": "#blade" },
        "west":  { "uv": [ 7, 5, 7.5, 5.5 ], "texture": "#blade" },
        "east":  { "uv": [ 7, 5, 7.5, 5.5 ], "texture": "#blade" }
    }
},
{
    "from": [ 8, 24.5, 8.125 ],
    "to": [ 9, 28.5, 8.375 ],
    "faces": {
        "up":    { "uv": [ 13, 6.5, 14, 6.75 ], "texture": "#blade" },
        "north": { "uv": [ 14, 6.5, 13, 11.5 ], "texture": "#blade" },
        "south": { "uv": [ 13, 6.5, 14, 11.5 ], "texture": "#blade" },
        "west":  { "uv": [ 13, 6.5, 13.5, 11.5 ], "texture": "#blade" },
        "east":  { "uv": [ 13.5, 6.5, 14, 11.5 ], "texture": "#blade" }
    }
},
{
    "from": [ 8, 28.5, 8.125 ],
    "to": [ 8.5, 31, 8.375 ],
    "faces": {
        "up":    { "uv": [ 13, 4, 13.5, 4.25 ], "texture": "#blade" },
        "north": { "uv": [ 13, 4, 13.5, 6.5 ], "texture": "#blade" },
        "south": { "uv": [ 13, 4, 13.5, 6.5 ], "texture": "#blade" },
        "west":  { "uv": [ 13, 4, 13.5, 6.5 ], "texture": "#blade" },
        "east":  { "uv": [ 13, 4, 13.5, 6.5 ], "texture": "#blade" }
    }
},
{
    "from": [ 6, 24.5, 8.125 ],
    "to": [ 7, 28.5, 8.375 ],
    "faces": {
        "up":    { "uv": [ 11, 6.5, 12, 7 ], "texture": "#blade" },
        "north": { "uv": [ 12, 6.5, 11, 10.5 ], "texture": "#blade" },
        "south": { "uv": [ 11, 6.5, 12, 10.5 ], "texture": "#blade" },
        "west":  { "uv": [ 11, 6.5, 11.5, 10.5 ], "texture": "#blade" },
        "east":  { "uv": [ 11.5, 6.5, 12, 10.5 ], "texture": "#blade" }
    }
},
{
    "from": [ 6.5, 28.5, 8.125 ],
    "to": [ 7, 31, 8.375 ],
    "faces": {
        "up":    { "uv": [ 11.5, 4, 12, 4.25 ], "texture": "#blade" },
        "north": { "uv": [ 11.5, 4, 12, 6.5 ], "texture": "#blade" },
        "south": { "uv": [ 11.5, 4, 12, 6.5 ], "texture": "#blade" },
        "west":  { "uv": [ 11.5, 4, 12, 6.5 ], "texture": "#blade" },
        "east":  { "uv": [ 11.5, 4, 12, 6.5 ], "texture": "#blade" }
    }
},
{
    "from": [ 6, -2, 8 ],
    "to": [ 7, 0.5, 8.5 ],
    "faces": {
        "down":  { "uv": [ 12.5, 15, 13, 15.5 ], "texture": "#handle" },
        "up":    { "uv": [ 12.5, 15, 13.5, 15.5 ], "texture": "#handle" },
        "north": { "uv": [ 13.5, 13, 12.5, 15.5 ], "texture": "#handle" },
        "south": { "uv": [ 12.5, 13, 13.5, 15.5 ], "texture": "#handle" },
        "west":  { "uv": [ 12.5, 13, 13, 15.5 ], "texture": "#handle" },
        "east":  { "uv": [ 13, 13, 13.5, 15.5 ], "texture": "#handle" }
    }
},
{
    "from": [ 8.5, 4, 8 ],
    "to": [ 10, 5.5, 8.5 ],
    "faces": {
        "down":  { "uv": [ 5.5, 2.5, 7, 3 ], "texture": "#handle" },
        "up":    { "uv": [ 5.5, 1.5, 7, 2 ], "texture": "#handle" },
        "north": { "uv": [ 5.5, 1.5, 7, 3 ], "texture": "#handle" },
        "south": { "uv": [ 5.5, 1.5, 7, 3 ], "texture": "#handle" },
        "west":  { "uv": [ 6.5, 1.5, 7, 3 ], "texture": "#handle" },
        "east":  { "uv": [ 6.5, 1.5, 7, 3 ], "texture": "#handle" }
    }
},
{
    "from": [ 5, 5, 8 ],
    "to": [ 6, 5.5, 8.5 ],
    "faces": {
        "down":  { "uv": [ 12.5, 9, 13.5, 9.5 ], "texture": "#handle" },
        "up":    { "uv": [ 12.5, 9, 13.5, 9.5 ], "texture": "#handle" },
        "north": { "uv": [ 12, 9, 14, 9.5 ], "texture": "#handle" },
        "south": { "uv": [ 12, 9, 14, 9.5 ], "texture": "#handle" },
        "west":  { "uv": [ 12.5, 9, 13, 9.5 ], "texture": "#handle" },
        "east":  { "uv": [ 12.5, 9, 13, 9.5 ], "texture": "#handle" }
    }
},
{
    "from": [ 10.5, 11, 8 ],
    "to": [ 11, 12.5, 8.5 ],
    "faces": {
        "up":    { "uv": [ 8, 11.75, 8.5, 12.25 ], "texture": "#blade" },
        "north": { "uv": [ 8, 11, 8.5, 12.5 ], "texture": "#blade" },
        "south": { "uv": [ 8, 11, 8.5, 12.5 ], "texture": "#blade" },
        "west":  { "uv": [ 8, 11, 8.5, 12.5 ], "texture": "#blade" },
        "east":  { "uv": [ 8, 11, 8.5, 12.5 ], "texture": "#blade" }
    }
},
{
    "from": [ 4.5, 10.5, 8 ],
    "to": [ 6, 16.5, 8.5 ],
    "faces": {
        "up":    { "uv": [ 2, 7.5, 3.5, 8 ], "texture": "#blade" },
        "north": { "uv": [ 3.5, 7.5, 2, 13.5 ], "texture": "#blade" },
        "south": { "uv": [ 2, 7.5, 3.5, 13.5 ], "texture": "#blade" },
        "west":  { "uv": [ 2, 7.5, 2.5, 13.5 ], "texture": "#blade" },
        "east":  { "uv": [ 3, 7.5, 3.5, 13.5 ], "texture": "#blade" }
    }
},
{
    "from": [ 5.5, 16.5, 8 ],
    "to": [ 6.5, 20.5, 8.5 ],
    "faces": {
        "up":    { "uv": [ 10, 1.75, 11.75, 1.25 ], "texture": "#blade" },
        "north": { "uv": [ 11.5, 1.25, 10.5, 1.75 ], "texture": "#blade" },
        "south": { "uv": [ 10.5, 1.25, 11.5, 1.75 ], "texture": "#blade" },
        "west":  { "uv": [ 2.5, 6, 3, 6.5 ], "texture": "#blade" },
        "east":  { "uv": [ 4, 2.5, 4.5, 3 ], "texture": "#blade" }
    }
},
{
    "from": [ 5, 16.5, 8.125 ],
    "to": [ 5.5, 20.5, 8.375 ],
    "faces": {
        "up":    { "uv": [ 7.5, 8.5, 8, 9 ], "texture": "#blade" },
        "north": { "uv": [ 6.5, 1.75, 7, 2.25 ], "texture": "#blade" },
        "south": { "uv": [ 6.5, 1.75, 7, 2.25 ], "texture": "#blade" },
        "west":  { "uv": [ 7, 4.25, 7.5, 4.75 ], "texture": "#blade" },
        "east":  { "uv": [ 7, 4.25, 7.5, 4.75 ], "texture": "#blade" }
    }
},
{
    "from": [ 6.5, -12.5, 8 ],
    "to": [ 7.5, -11, 8.5 ],
    "faces": {
        "down":  { "uv": [ 1.5, 12, 2.5, 11.5 ], "texture": "#handle" },
        "up":    { "uv": [ 1.5, 10.5, 3.5, 11 ], "texture": "#handle" },
        "north": { "uv": [ 2.5, 10.5, 1.5, 12 ], "texture": "#handle" },
        "south": { "uv": [ 1.5, 10.5, 2.5, 12 ], "texture": "#handle" },
        "west":  { "uv": [ 1.5, 10.5, 2, 12 ], "texture": "#handle" },
        "east":  { "uv": [ 1.5, 10.5, 2, 12 ], "texture": "#handle" }
    }
},
{
    "from": [ 8, -10.5, 8 ],
    "to": [ 8.5, -9.5, 8.5 ],
    "faces": {
        "down":  { "uv": [ 1.5, 12, 2, 11.5 ], "texture": "#handle" },
        "up":    { "uv": [ 1.5, 12, 2, 11.5 ], "texture": "#handle" },
        "north": { "uv": [ 3, 9, 3.5, 10 ], "texture": "#handle" },
        "south": { "uv": [ 3, 9, 3.5, 10 ], "texture": "#handle" },
        "west":  { "uv": [ 3, 9, 3.5, 10 ], "texture": "#handle" },
        "east":  { "uv": [ 3, 9, 3.5, 10 ], "texture": "#handle" }
    }
},
{
    "from": [ 8, -7.5, 8 ],
    "to": [ 8.5, -7, 8.5 ],
    "faces": {
        "down":  { "uv": [ 3, 7, 3.5, 6.5 ], "texture": "#handle" },
        "up":    { "uv": [ 3, 7, 3.5, 6.5 ], "texture": "#handle" },
        "north": { "uv": [ 3, 6.5, 3.5, 7 ], "texture": "#handle" },
        "south": { "uv": [ 3, 6.5, 3.5, 7 ], "texture": "#handle" },
        "west":  { "uv": [ 3, 6.5, 3.5, 7 ], "texture": "#handle" },
        "east":  { "uv": [ 3, 6.5, 3.5, 7 ], "texture": "#handle" }
    }
},
{
    "from": [ 7.5, -5, 8 ],
    "to": [ 8, -3.5, 8.5 ],
    "faces": {
        "down":  { "uv": [ 2, 10.5, 3.5, 11 ], "texture": "#handle" },
        "up":    { "uv": [ 2.5, 8.5, 3, 9 ], "texture": "#handle" },
        "north": { "uv": [ 2.5, 3, 3, 4.5 ], "texture": "#handle" },
        "south": { "uv": [ 2.5, 3, 3, 4.5 ], "texture": "#handle" },
        "west":  { "uv": [ 2.5, 3, 3, 4.5 ], "texture": "#handle" },
        "east":  { "uv": [ 2.5, 3, 3, 4.5 ], "texture": "#handle" }
    }
},
{
    "from": [ 7.5, 0.5, 7.5 ],
    "to": [ 9, 2, 9 ],
    "faces": {
        "down":  { "uv": [ 4.5, 6, 6, 6.5 ], "texture": "#handle" },
        "up":    { "uv": [ 4.5, 5, 6, 5.5 ], "texture": "#handle" },
        "north": { "uv": [ 6, 5, 4.5, 6.5 ], "texture": "#handle" },
        "south": { "uv": [ 4.5, 5, 6, 6.5 ], "texture": "#handle" },
        "west":  { "uv": [ 7.5, 14, 9, 15.5 ], "texture": "#handle" },
        "east":  { "uv": [ 7, 14, 8.5, 15.5 ], "texture": "#handle" }
    }
},
{
    "from": [ 7.5, -2, 8 ],
    "to": [ 8.5, 0.5, 8.5 ],
    "faces": {
        "down":  { "uv": [ 8.5, 8.5, 7.5, 8 ], "texture": "#handle" },
        "up":    { "uv": [ 7.5, 8, 8.5, 8.5 ], "texture": "#handle" },
        "north": { "uv": [ 5.5, 5.5, 4.5, 8 ], "texture": "#handle" },
        "south": { "uv": [ 4.5, 5.5, 5.5, 8 ], "texture": "#handle" },
        "west":  { "uv": [ 8, 15.5, 8.5, 16 ], "texture": "#handle" },
        "east":  { "uv": [ 5, 5.5, 5.5, 8 ], "texture": "#handle" }
    }
},
{
    "from": [ 7, -1, 8 ],
    "to": [ 7.5, 0.5, 8.5 ],
    "faces": {
        "down":  { "uv": [ 5, 7, 4.5, 6.5 ], "texture": "#handle" },
        "up":    { "uv": [ 4.5, 7, 5, 7.5 ], "texture": "#handle" },
        "north": { "uv": [ 4.5, 6.5, 5, 7.5 ], "texture": "#handle" },
        "south": { "uv": [ 4.5, 6.5, 5, 7.5 ], "texture": "#handle" },
        "west":  { "uv": [ 4.5, 6.5, 5, 7.5 ], "texture": "#handle" },
        "east":  { "uv": [ 4.5, 6.5, 5, 7.5 ], "texture": "#handle" }
    }
},
{
    "from": [ 8.5, 0, 8 ],
    "to": [ 9, 0.5, 8.5 ],
    "faces": {
        "down":  { "uv": [ 5, 7.5, 5.5, 8 ], "texture": "#handle" },
        "up":    { "uv": [ 5, 7.5, 5.5, 8 ], "texture": "#handle" },
        "north": { "uv": [ 5.5, 7.5, 5, 8 ], "texture": "#handle" },
        "south": { "uv": [ 5.5, 7.5, 5, 8 ], "texture": "#handle" },
        "west":  { "uv": [ 5.5, 7.5, 6, 8 ], "texture": "#handle" },
        "east":  { "uv": [ 5, 7.5, 5.5, 8 ], "texture": "#handle" }
    }
},
{
    "from": [ 10.5, 3.5, 7.75 ],
    "to": [ 11, 4.5, 8.75 ],
    "faces": {
        "down":  { "uv": [ 12.5, 7, 12, 6.5 ], "texture": "#handle" },
        "up":    { "uv": [ 12.5, 7.5, 12, 7 ], "texture": "#handle" },
        "north": { "uv": [ 7.5, 2.5, 8, 3.5 ], "texture": "#handle" },
        "south": { "uv": [ 7.5, 2.5, 8, 3.5 ], "texture": "#handle" },
        "west":  { "uv": [ 7.5, 2.5, 8, 3.5 ], "texture": "#handle" },
        "east":  { "uv": [ 7.5, 2.5, 8, 3.5 ], "texture": "#handle" }
    }
},
{
    "from": [ 7.5, 4, 7.5 ],
    "to": [ 8.5, 5.5, 9 ],
    "faces": {
        "down":  { "uv": [ 12.5, 10, 13.5, 10.5 ], "texture": "#handle" },
        "up":    { "uv": [ 11, 12, 12.5, 12.5 ], "texture": "#handle" },
        "north": { "uv": [ 13, 9, 14, 10.5 ], "texture": "#handle" },
        "south": { "uv": [ 13, 9, 14, 10.5 ], "texture": "#handle" },
        "west":  { "uv": [ 13, 9, 13.5, 10.5 ], "texture": "#handle" },
        "east":  { "uv": [ 14, 9, 14.5, 10.5 ], "texture": "#handle" }
    }
},
{
    "from": [ 6.5, 5.5, 7.5 ],
    "to": [ 7.5, 6, 9 ],
    "faces": {
        "down":  { "uv": [ 13.5, 8.5, 14.5, 9 ], "texture": "#handle" },
        "up":    { "uv": [ 13.5, 8.5, 14.5, 9 ], "texture": "#handle" },
        "north": { "uv": [ 14.5, 8.5, 13.5, 9 ], "texture": "#handle" },
        "south": { "uv": [ 13.5, 8.5, 14.5, 9 ], "texture": "#handle" },
        "west":  { "uv": [ 13, 9, 13.5, 10.5 ], "texture": "#handle" },
        "east":  { "uv": [ 14, 9, 14.5, 10.5 ], "texture": "#handle" }
    }
},
{
    "from": [ 5.5, 5.5, 8 ],
    "to": [ 6, 6, 8.5 ],
    "faces": {
        "down":  { "uv": [ 12.5, 8.5, 14, 9 ], "texture": "#handle" },
        "up":    { "uv": [ 12.5, 7.5, 14, 8 ], "texture": "#handle" },
        "north": { "uv": [ 14.5, 2, 15, 2.5 ], "texture": "#handle" },
        "south": { "uv": [ 14.5, 2, 15, 2.5 ], "texture": "#handle" },
        "west":  { "uv": [ 13, 8.5, 13.5, 9 ], "texture": "#handle" },
        "east":  { "uv": [ 13, 8.5, 13.5, 9 ], "texture": "#handle" }
    }
},
{
    "from": [ 9, 5.5, 8 ],
    "to": [ 9.5, 6, 8.5 ],
    "faces": {
        "down":  { "uv": [ 12.5, 7.5, 13, 8 ], "texture": "#handle" },
        "up":    { "uv": [ 12.5, 7.5, 13, 8 ], "texture": "#handle" },
        "north": { "uv": [ 12.5, 7.5, 13, 8 ], "texture": "#handle" },
        "south": { "uv": [ 12.5, 7.5, 13, 8 ], "texture": "#handle" },
        "west":  { "uv": [ 12.5, 7.5, 13, 8 ], "texture": "#handle" },
        "east":  { "uv": [ 12.5, 7.5, 13, 8 ], "texture": "#handle" }
    }
},
{
    "from": [ 7.5, 5.5, 7.5 ],
    "to": [ 8.5, 6, 9 ],
    "faces": {
        "down":  { "uv": [ 4.5, 1, 5.5, 1.5 ], "texture": "#handle" },
        "up":    { "uv": [ 4.5, 1, 5.5, 1.5 ], "texture": "#handle" },
        "north": { "uv": [ 5.5, 1, 4.5, 1.5 ], "texture": "#handle" },
        "south": { "uv": [ 4.5, 1, 5.5, 1.5 ], "texture": "#handle" },
        "west":  { "uv": [ 4.5, 1, 5, 1.5 ], "texture": "#handle" },
        "east":  { "uv": [ 5, 1, 5.5, 1.5 ], "texture": "#handle" }
    }
},
{
    "from": [ 3.5, 4, 8 ],
    "to": [ 4, 4.5, 8.5 ],
    "faces": {
        "down":  { "uv": [ 12.5, 9, 13.5, 9.5 ], "texture": "#handle" },
        "up":    { "uv": [ 12.5, 9, 13.5, 9.5 ], "texture": "#handle" },
        "north": { "uv": [ 11, 9.5, 12, 10 ], "texture": "#handle" },
        "south": { "uv": [ 11, 9.5, 12, 10 ], "texture": "#handle" },
        "west":  { "uv": [ 8, 11.5, 8.5, 12 ], "texture": "#handle" },
        "east":  { "uv": [ 8, 11.5, 8.5, 12 ], "texture": "#handle" }
    }
},
{
    "from": [ 6.5, 5, 7.5 ],
    "to": [ 7.5, 5.5, 9 ],
    "faces": {
        "down":  { "uv": [ 12.5, 9, 13.5, 9.5 ], "texture": "#handle" },
        "up":    { "uv": [ 11, 12, 12.5, 12.5 ], "texture": "#handle" },
        "north": { "uv": [ 14.5, 9, 13.5, 9.5 ], "texture": "#handle" },
        "south": { "uv": [ 13.5, 9, 14.5, 9.5 ], "texture": "#handle" },
        "west":  { "uv": [ 13, 9, 13.5, 9.5 ], "texture": "#handle" },
        "east":  { "uv": [ 13, 9, 13.5, 9.5 ], "texture": "#handle" }
    }
},
{
    "from": [ 2.5, 6.5, 7.75 ],
    "to": [ 3, 8.5, 8.75 ],
    "faces": {
        "down":  { "uv": [ 13.5, 8.75, 13, 7.75 ], "texture": "#handle" },
        "up":    { "uv": [ 9.5, 6.5, 10, 7.5 ], "texture": "#handle" },
        "north": { "uv": [ 9.5, 6.5, 10, 8 ], "texture": "#handle" },
        "south": { "uv": [ 9.5, 6.5, 10, 8 ], "texture": "#handle" },
        "west":  { "uv": [ 9.5, 6.5, 10, 8 ], "texture": "#handle" },
        "east":  { "uv": [ 9.5, 6.5, 10, 8 ], "texture": "#handle" }
    }
},
{
    "from": [ 4.5, 7.5, 7.75 ],
    "to": [ 6.5, 8, 8.75 ],
    "faces": {
        "down":  { "uv": [ 11.5, 6, 12, 6.5 ], "texture": "#handle" },
        "up":    { "uv": [ 11.5, 6, 12, 6.5 ], "texture": "#handle" },
        "north": { "uv": [ 11.5, 6, 13.5, 6.5 ], "texture": "#handle" },
        "south": { "uv": [ 11.5, 6, 13.5, 6.5 ], "texture": "#handle" },
        "west":  { "uv": [ 11.75, 6, 12.5, 6.5 ], "texture": "#handle" },
        "east":  { "uv": [ 11.75, 6, 12.5, 6.5 ], "texture": "#handle" }
    }
},
{
    "from": [ 4.5, 9.5, 8 ],
    "to": [ 5, 10.5, 8.5 ],
    "faces": {
        "down":  { "uv": [ 2.5, 11, 3, 11.5 ], "texture": "#blade" },
        "up":    { "uv": [ 2.5, 11, 3, 11.5 ], "texture": "#blade" },
        "north": { "uv": [ 2.5, 11, 2, 11.5 ], "texture": "#blade" },
        "south": { "uv": [ 2.5, 11, 2, 11.5 ], "texture": "#blade" },
        "west":  { "uv": [ 2.25, 12, 2.75, 12.75 ], "texture": "#blade" },
        "east":  { "uv": [ 2.25, 12, 2.75, 12.75 ], "texture": "#blade" }
    }
},
{
    "from": [ 5, 10, 8 ],
    "to": [ 5.5, 10.5, 8.5 ],
    "faces": {
        "down":  { "uv": [ 2.25, 11.5, 3, 12 ], "texture": "#blade" },
        "up":    { "uv": [ 2.25, 11.5, 3, 12 ], "texture": "#blade" },
        "north": { "uv": [ 2.25, 11.25, 2.75, 11.75 ], "texture": "#blade" },
        "south": { "uv": [ 2.25, 11.25, 2.75, 11.75 ], "texture": "#blade" },
        "west":  { "uv": [ 2.25, 11.25, 2.75, 12.25 ], "texture": "#blade" },
        "east":  { "uv": [ 2.25, 11.25, 2.75, 12.25 ], "texture": "#blade" }
    }
},
{
    "from": [ 10, 9.5, 8 ],
    "to": [ 10.5, 10.5, 8.5 ],
    "faces": {
        "down":  { "uv": [ 7.5, 13, 8, 13.5 ], "texture": "#blade" },
        "up":    { "uv": [ 7.5, 13, 8, 13.5 ], "texture": "#blade" },
        "north": { "uv": [ 7.75, 12.75, 7.25, 13.25 ], "texture": "#blade" },
        "south": { "uv": [ 7.75, 12.75, 7.25, 13.25 ], "texture": "#blade" },
        "west":  { "uv": [ 7.25, 12.5, 7.75, 13.25 ], "texture": "#blade" },
        "east":  { "uv": [ 7.25, 12.5, 7.75, 13.25 ], "texture": "#blade" }
    }
},
{
    "from": [ 9.5, 10, 8 ],
    "to": [ 10, 10.5, 8.5 ],
    "faces": {
        "down":  { "uv": [ 7.5, 13.25, 8.25, 13.75 ], "texture": "#blade" },
        "up":    { "uv": [ 7.5, 13.25, 8.25, 13.75 ], "texture": "#blade" },
        "north": { "uv": [ 7, 13, 7.5, 13.5 ], "texture": "#blade" },
        "south": { "uv": [ 7, 13, 7.5, 13.5 ], "texture": "#blade" },
        "west":  { "uv": [ 7.5, 12.75, 8, 13.75 ], "texture": "#blade" },
        "east":  { "uv": [ 7.5, 12.75, 8, 13.75 ], "texture": "#blade" }
    }
},
{
    "from": [ 2, 7.25, 8.5 ],
    "to": [ 13.25, 31, 8.5625 ],
    "faces": {
        "north": { "uv": [ 5, 0, 11, 9.75 ], "texture": "#energyblade_ani1" },
        "south": { "uv": [ 11, 0, 5, 9.75 ], "texture": "#energyblade_ani1" }
    }
},
{
    "from": [ 2, 7.5, 8.25 ],
    "to": [ 13.25, 31.25, 8.3125 ],
    "faces": {
        "north": { "uv": [ 5, 0, 11, 9.75 ], "texture": "#energyblade_ani2" },
        "south": { "uv": [ 11, 0, 5, 9.75 ], "texture": "#energyblade_ani2" }
    }
}
],
"display": {
    "thirdperson": {
        "rotation": [ 0, 96, -96 ],
        "translation": [ -0.4, -0.4, -6.5 ],
        "scale": [ 1, 1, 1 ]
    },
    "firstperson": {
        "rotation": [ 3, 45, -11 ],
        "translation": [ -4.6, 4.5, 1.7 ],
        "scale": [ 1.25, 1.25, 1.25 ]
    },
    "gui": {
        "rotation": [ 30, -45, 44 ],
        "translation": [ 0, 0, 0 ],
        "scale": [ 0.7, 0.7, 0.7 ]
    }
}
}