{"__comment":"Designed by Hypixel minecraft server with BDcraft Cubik PRO 0.95 Beta - http://bdcraft.net","textures":{"texture":"items/rolling_pin"},"elements":[{"from":[6.5,9,3],"to":[16,16,8],"faces":{"down":{"uv":[16,1,6.5,6],"texture":"#texture"},"up":{"uv":[16,1,6.5,6],"texture":"#texture"},"north":{"uv":[6.5,0,16,7],"texture":"#texture"},"south":{"uv":[16,0,6.5,7],"texture":"#texture"},"west":{"uv":[10,8,15,15],"texture":"#texture"},"east":{"uv":[10,8,15,15],"texture":"#texture"}}},{"from":[6.5,10,2],"to":[16,15,9],"faces":{"down":{"uv":[16,0,6.5,7],"texture":"#texture"},"up":{"uv":[16,0,6.5,7],"texture":"#texture"},"north":{"uv":[6.5,1,16,6],"texture":"#texture"},"south":{"uv":[16,1,6.5,6],"texture":"#texture"},"west":{"uv":[9,9,16,14],"texture":"#texture"},"east":{"uv":[9,9,16,14],"texture":"#texture"}}},{"from":[6.5,9.5,2.5],"to":[16,15.5,8.5],"faces":{"down":{"uv":[16,0.5,6.5,6.5],"texture":"#texture"},"up":{"uv":[16,0.5,6.5,6.5],"texture":"#texture"},"north":{"uv":[6.5,0.5,16,6.5],"texture":"#texture"},"south":{"uv":[16,0.5,6.5,6.5],"texture":"#texture"},"west":{"uv":[9.5,8.5,15.5,14.5],"texture":"#texture"},"east":{"uv":[9.5,8.5,15.5,14.5],"texture":"#texture"}}},{"from":[-2.5,9,3],"to":[6.5,16,8],"faces":{"down":{"uv":[9,9,0,14],"texture":"#texture"},"up":{"uv":[9,9,0,14],"texture":"#texture"},"north":{"uv":[0,8,9,15],"texture":"#texture"},"south":{"uv":[9,8,0,15],"texture":"#texture"},"west":{"uv":[10,8,15,15],"texture":"#texture"},"east":{"uv":[10,8,15,15],"texture":"#texture"}}},{"from":[-2.5,9.5,2.5],"to":[6.5,15.5,8.5],"faces":{"down":{"uv":[9,8.5,0,14.5],"texture":"#texture"},"up":{"uv":[9,8.5,0,14.5],"texture":"#texture"},"north":{"uv":[0,8.5,9,14.5],"texture":"#texture"},"south":{"uv":[9,8.5,0,14.5],"texture":"#texture"},"west":{"uv":[9.5,8.5,15.5,14.5],"texture":"#texture"},"east":{"uv":[9.5,8.5,15.5,14.5],"texture":"#texture"}}},{"from":[-2.5,10,2],"to":[6.5,15,9],"faces":{"down":{"uv":[9,8,0,15],"texture":"#texture"},"up":{"uv":[9,8,0,15],"texture":"#texture"},"north":{"uv":[0,9,9,14],"texture":"#texture"},"south":{"uv":[9,9,0,14],"texture":"#texture"},"west":{"uv":[9,9,16,14],"texture":"#texture"},"east":{"uv":[9,9,16,14],"texture":"#texture"}}},{"from":[-8.5,11.5,4.5],"to":[-2.5,13.5,6.5],"faces":{"down":{"uv":[0.5,2.5,6.5,4.5],"texture":"#texture"},"up":{"uv":[0.5,2.5,6.5,4.5],"texture":"#texture"},"north":{"uv":[6.5,2.5,0.5,4.5],"texture":"#texture"},"south":{"uv":[0.5,2.5,6.5,4.5],"texture":"#texture"},"west":{"uv":[11.5,10.5,13.5,12.5],"texture":"#texture"},"east":{"uv":[11.5,10.5,13.5,12.5],"texture":"#texture"}}},{"from":[-3,11,4.5],"to":[-2.5,14,6.5],"faces":{"down":{"uv":[11,10.5,11.5,11],"texture":"#texture"},"up":{"uv":[11,10.5,11.5,11],"texture":"#texture"},"north":{"uv":[11,10.5,11.5,11],"texture":"#texture"},"south":{"uv":[11,10.5,11.5,11],"texture":"#texture"},"west":{"uv":[11,10.5,11.5,11],"texture":"#texture"},"east":{"uv":[11,10.5,11.5,11],"texture":"#texture"}}},{"from":[-3,11.5,4],"to":[-2.5,13.5,7],"faces":{"down":{"uv":[11,10.5,11.5,11],"texture":"#texture"},"up":{"uv":[11,10.5,11.5,11],"texture":"#texture"},"north":{"uv":[11,10.5,11.5,11],"texture":"#texture"},"south":{"uv":[11,10.5,11.5,11],"texture":"#texture"},"west":{"uv":[11,10.5,11.5,11],"texture":"#texture"},"east":{"uv":[11,10.5,11.5,11],"texture":"#texture"}}},{"from":[-8.5,11,5],"to":[-4.5,14,6],"faces":{"down":{"uv":[0.5,3,4.5,4],"texture":"#texture"},"up":{"uv":[0.5,3,4.5,4],"texture":"#texture"},"north":{"uv":[4.5,2,0.5,5],"texture":"#texture"},"south":{"uv":[0.5,2,4.5,5],"texture":"#texture"},"west":{"uv":[12,10,13,13],"texture":"#texture"},"east":{"uv":[12,10,13,13],"texture":"#texture"}}},{"from":[-8.5,12,4],"to":[-4.5,13,7],"faces":{"down":{"uv":[0.5,2,4.5,5],"texture":"#texture"},"up":{"uv":[0.5,2,4.5,5],"texture":"#texture"},"north":{"uv":[4.5,3,0.5,4],"texture":"#texture"},"south":{"uv":[0.5,3,4.5,4],"texture":"#texture"},"west":{"uv":[11,11,14,12],"texture":"#texture"},"east":{"uv":[11,11,14,12],"texture":"#texture"}}},{"from":[-9,12,4.5],"to":[-8.5,13,6.5],"faces":{"down":{"uv":[0,2.5,0.5,4.5],"texture":"#texture"},"up":{"uv":[0,2.5,0.5,4.5],"texture":"#texture"},"north":{"uv":[0,3,0.5,4],"texture":"#texture"},"south":{"uv":[0,3,0.5,4],"texture":"#texture"},"west":{"uv":[11.5,11,13.5,12],"texture":"#texture"},"east":{"uv":[11.5,11,13.5,12],"texture":"#texture"}}},{"from":[-9,11.5,5],"to":[-8.5,13.5,6],"faces":{"down":{"uv":[0,3,0.5,4],"texture":"#texture"},"up":{"uv":[0,3,0.5,4],"texture":"#texture"},"north":{"uv":[0,2.5,0.5,4.5],"texture":"#texture"},"south":{"uv":[0,2.5,0.5,4.5],"texture":"#texture"},"west":{"uv":[12,10.5,13,12.5],"texture":"#texture"},"east":{"uv":[12,10.5,13,12.5],"texture":"#texture"}}},{"from":[-2.5,15.625,8],"to":[6.5,16,9.375],"rotation":{"origin":[-2.5,16,8],"axis":"x","angle":45},"faces":{"down":{"uv":[6.5,0,16,1],"texture":"#texture"},"up":{"uv":[6.5,0,16,1],"texture":"#texture"},"north":{"uv":[11,0.5,12,0.875],"texture":"#texture"},"south":{"uv":[11,0.5,12,0.875],"texture":"#texture"},"west":{"uv":[14.5,8,15,8.5],"texture":"#texture"},"east":{"uv":[14.5,8,15,8.5],"texture":"#texture"}}},{"from":[-2.5,9.875,2.25],"to":[6.5,10.25,3.625],"rotation":{"origin":[-2.5,10.25,2.25],"axis":"x","angle":45},"faces":{"down":{"uv":[6.5,0,16,1],"texture":"#texture"},"up":{"uv":[6.5,0,16,1],"texture":"#texture"},"north":{"uv":[11,0.5,12,0.875],"texture":"#texture"},"south":{"uv":[11,0.5,12,0.875],"texture":"#texture"},"west":{"uv":[14.5,8,15,8.5],"texture":"#texture"},"east":{"uv":[14.5,8,15,8.5],"texture":"#texture"}}},{"from":[-2.5,14.625,2],"to":[6.5,15,3.375],"rotation":{"origin":[-2.5,15,2],"axis":"x","angle":-45},"faces":{"down":{"uv":[6.5,0,16,1],"texture":"#texture"},"up":{"uv":[6.5,0,16,1],"texture":"#texture"},"north":{"uv":[11,0.5,12,0.875],"texture":"#texture"},"south":{"uv":[11,0.5,12,0.875],"texture":"#texture"},"west":{"uv":[9,9,9.5,9.5],"texture":"#texture"},"east":{"uv":[9,9,9.5,9.5],"texture":"#texture"}}},{"from":[-2.5,8.875,7.75],"to":[6.5,9.25,9.125],"rotation":{"origin":[-2.5,9.25,7.75],"axis":"x","angle":-45},"faces":{"down":{"uv":[6.5,0,16,1],"texture":"#texture"},"up":{"uv":[6.5,0,16,1],"texture":"#texture"},"north":{"uv":[11,0.5,12,0.875],"texture":"#texture"},"south":{"uv":[11,0.5,12,0.875],"texture":"#texture"},"west":{"uv":[9.5,8.5,10,9],"texture":"#texture"},"east":{"uv":[9.5,8.5,10,9],"texture":"#texture"}}},{"from":[16,11.5,4],"to":[16.5,13.5,7],"faces":{"down":{"uv":[11,10.5,11.5,11],"texture":"#texture"},"up":{"uv":[11,10.5,11.5,11],"texture":"#texture"},"north":{"uv":[11,10.5,11.5,11],"texture":"#texture"},"south":{"uv":[11,10.5,11.5,11],"texture":"#texture"},"west":{"uv":[11,10.5,11.5,11],"texture":"#texture"},"east":{"uv":[11,10.5,11.5,11],"texture":"#texture"}}},{"from":[16,11,4.5],"to":[16.5,14,6.5],"faces":{"down":{"uv":[11,10.5,11.5,11],"texture":"#texture"},"up":{"uv":[11,10.5,11.5,11],"texture":"#texture"},"north":{"uv":[11,10.5,11.5,11],"texture":"#texture"},"south":{"uv":[11,10.5,11.5,11],"texture":"#texture"},"west":{"uv":[11,10.5,11.5,11],"texture":"#texture"},"east":{"uv":[11,10.5,11.5,11],"texture":"#texture"}}},{"from":[16,11.5,4.5],"to":[22,13.5,6.5],"faces":{"down":{"uv":[6.5,2.5,0.5,4.5],"texture":"#texture"},"up":{"uv":[6.5,2.5,0.5,4.5],"texture":"#texture"},"north":{"uv":[0.5,2.5,6.5,4.5],"texture":"#texture"},"south":{"uv":[6.5,2.5,0.5,4.5],"texture":"#texture"},"west":{"uv":[11.5,10.5,13.5,12.5],"texture":"#texture"},"east":{"uv":[11.5,10.5,13.5,12.5],"texture":"#texture"}}},{"from":[22,11.5,5],"to":[22.5,13.5,6],"faces":{"down":{"uv":[0,3,0.5,4],"texture":"#texture"},"up":{"uv":[0,3,0.5,4],"texture":"#texture"},"north":{"uv":[0,2.5,0.5,4.5],"texture":"#texture"},"south":{"uv":[0,2.5,0.5,4.5],"texture":"#texture"},"west":{"uv":[12,10.5,13,12.5],"texture":"#texture"},"east":{"uv":[12,10.5,13,12.5],"texture":"#texture"}}},{"from":[22,12,4.5],"to":[22.5,13,6.5],"faces":{"down":{"uv":[0,2.5,0.5,4.5],"texture":"#texture"},"up":{"uv":[0,2.5,0.5,4.5],"texture":"#texture"},"north":{"uv":[0,3,0.5,4],"texture":"#texture"},"south":{"uv":[0,3,0.5,4],"texture":"#texture"},"west":{"uv":[11.5,11,13.5,12],"texture":"#texture"},"east":{"uv":[11.5,11,13.5,12],"texture":"#texture"}}},{"from":[18,11,5],"to":[22,14,6],"faces":{"down":{"uv":[4.5,3,0.5,4],"texture":"#texture"},"up":{"uv":[4.5,3,0.5,4],"texture":"#texture"},"north":{"uv":[0.5,2,4.5,5],"texture":"#texture"},"south":{"uv":[4.5,2,0.5,5],"texture":"#texture"},"west":{"uv":[12,10,13,13],"texture":"#texture"},"east":{"uv":[12,10,13,13],"texture":"#texture"}}},{"from":[18,12,4],"to":[22,13,7],"faces":{"down":{"uv":[4.5,2,0.5,5],"texture":"#texture"},"up":{"uv":[4.5,2,0.5,5],"texture":"#texture"},"north":{"uv":[0.5,3,4.5,4],"texture":"#texture"},"south":{"uv":[4.5,3,0.5,4],"texture":"#texture"},"west":{"uv":[11,11,14,12],"texture":"#texture"},"east":{"uv":[11,11,14,12],"texture":"#texture"}}},{"from":[6.5,8.875,7.6875],"to":[16,9.3125,9.0625],"rotation":{"origin":[6.5,9.3125,7.6875],"axis":"x","angle":-45},"faces":{"down":{"uv":[16,0,6.5,1],"texture":"#texture"},"up":{"uv":[16,0,6.5,1],"texture":"#texture"},"north":{"uv":[11,0.5,12,0.875],"texture":"#texture"},"south":{"uv":[11,0.5,12,0.875],"texture":"#texture"},"west":{"uv":[14.5,8,15,8.5],"texture":"#texture"},"east":{"uv":[14.5,8,15,8.5],"texture":"#texture"}}},{"from":[6.5,15.625,8],"to":[16,16,9.375],"rotation":{"origin":[6.5,16,8],"axis":"x","angle":45},"faces":{"down":{"uv":[16,0,6.5,1],"texture":"#texture"},"up":{"uv":[16,0,6.5,1],"texture":"#texture"},"north":{"uv":[11,0.5,12,0.875],"texture":"#texture"},"south":{"uv":[11,0.5,12,0.875],"texture":"#texture"},"west":{"uv":[9.5,8.5,10,9],"texture":"#texture"},"east":{"uv":[9.5,8.5,10,9],"texture":"#texture"}}},{"from":[6.5,9.875,2.25],"to":[16,10.25,3.625],"rotation":{"origin":[6.5,10.25,2.25],"axis":"x","angle":45},"faces":{"down":{"uv":[16,0,6.5,1],"texture":"#texture"},"up":{"uv":[16,0,6.5,1],"texture":"#texture"},"north":{"uv":[11,0.5,12,0.875],"texture":"#texture"},"south":{"uv":[11,0.5,12,0.875],"texture":"#texture"},"west":{"uv":[9.5,8.5,10,9],"texture":"#texture"},"east":{"uv":[9.5,8.5,10,9],"texture":"#texture"}}},{"from":[6.5,14.625,2],"to":[16,15,3.375],"rotation":{"origin":[6.5,15,2],"axis":"x","angle":-45},"faces":{"down":{"uv":[16,0,6.5,1],"texture":"#texture"},"up":{"uv":[16,0,6.5,1],"texture":"#texture"},"north":{"uv":[11,0.5,12,0.875],"texture":"#texture"},"south":{"uv":[11,0.5,12,0.875],"texture":"#texture"},"west":{"uv":[15,8.5,15.5,9],"texture":"#texture"},"east":{"uv":[15,8.5,15.5,9],"texture":"#texture"}}}],"display":{"thirdperson":{"rotation":[0,90,0],"translation":[0.9,-0.9,-5.4],"scale":[0.7,0.7,0.7]},"firstperson":{"rotation":[4,-26,77],"translation":[-1.2,6.5,2.6],"scale":[1,1,1]},"gui":{"rotation":[-30,135,-45],"translation":[1.1,-2.2,0.6],"scale":[1,1,1]}}}