{
"__comment": "Designed by Hypixel with BDcraft Cubik PRO 0.95 Beta - http://bdcraft.net",
"textures": {
    "particle": "items/frying_pan",
    "texture": "items/frying_pan"
},
"elements": [ 
{
    "from": [ 0, 0, 0 ],
    "to": [ 8, 0.5, 8 ],
    "faces": {
        "down":  { "uv": [ 16, 8, 8, 0 ], "texture": "#texture" },
        "up":    { "uv": [ 0, 0, 8, 8 ], "texture": "#texture" },
        "north": { "uv": [ 8, 0, 16, 0.5 ], "texture": "#texture" },
        "south": { "uv": [ 0, 7.5, 8, 8 ], "texture": "#texture" },
        "west":  { "uv": [ 0, 0, 8, 0.5 ], "texture": "#texture" },
        "east":  { "uv": [ 0, 7.5, 8, 8 ], "texture": "#texture" }
    }
},
{
    "from": [ 8, 0, 0 ],
    "to": [ 16, 0.5, 8 ],
    "faces": {
        "down":  { "uv": [ 16, 8, 8, 0 ], "rotation": 270, "texture": "#texture" },
        "up":    { "uv": [ 8, 0, 16, 8 ], "texture": "#texture" },
        "north": { "uv": [ 0, 0, 8, 0.5 ], "texture": "#texture" },
        "south": { "uv": [ 8, 7.5, 16, 8 ], "texture": "#texture" },
        "west":  { "uv": [ 8, 7.5, 16, 8 ], "texture": "#texture" },
        "east":  { "uv": [ 8, 0, 16, 0.5 ], "texture": "#texture" }
    }
},
{
    "from": [ 8, 0, 8 ],
    "to": [ 16, 0.5, 16 ],
    "faces": {
        "down":  { "uv": [ 16, 8, 8, 0 ], "rotation": 180, "texture": "#texture" },
        "up":    { "uv": [ 0, 0, 8, 8 ], "rotation": 180, "texture": "#texture" },
        "north": { "uv": [ 0, 0, 8, 0.5 ], "texture": "#texture" },
        "south": { "uv": [ 8, 0, 16, 0.5 ], "texture": "#texture" },
        "west":  { "uv": [ 8, 7.5, 16, 8 ], "texture": "#texture" },
        "east":  { "uv": [ 0, 0, 8, 0.5 ], "texture": "#texture" }
    }
},
{
    "from": [ 0, 0, 8 ],
    "to": [ 8, 0.5, 16 ],
    "faces": {
        "down":  { "uv": [ 16, 8, 8, 0 ], "rotation": 90, "texture": "#texture" },
        "up":    { "uv": [ 8, 0, 16, 8 ], "rotation": 180, "texture": "#texture" },
        "north": { "uv": [ 8, 7.5, 16, 8 ], "texture": "#texture" },
        "south": { "uv": [ 0, 0, 8, 0.5 ], "texture": "#texture" },
        "west":  { "uv": [ 8, 0, 16, 0.5 ], "texture": "#texture" },
        "east":  { "uv": [ 8, 7.5, 16, 8 ], "texture": "#texture" }
    }
},
{
    "from": [ 0, 0, 4.5 ],
    "to": [ 0.5, 2, 11.5 ],
    "faces": {
        "down":  { "uv": [ 2.5, 15.5, 3, 16 ], "texture": "#texture" },
        "up":    { "uv": [ 2.5, 14, 3, 14.5 ], "texture": "#texture" },
        "north": { "uv": [ 1.5, 14, 2, 16 ], "texture": "#texture" },
        "south": { "uv": [ 1.5, 14, 2, 16 ], "texture": "#texture" },
        "west":  { "uv": [ 1.5, 14, 8.5, 16 ], "texture": "#texture" },
        "east":  { "uv": [ 1.5, 14, 8.5, 16 ], "texture": "#texture" }
    }
},
{
    "from": [ 0, 0, 11.5 ],
    "to": [ 0.5, 2, 18 ],
    "rotation": { "origin": [ 0, 0, 11.5 ], "axis": "y", "angle": 45 },
    "faces": {
        "down":  { "uv": [ 2.5, 15.5, 3, 16 ], "texture": "#texture" },
        "up":    { "uv": [ 2.5, 14, 3, 14.5 ], "texture": "#texture" },
        "north": { "uv": [ 1.5, 14, 2, 16 ], "texture": "#texture" },
        "south": { "uv": [ 1.5, 14, 2, 16 ], "texture": "#texture" },
        "west":  { "uv": [ 1.5, 14, 8.5, 16 ], "texture": "#texture" },
        "east":  { "uv": [ 1.5, 14, 8.5, 16 ], "texture": "#texture" }
    }
},
{
    "from": [ 11.1875, 0, 0.3125 ],
    "to": [ 11.6875, 2, 6.8125 ],
    "rotation": { "origin": [ 11.1875, 0, 0.3125 ], "axis": "y", "angle": 45 },
    "faces": {
        "down":  { "uv": [ 2.5, 15.5, 3, 16 ], "texture": "#texture" },
        "up":    { "uv": [ 2.5, 14, 3, 14.5 ], "texture": "#texture" },
        "north": { "uv": [ 1.5, 14, 2, 16 ], "texture": "#texture" },
        "south": { "uv": [ 1.5, 14, 2, 16 ], "texture": "#texture" },
        "west":  { "uv": [ 1.5, 14, 8.5, 16 ], "texture": "#texture" },
        "east":  { "uv": [ 1.5, 14, 8.5, 16 ], "texture": "#texture" }
    }
},
{
    "from": [ 15.625, 0, 4.5625 ],
    "to": [ 16.125, 2, 11.5625 ],
    "faces": {
        "down":  { "uv": [ 2.5, 15.5, 3, 16 ], "texture": "#texture" },
        "up":    { "uv": [ 2.5, 14, 3, 14.5 ], "texture": "#texture" },
        "north": { "uv": [ 1.5, 14, 2, 16 ], "texture": "#texture" },
        "south": { "uv": [ 1.5, 14, 2, 16 ], "texture": "#texture" },
        "west":  { "uv": [ 1.5, 14, 8.5, 16 ], "texture": "#texture" },
        "east":  { "uv": [ 1.5, 14, 8.5, 16 ], "texture": "#texture" }
    }
},
{
    "from": [ 4.5, 0, 0 ],
    "to": [ 5.125, 2, 6.375 ],
    "rotation": { "origin": [ 4.5, 0, 0 ], "axis": "y", "angle": -45 },
    "faces": {
        "down":  { "uv": [ 2.5, 15.5, 3, 16 ], "texture": "#texture" },
        "up":    { "uv": [ 2.5, 14, 3, 14.5 ], "texture": "#texture" },
        "north": { "uv": [ 1.5, 14, 2, 16 ], "texture": "#texture" },
        "south": { "uv": [ 1.5, 14, 2, 16 ], "texture": "#texture" },
        "west":  { "uv": [ 1.5, 14, 8.5, 16 ], "texture": "#texture" },
        "east":  { "uv": [ 1.5, 14, 8.5, 16 ], "texture": "#texture" }
    }
},
{
    "from": [ 15.6875, 0, 11.125 ],
    "to": [ 16.3125, 2, 17.5 ],
    "rotation": { "origin": [ 15.6875, 0, 11.125 ], "axis": "y", "angle": -45 },
    "faces": {
        "down":  { "uv": [ 2.5, 15.5, 3, 16 ], "texture": "#texture" },
        "up":    { "uv": [ 2.5, 14, 3, 14.5 ], "texture": "#texture" },
        "north": { "uv": [ 1.5, 14, 2, 16 ], "texture": "#texture" },
        "south": { "uv": [ 1.5, 14, 2, 16 ], "texture": "#texture" },
        "west":  { "uv": [ 1.5, 14, 8.5, 16 ], "texture": "#texture" },
        "east":  { "uv": [ 1.5, 14, 8.5, 16 ], "texture": "#texture" }
    }
},
{
    "from": [ 4.5, 0, 0 ],
    "to": [ 11.5, 2, 0.5 ],
    "faces": {
        "down":  { "uv": [ 1.5, 15.5, 8.5, 16 ], "texture": "#texture" },
        "up":    { "uv": [ 1.5, 14, 8.5, 14.5 ], "texture": "#texture" },
        "north": { "uv": [ 1.5, 14, 8.5, 16 ], "texture": "#texture" },
        "south": { "uv": [ 1.5, 14, 8.5, 16 ], "texture": "#texture" },
        "west":  { "uv": [ 1.5, 14, 2, 16 ], "texture": "#texture" },
        "east":  { "uv": [ 1.5, 14, 2, 16 ], "texture": "#texture" }
    }
},
{
    "from": [ 4.625, 0, 15.5625 ],
    "to": [ 11.625, 2, 16.0625 ],
    "faces": {
        "down":  { "uv": [ 1.5, 15.5, 8.5, 16 ], "texture": "#texture" },
        "up":    { "uv": [ 1.5, 14, 8.5, 14.5 ], "texture": "#texture" },
        "north": { "uv": [ 1.5, 14, 8.5, 16 ], "texture": "#texture" },
        "south": { "uv": [ 1.5, 14, 8.5, 16 ], "texture": "#texture" },
        "west":  { "uv": [ 1.5, 14, 2, 16 ], "texture": "#texture" },
        "east":  { "uv": [ 1.5, 14, 2, 16 ], "texture": "#texture" }
    }
},
{
    "from": [ 6.75, 0, -8 ],
    "to": [ 9.25, 2.5, -1 ],
    "faces": {
        "down":  { "uv": [ 8.5, 13.5, 15.5, 16 ], "rotation": 90, "texture": "#texture" },
        "up":    { "uv": [ 8.5, 13.5, 15.5, 16 ], "rotation": 90, "texture": "#texture" },
        "north": { "uv": [ 11, 13.5, 13.5, 16 ], "texture": "#texture" },
        "south": { "uv": [ 11, 13.5, 13.5, 16 ], "texture": "#texture" },
        "west":  { "uv": [ 8.5, 13.5, 15.5, 16 ], "texture": "#texture" },
        "east":  { "uv": [ 8.5, 13.5, 15.5, 16 ], "texture": "#texture" }
    }
},
{
    "from": [ 7.25, 0.5, -1.5 ],
    "to": [ 8.75, 2, 0 ],
    "faces": {
        "down":  { "uv": [ 0, 15.5, 1.5, 16 ], "texture": "#texture" },
        "up":    { "uv": [ 0, 14.5, 1.5, 15 ], "texture": "#texture" },
        "north": { "uv": [ 0, 14.5, 0.5, 16 ], "texture": "#texture" },
        "south": { "uv": [ 1, 14.5, 1.5, 16 ], "texture": "#texture" },
        "west":  { "uv": [ 0, 14.5, 1.5, 16 ], "texture": "#texture" },
        "east":  { "uv": [ 0, 14.5, 1.5, 16 ], "texture": "#texture" }
    }
},
{
    "from": [ 7.25, 0.5, -8.5 ],
    "to": [ 8.75, 2, -7 ],
    "faces": {
        "down":  { "uv": [ 0, 15.5, 1.5, 16 ], "texture": "#texture" },
        "up":    { "uv": [ 0, 14.5, 1.5, 15 ], "texture": "#texture" },
        "north": { "uv": [ 0, 14.5, 0.5, 16 ], "texture": "#texture" },
        "south": { "uv": [ 1, 14.5, 1.5, 16 ], "texture": "#texture" },
        "west":  { "uv": [ 0, 14.5, 1.5, 16 ], "texture": "#texture" },
        "east":  { "uv": [ 0, 14.5, 1.5, 16 ], "texture": "#texture" }
    }
},
{
    "from": [ 5, 0.6875, 3 ],
    "to": [ 11.5, 0.75, 13.5 ],
    "faces": {
        "down":  { "uv": [ 11, 8, 0, 13.5 ], "rotation": 90, "texture": "#texture" },
        "up":    { "uv": [ 0, 8, 11, 13.5 ], "rotation": 90, "texture": "#texture" }
    }
}
],
"display": {
    "thirdperson": {
        "rotation": [ -4, 180, -133 ],
        "translation": [ -2.2, -0.9, -6.4 ],
        "scale": [ 1, 1, 1 ]
    },
    "firstperson": {
        "rotation": [ -105, -180, -21 ],
        "translation": [ 0.5, 6.1, 7.6 ],
        "scale": [ 1.5, 1.5, 1.5 ]
    },
    "gui": {
        "rotation": [ 47, 48, -72 ],
        "translation": [ 0, -0.5, 0 ],
        "scale": [ 1, 1, -1 ]
    }
}
}